movie_code,week,sales,audience,screens
1000001,1,3004762990,368582,8463
1000002,1,4708879000,682701,6147
1000003,1,4682804560,467483,12159
1000004,1,1884428072,203813,8392
1000005,1,2984150800,406365,6818
1000006,1,3091398151,330118,7535
1000007,1,1356869800,184756,4444
1000008,1,6767814812,821466,15674
1000009,1,3129197200,414219,5096
1000010,1,6250068876,740844,12719
1000011,1,9684810000,1246603,9825
1000012,1,3593111500,477541,6245
1000013,1,5116354700,698088,7068
1000014,1,6562420000,872673,8831
1000015,1,4579290500,568092,8262
1000016,1,3172131090,489996,6827
1000017,1,3954268800,526680,6782
1000018,1,3279668746,386161,10631
1000019,1,4804710928,497498,13450
1000020,1,2111228540,216237,10151
1000021,1,3549081870,450171,8730
1000022,1,2021392600,273445,3970
1000023,1,1145130100,151845,4126
1000024,1,978767500,142843,2672
1000025,1,2131489500,287228,5479
1000026,1,1493451100,203173,4923
1000027,1,1973650400,331736,
1000028,1,2944795900,392856,6617
1000029,1,2833570300,379079,3900
1000030,1,1756744300,230949,4418
1000031,1,1595475900,214065,4520
1000032,1,1377207900,164399,2395
1000033,1,2356899900,310042,4815
1000034,1,2922521800,464460,4702
1000035,1,6109565800,972161,10182
1000036,1,2572699638,318084,9141
1000037,1,1876614700,250237,6108
1000038,1,977031400,122859,4772
1000039,1,1011947000,153400,3147
1000040,1,2040760124,216769,7748
1000041,1,2078483503,210790,6984
1000042,1,1658691350,274118,4950
1000043,1,1980965300,267112,3458
1000044,1,2252747600,308298,5954
1000045,1,2197763200,288966,5364
1000046,1,3378735600,376530,5133
1000047,1,2936013385,373859,8735
1000048,1,2638788700,333316,3835
1000049,1,1454751000,191090,4657
1000050,1,2048853040,252058,7286
1000051,1,2641100940,333867,5801
1000052,1,1970875550,244335,5788
1000053,1,2838086980,344910,9907
1000054,1,2148854707,230978,6787
1000055,1,1138891200,154652,4777
1000056,1,1711379500,236952,5247
1000057,1,2200581820,290024,4701
1000058,1,893105310,126670,6909
1000059,1,2931807740,353000,11822
1000060,1,960455022,101581,5974
1000061,1,987677013,105398,5105
1000062,1,1533302500,201749,3208
1000063,1,1564888600,213172,
1000064,1,729875080,81673,3335
1000065,1,3669119900,444585,5284
1000066,1,1800650600,301330,5726
1000067,1,1105980170,138761,6970
1000068,1,1933393300,287855,4654
1000069,1,1444258970,175397,5187
1000070,1,1369138680,165833,
1000071,1,1390445200,181459,3506
1000072,1,1843357430,233340,8343
1000073,1,964523300,126797,3491
1000074,1,962008400,158174,2138
1000075,1,7585400,1010,144
1000076,1,738666200,121990,3793
1000077,1,590812000,79698,3216
1000078,1,2043182700,235184,4887
1000079,1,3571756130,381521,10143
1000080,1,634048900,87136,5100
1000081,1,1152655840,145572,4912
1000082,1,1028664438,112667,6090
1000083,1,1257773300,168336,4234
1000084,1,984040250,122458,4853
1000085,1,794659400,99411,3456
1000086,1,981625100,151161,4212
1000087,1,574152500,75882,
1000088,1,1380352500,181737,3979
1000089,1,713159400,105838,3132
1000090,1,3195156400,368981,3539
1000091,1,1256715400,198365,3501
1000092,1,1358146010,147297,6136
1000093,1,1070193300,143580,4340
1000094,1,1696710861,171979,3830
1000095,1,682198900,89772,4276
1000096,1,3328085755,336736,7374
1000097,1,890600310,111652,4684
1000098,1,1707833700,206706,2682
1000099,1,636472740,81509,4620
1000100,1,2907847000,475482,5731
1000101,1,633381650,81424,3833
1000102,1,1177376000,157669,3503
1000103,1,1438049010,184517,5881
1000104,1,2064901000,274404,3226
1000105,1,591126790,59736,3678
1000106,1,1062967600,142796,5972
1000107,1,943860670,114589,5512
1000108,1,2693258790,332290,5768
1000109,1,916887400,121122,3577
1000110,1,1142103781,144201,6536
1000111,1,1401876520,176063,5907
1000112,1,1184873200,201987,4191
1000113,1,1184775700,152329,2816
1000114,1,998963192,104795,5986
1000115,1,862812600,114540,3816
1000116,1,646188400,81031,3889
1000117,1,733983300,122543,2994
1000118,1,968188796,99928,5581
1000119,1,653691400,88406,2935
1000120,1,521132610,66952,3689
1000121,1,886118900,147537,4502
1000122,1,688757700,85238,2576
1000123,1,2045376200,250106,5300
1000124,1,558578398,61242,4709
1000125,1,1023319200,136701,3393
1000126,1,,,
1000127,1,1606963118,158155,8507
1000128,1,1311296000,204066,7223
1000129,1,913705410,97352,4992
1000130,1,817343910,97117,3089
1000131,1,1520316950,253727,5362
1000132,1,1032903000,133838,2798
1000133,1,437255920,67610,3957
1000134,1,1415021820,222088,9282
1000135,1,586213900,78816,2743
1000136,1,697196500,98730,2212
1000137,1,413284520,47333,4491
1000138,1,1365529550,219234,4601
1000139,1,296315120,37412,5869
1000140,1,639864680,73064,6235
1000141,1,735086507,79435,
1000142,1,891171979,94495,5147
1000143,1,600962410,74718,3434
1000144,1,713911500,96139,3918
1000145,1,941928500,128396,4005
1000146,1,1198935925,122202,2226
1000147,1,785867900,107854,3511
1000148,1,1238347750,156629,6237
1000149,1,2358170340,380092,6140
1000150,1,872359420,109879,5290
1000151,1,959146850,122978,4323
1000152,1,640011200,108463,4670
1000153,1,1398673680,146206,7085
1000154,1,713374350,92461,6731
1000155,1,721519700,97241,3328
1000156,1,715087300,99364,2980
1000157,1,776978000,102502,3669
1000158,1,623852500,90899,2077
1000159,1,779250900,131350,4188
1000160,1,1031612550,133028,3019
1000161,1,1019572872,106881,3179
1000162,1,385691900,54153,2313
1000163,1,1046098500,157026,2641
1000164,1,746500200,100941,3426
1000165,1,621749000,82893,2939
1000166,1,1234112400,161564,3653
1000167,1,671799900,89092,2742
1000168,1,889037240,111778,5613
1000169,1,492605851,57473,2671
1000170,1,1323933200,174011,3587
1000171,1,786075850,96638,5915
1000172,1,359432057,45220,4845
1000173,1,743657273,93416,4955
1000174,1,438121700,57161,3386
1000175,1,561258200,97245,3266
1000176,1,1114329400,186007,5445
1000177,1,1060297900,175057,4103
1000178,1,918972900,121834,2755
1000179,1,1027952800,173513,4549
1000180,1,849838670,108280,5244
1000181,1,428802330,55320,3900
1000182,1,555899700,75630,3141
1000183,1,357545220,45516,3735
1000184,1,1129299008,121999,4684
1000185,1,543427900,73305,2506
1000186,1,1295199400,155917,3304
1000187,1,712977000,95534,3677
1000188,1,607453440,77448,3704
1000189,1,482584829,60274,4840
1000190,1,1101385100,139965,3892
1000191,1,677051000,92278,3559
1000192,1,977691042,127677,4787
1000193,1,950490120,117538,4808
1000194,1,493726190,55698,4488
1000195,1,582488900,77978,
1000196,1,542616800,75112,2898
1000197,1,634028200,83605,3057
1000198,1,819369900,139198,2903
1000199,1,139569700,19124,1084
1000200,1,651885615,68531,3917
1000201,1,716393200,98673,3171
1000202,1,323237000,42192,2067
1000203,1,375613800,53241,3079
1000204,1,659208600,89466,2839
1000205,1,1282600530,129937,4539
1000206,1,577070465,72873,5811
1000207,1,499115310,52696,2880
1000208,1,594482700,97168,2354
1000209,1,571183100,78467,4150
1000210,1,508099990,65484,4732
1000211,1,1187248450,151261,6598
1000212,1,189347880,23047,3068
1000213,1,480974200,66643,2217
1000214,1,216150500,29603,3137
1000215,1,713315600,95271,3800
1000216,1,1617241600,264711,6347
1000217,1,339418710,37142,3976
1000218,1,1870660015,188818,4482
1000219,1,551479100,73635,2684
1000220,1,404203300,56370,1645
1000221,1,60128300,7812,330
1000222,1,352683650,43690,4604
1000223,1,362001290,47027,4546
1000224,1,448389600,62171,2569
1000225,1,171126580,22805,907
1000226,1,1692595700,274510,4503
1000227,1,618816400,80774,2492
1000228,1,400603149,41498,3922
1000229,1,968450342,100184,4983
1000230,1,625179697,64914,3875
1000231,1,584559330,64050,4416
1000232,1,261132380,30999,4009
1000233,1,302917360,32889,4117
1000234,1,545910500,73132,2540
1000235,1,701819263,78391,4463
1000236,1,410200,56,21
1000237,1,1145177500,162242,1740
1000238,1,503920900,63660,4613
1000239,1,1056941500,144967,2296
1000240,1,843052500,131795,3691
1000241,1,800909400,136240,3532
1000242,1,143674000,20700,701
1000243,1,828912900,108567,2171
1000244,1,251967520,32184,3745
1000245,1,839276950,105255,6519
1000246,1,258030910,34635,1072
1000247,1,252358900,33686,2551
1000248,1,383226540,42429,4714
1000249,1,175564100,21887,2141
1000250,1,113249440,16260,935
1000251,1,743469867,82871,5090
1000252,1,690142700,101033,2646
1000253,1,401253500,58083,2748
1000254,1,767149112,96035,5096
1000255,1,635247390,77962,4829
1000256,1,446883400,61508,2516
1000257,1,678028690,88302,6095
1000258,1,322557500,41956,2292
1000259,1,662099850,83073,3326
1000260,1,404009860,42859,4818
1000261,1,511107000,67607,2854
1000262,1,650958700,108735,3514
1000263,1,344166220,45094,2732
1000264,1,244461600,33396,2092
1000265,1,716437430,75550,5364
1000266,1,333649506,37052,2349
1000267,1,961451300,161021,
1000268,1,890817460,89286,4746
1000269,1,1020588600,121991,2497
1000270,1,11000,5,5
1000271,1,425765780,49583,4455
1000272,1,788193774,78995,4935
1000273,1,354687300,59737,2558
1000274,1,483123800,64516,3626
1000275,1,539797418,56742,3608
1000276,1,308866100,39397,1150
1000277,1,349709600,47432,2120
1000278,1,962388410,124067,6076
1000279,1,446362600,54088,2837
1000280,1,706255000,115456,2437
1000281,1,202041420,27938,1130
1000282,1,321831967,36258,2786
1000283,1,367503500,54251,2024
1000284,1,323242370,53451,2675
1000285,1,566976530,85855,4311
1000286,1,352468520,48839,1526
1000287,1,356030000,48348,2327
1000288,1,358068553,38864,3612
1000289,1,1234641300,154579,1323
1000290,1,369414150,40701,1352
1000291,1,327370790,37070,3770
1000292,1,499372600,67380,
1000293,1,80562429,8166,731
1000294,1,269220500,35936,1901
1000295,1,220939760,26010,3051
1000296,1,452519200,56757,3993
1000297,1,376885807,47430,4419
1000298,1,737244400,124688,3361
1000299,1,520694500,71077,4004
1000300,1,336347900,43149,3298
1000301,1,420845300,57510,2581
1000302,1,429188850,54297,3131
1000303,1,289592589,30547,3090
1000304,1,318157530,35247,4618
1000305,1,307037134,38060,3533
1000306,1,403563166,51973,3423
1000307,1,1192611300,163644,1856
1000308,1,233197720,35607,4068
1000309,1,463897100,61795,2569
1000310,1,505016600,67072,2681
1000311,1,317958271,33542,1477
1000312,1,191800410,29855,3154
1000313,1,405289290,45153,5086
1000314,1,206218900,28793,1813
1000315,1,102407500,16506,783
1000316,1,289651980,35807,3589
1000317,1,190736700,24638,920
1000318,1,72565683,9278,803
1000319,1,309466700,52321,2607
1000320,1,192488610,20706,2712
1000321,1,189489500,27304,653
1000322,1,482064700,63347,2317
1000323,1,335132900,43694,2359
1000324,1,257508580,35839,2857
1000325,1,593991700,79801,2679
1000326,1,887028600,146965,
1000327,1,353043000,46567,1842
1000328,1,355845700,59907,2591
1000329,1,305148800,53333,2376
1000330,1,72168900,10545,611
1000331,1,171843500,26870,895
1000332,1,331691500,50014,2281
1000333,1,290070400,38128,1784
1000334,1,171065477,22317,1353
1000335,1,325912000,32857,2478
1000336,1,405005750,57616,1581
1000337,1,,,
1000338,1,136054830,18236,2870
1000339,1,224902850,34877,3900
1000340,1,340470347,42670,3703
1000341,1,248145500,35583,2604
1000342,1,261981600,37015,2838
1000343,1,887162760,109242,1960
1000344,1,218862300,34334,1842
1000345,1,319668700,44469,3091
1000346,1,231325864,27676,2983
1000347,1,391282000,60407,2191
1000348,1,686422300,84068,1921
1000349,1,170258510,22057,3803
1000350,1,405288500,53657,2406
1000351,1,110483800,13936,753
1000352,1,308997600,35078,3076
1000353,1,395873500,65584,2402
1000354,1,407772400,55985,2762
1000355,1,616136000,76800,698
1000356,1,388323000,46362,3227
1000357,1,365671600,49585,2060
1000358,1,270250900,35140,1847
1000359,1,334212300,44941,1942
1000360,1,257451300,44340,2617
1000361,1,359864000,49100,3808
1000362,1,290092301,31843,3443
1000363,1,188405540,23357,2499
1000364,1,286778116,36639,3133
1000365,1,246363000,32598,2767
1000366,1,195502700,26180,1673
1000367,1,362417093,39555,3251
1000368,1,373257370,47391,2631
1000369,1,124011100,17766,1760
1000370,1,506266948,56016,2620
1000371,1,204296220,25929,3049
1000372,1,225040600,27048,958
1000373,1,205311000,32837,943
1000374,1,251304150,28097,2241
1000375,1,270162120,33072,3059
1000376,1,290767700,49216,2372
1000377,1,181494964,20239,2581
1000378,1,299015180,38356,2362
1000379,1,55377755,6167,599
1000380,1,228534280,26557,2671
1000381,1,63550000,9112,544
1000382,1,360660921,44056,2583
1000383,1,17444600,2578,230
1000384,1,250255800,32277,1200
1000385,1,333932400,42736,2741
1000386,1,404585600,53485,2334
1000387,1,34480700,4097,298
1000388,1,505635600,56855,1216
1000389,1,371690200,50553,3110
1000390,1,187375530,22214,2927
1000391,1,261562900,32805,1636
1000392,1,415906100,45957,3328
1000393,1,198759993,21108,3596
1000394,1,180031700,24326,1933
1000395,1,373426620,39108,1656
1000396,1,612798450,66686,1679
1000397,1,181680800,24259,1531
1000398,1,125905400,16462,1452
1000399,1,176092600,21128,643
1000400,1,181029000,5231,145
1000401,1,277639640,32680,2550
1000402,1,210198300,27887,1504
1000403,1,182300920,19449,3637
1000404,1,162200,56,7
1000405,1,347464800,56244,1702
1000406,1,169077420,21262,2838
1000407,1,106312600,13085,2056
1000408,1,197573209,22025,3267
1000409,1,358848190,58443,2455
1000410,1,36949099,4592,436
1000411,1,222873850,27175,2892
1000412,1,176641590,21021,2661
1000413,1,135924400,18744,1342
1000414,1,300607420,35365,571
1000415,1,190901730,28542,2948
1000416,1,139539100,18781,1470
1000417,1,124654960,13434,2526
1000418,1,212052350,26734,2585
1000419,1,121532400,15307,915
1000420,1,259362050,43408,2278
1000421,1,90017700,13267,1149
1000422,1,158499600,26847,1993
1000423,1,409597801,40235,1559
1000424,1,578500,70,3
1000425,1,153116700,18797,2267
1000426,1,119610810,18122,2375
1000427,1,57482404,6930,374
1000428,1,90052300,13283,1140
1000429,1,110945200,14281,964
1000430,1,156722400,21892,1763
1000431,1,23896700,3199,299
1000432,1,160863300,21742,1956
1000433,1,146675500,20553,1638
1000434,1,22495600,3017,196
1000435,1,194232300,31078,1043
1000436,1,60199070,11617,954
1000437,1,54728170,6669,708
1000438,1,179060146,20564,1547
1000439,1,201933900,26887,1596
1000440,1,201306600,26180,1462
1000441,1,296657500,11867,380
1000442,1,47239113,5429,418
1000443,1,143614500,24402,1792
1000444,1,116057900,15518,1657
1000445,1,123799373,12790,1222
1000446,1,168215100,21790,981
1000447,1,137731510,20586,2367
1000448,1,43983200,6768,545
1000449,1,868502890,97289,3876
1000450,1,122864260,15489,3088
1000451,1,271626360,30566,844
1000452,1,99872400,13118,1323
1000453,1,21184500,2955,359
1000454,1,65976430,7799,1774
1000455,1,100290680,15086,1929
1000456,1,89426200,13723,528
1000457,1,139658880,15711,2302
1000458,1,85906300,11085,1730
1000459,1,135560140,18923,1894
1000460,1,169268216,17601,1889
1000461,1,108193550,14535,798
1000462,1,85415460,10458,761
1000463,1,161582300,26333,1738
1000464,1,74638100,10379,1089
1000465,1,12047300,1735,278
1000466,1,110733670,14163,1562
1000467,1,66440400,9130,1687
1000468,1,87568120,11157,1408
1000469,1,145901900,20063,420
1000470,1,26676900,3528,71
1000471,1,57128800,6261,96
1000472,1,70504960,9110,1676
1000473,1,292000,34,2
1000474,1,124455434,14332,1444
1000475,1,172155462,21404,2867
1000476,1,38612893,4504,353
1000477,1,143789600,19255,916
1000478,1,93747800,12378,945
1000479,1,39953640,5318,463
1000480,1,82678160,8410,524
1000481,1,97311400,11477,901
1000482,1,,,
1000483,1,113785400,15373,1082
1000484,1,27236200,3353,340
1000485,1,90324800,12249,899
1000486,1,37523400,5192,774
1000487,1,14288400,2181,230
1000488,1,118860000,7464,544
1000489,1,17836700,2357,137
1000490,1,67623710,8425,483
1000491,1,54126900,6459,102
1000492,1,85061000,13912,1392
1000493,1,64820050,8181,1501
1000494,1,56316100,7666,1285
1000495,1,85149100,10849,329
1000496,1,61739700,8688,450
1000497,1,52287171,6618,
1000498,1,68634523,7583,1753
1000499,1,17551600,2513,229
1000500,1,46985900,5492,527
1000501,1,54017800,7539,
1000502,1,49236400,6765,70
1000503,1,,,
1000504,1,53470500,7489,1099
1000505,1,90004900,15214,1759
1000506,1,37292300,6142,935
1000507,1,41903400,5195,563
1000508,1,40129559,4586,588
1000509,1,63533900,7756,363
1000510,1,57885300,8010,940
1000511,1,58820100,8031,932
1000512,1,76960950,9499,1384
1000513,1,54368800,5931,294
1000514,1,19729000,2656,260
1000515,1,64972100,8922,647
1000516,1,28088200,4006,632
1000517,1,,,
1000518,1,53012600,7401,673
1000519,1,20962070,3787,
1000520,1,64448900,8589,1321
1000521,1,11653256,1189,84
1000522,1,36941700,5755,365
1000523,1,38131000,5451,796
1000524,1,9114300,1405,173
1000525,1,37439500,5296,1152
1000526,1,39471080,6246,898
1000527,1,4904900,562,193
1000528,1,27906691,4091,482
1000529,1,68163000,3093,186
1000530,1,21806500,3191,373
1000531,1,47652400,5881,567
1000532,1,21081300,2115,392
1000533,1,,,
1000534,1,23801700,3268,440
1000535,1,25910186,2877,472
1000536,1,26246000,6562,480
1000537,1,,,
1000538,1,19805900,2728,470
1000539,1,,,
1000540,1,45216000,3941,477
1000541,1,15027800,2034,225
1000542,1,15322797,1610,349
1000543,1,12903899,1711,300
1000544,1,11715000,1922,164
1000545,1,34471000,5422,
1000546,1,22834700,3679,289
1000547,1,3552500,546,123
1000548,1,,,
1000549,1,23064892,2506,158
1000550,1,,,
1000551,1,4504000,500,166
1000552,1,38406440,4644,403
1000553,1,8704500,1098,141
1000554,1,20010500,2693,341
1000555,1,15388600,1694,357
1000556,1,5289000,703,117
1000557,1,16110500,2179,441
1000558,1,7920000,528,30
1000559,1,17624910,1899,545
1000560,1,11645900,1433,100
1000561,1,12719900,1620,163
1000562,1,17439699,2013,226
1000563,1,18966139,2071,387
1000564,1,10583200,1679,132
1000565,1,9091000,905,45
1000566,1,15366000,2126,428
1000567,1,8479500,1024,59
1000568,1,,,
1000569,1,12497000,1894,470
1000570,1,4309100,523,81
1000571,1,,,
1000572,1,860000,150,20
1000573,1,6795000,917,143
1000574,1,12613000,742,11
1000575,1,10800000,1800,16
1000576,1,7684678,777,
1000577,1,4534000,770,28
1000578,1,3084000,625,24
1000579,1,15694800,1887,99
1000580,1,,,
1000581,1,8483000,780,68
1000582,1,10477900,1267,46
1000583,1,2068000,358,37
1000584,1,252000,42,1
1000585,1,3238500,547,50
1000586,1,12680000,1268,6
1000587,1,12204595,1456,279
1000588,1,7917520,896,230
1000589,1,5085500,793,200
1000590,1,6920200,998,130
1000591,1,9203800,1292,76
1000592,1,4627000,661,36
1000593,1,3664630,428,132
1000594,1,5210500,758,167
1000595,1,4201000,579,152
1000596,1,7666790,1100,267
1000597,1,3953500,539,69
1000598,1,5348467,632,73
1000599,1,7566100,947,65
1000600,1,1269500,159,20
1000601,1,3597770,423,110
1000602,1,611500,60,15
1000603,1,11036200,1382,53
1000604,1,11340900,1402,56
1000605,1,3694100,438,165
1000606,1,3037000,389,128
1000607,1,2956000,396,113
1000608,1,1193370,138,55
1000609,1,,,
1000610,1,2432770,361,78
1000611,1,6503560,999,54
1000612,1,2804900,383,25
1000613,1,6522050,1098,80
1000614,1,18124200,1332,12
1000615,1,4045000,321,10
1000616,1,3348900,346,59
1000617,1,8289500,883,64
1000618,1,2954910,469,37
1000619,1,,,
1000620,1,3173000,367,154
1000621,1,3173960,398,30
1000622,1,3002500,393,138
1000623,1,2791440,314,93
1000624,1,,,
1000625,1,,,
1000626,1,2796000,377,87
1000627,1,,,
1000628,1,441500,74,8
1000629,1,,,
1000630,1,5955600,454,9
1000631,1,2543440,410,21
1000632,1,4956500,538,71
1000633,1,,,
1000634,1,1821500,260,65
1000635,1,,,
1000636,1,4567000,873,21
1000637,1,2909000,194,15
1000638,1,,,
1000639,1,2951500,465,27
1000640,1,610100,81,35
1000641,1,1552000,259,20
1000642,1,805000,115,4
1000643,1,2095000,261,74
1000644,1,1729780,226,66
1000645,1,2162500,229,80
1000646,1,1650000,272,19
1000647,1,1713198,197,80
1000648,1,4146000,852,20
1000649,1,,,
1000650,1,1601800,269,38
1000651,1,1029300,101,41
1000652,1,481000,62,25
1000653,1,1453200,165,70
1000654,1,727500,99,27
1000655,1,,,
1000656,1,4146000,912,20
1000657,1,974000,174,60
1000658,1,243000,27,1
1000659,1,992200,102,26
1000660,1,1063500,71,16
1000662,1,830500,98,11
1000663,1,2326000,289,44
1000664,1,8419000,1729,50
1000665,1,5821000,1164,21
1000666,1,3415000,760,21
1000667,1,,,
1000668,1,64000,8,3
1000669,1,1411500,136,29
1000670,1,697000,131,4
1000671,1,253000,21,7
1000672,1,972500,136,30
1000673,1,1824000,330,20
1000674,1,2113000,436,20
1000675,1,362000,42,1
1000676,1,988000,76,1
1000677,1,4453000,1012,20
1000678,1,1889500,269,22
1000679,1,1281000,138,6
1000680,1,2500000,500,50
1000681,1,564500,62,24
1000682,1,134000,18,3
1000683,1,,,
1000684,1,1032700,177,18
1000685,1,272000,76,1
1000686,1,222500,24,14
1000687,1,2288000,442,20
1000688,1,1585000,299,19
1000001,2,2710335900,331924,8797
1000002,2,5243409900,705070,6258
1000003,2,3691412950,366223,12071
1000004,2,1665519348,179084,8339
1000005,2,2974413400,401449,6955
1000006,2,3656005238,374492,8253
1000007,2,1455888000,198552,4491
1000008,2,4480727569,473054,15346
1000009,2,3062333800,404907,5009
1000010,2,4567997674,470910,12629
1000011,2,8458786450,1078012,10079
1000012,2,3280771000,435039,6497
1000013,2,4825521000,651779,7293
1000014,2,5006286500,663365,9092
1000015,2,5893815975,667826,8806
1000016,2,3184867870,391904,7129
1000017,2,3496097100,466676,7359
1000018,2,2392971676,236941,10191
1000019,2,7298308092,755086,13928
1000020,2,2787855018,285121,10359
1000021,2,3651374520,424215,9106
1000022,2,1890503200,254862,3932
1000023,2,1063411600,141569,4157
1000024,2,947878000,138364,2740
1000025,2,1947281450,260642,5635
1000026,2,1405618800,190883,4733
1000027,2,1655660700,221304,
1000028,2,2616224500,347324,6615
1000029,2,2705343520,360239,3962
1000030,2,2321271547,283518,4638
1000031,2,2594401888,315620,4832
1000032,2,1737787900,206458,2464
1000033,2,3411461909,409661,5169
1000034,2,2635577800,354500,4803
1000035,2,4121166500,559467,10219
1000036,2,1809387727,189507,8946
1000037,2,1674687200,223381,6447
1000038,2,1020541800,133051,4795
1000039,2,1266801000,170284,3296
1000040,2,1581405882,170130,7529
1000041,2,1720865496,173395,6724
1000042,2,1373169850,170213,5005
1000043,2,1881699200,254034,3320
1000044,2,2042922400,277400,5700
1000045,2,1810239800,238039,5395
1000046,2,1318718300,161146,5241
1000047,2,2018366164,223746,8578
1000048,2,2351984800,293161,4329
1000049,2,2211539486,272689,4988
1000050,2,2774779700,334864,7588
1000051,2,2222870960,276819,5825
1000052,2,3998199020,442565,6188
1000053,2,2367497760,285470,9957
1000054,2,1569799134,167935,6636
1000055,2,1206239000,164931,4741
1000056,2,2318547610,288951,5455
1000057,2,1969080600,259971,4824
1000058,2,852977100,89824,6687
1000059,2,1870312540,223737,11846
1000060,2,633449261,66802,5516
1000061,2,773536691,83910,4830
1000062,2,1041255700,137708,3339
1000063,2,1641943500,224945,
1000064,2,739641400,82308,3435
1000065,2,4655991000,552722,5390
1000066,2,1411054550,181581,5709
1000067,2,1133875510,142021,7069
1000068,2,2686447900,359186,4828
1000069,2,1407617270,170543,5379
1000070,2,1407813290,170825,
1000071,2,1659580484,201477,3733
1000072,2,1092421530,136261,5272
1000073,2,856045100,112992,3455
1000074,2,982667700,134742,2224
1000075,2,8098000,998,156
1000076,2,770347800,94414,3980
1000077,2,840713400,107280,3271
1000078,2,740120400,92253,4809
1000079,2,8312204470,847790,9859
1000080,2,977151436,121355,5342
1000081,2,2460434860,285221,5191
1000082,2,736813734,80960,5899
1000083,2,1641165534,194224,4453
1000084,2,915333400,114367,4761
1000085,2,625037100,76677,3389
1000086,2,860554400,114294,4500
1000087,2,1009937600,136871,
1000088,2,1672712386,205567,4278
1000089,2,1161505800,154618,3110
1000090,2,1303703300,161783,3605
1000091,2,912146400,117945,3713
1000092,2,1125737220,120111,6150
1000093,2,1073134200,143225,4421
1000094,2,406751515,42901,3603
1000095,2,641685700,85399,4317
1000096,2,1993371360,207112,7351
1000097,2,971434620,122587,4638
1000098,2,1426211000,193863,2864
1000099,2,994961160,120703,4719
1000100,2,1745192570,233804,5802
1000101,2,669567010,85900,3339
1000102,2,1551046539,186738,3784
1000103,2,1165412830,144986,5725
1000104,2,3320757800,422784,3126
1000105,2,485332811,48835,3650
1000106,2,1269434076,155170,6140
1000107,2,609048570,63121,5186
1000108,2,3250734240,353878,6184
1000109,2,1005300000,133292,3664
1000110,2,1874529856,190367,7084
1000111,2,1665844800,188753,6057
1000112,2,1028040500,141299,4495
1000113,2,1002597100,128753,2847
1000114,2,650786476,67513,5821
1000115,2,1340394905,168889,4002
1000116,2,548431300,67737,3746
1000117,2,757165600,101930,3106
1000118,2,1918148660,198044,4932
1000119,2,1609109000,201045,3120
1000120,2,388040431,42686,3590
1000121,2,967897020,110763,4487
1000122,2,721582750,88860,2729
1000123,2,1516071150,185432,5300
1000124,2,460467922,50242,4579
1000125,2,890382380,120196,3403
1000126,2,,,
1000127,2,1181643860,115654,7700
1000128,2,1240607900,148991,7311
1000129,2,763862330,80268,4923
1000130,2,720853810,85377,2877
1000131,2,987808690,122748,4923
1000132,2,1170496100,153283,2900
1000133,2,848711840,97712,4532
1000134,2,1071915220,131226,9075
1000135,2,792506705,94985,3017
1000136,2,602538000,85593,2219
1000137,2,353700240,38082,4454
1000138,2,1053583900,130647,4550
1000139,2,312614590,41608,5622
1000140,2,544400960,62170,6122
1000141,2,527870488,56155,
1000142,2,603565349,64993,5047
1000143,2,883127033,100549,3661
1000144,2,878703128,110021,4016
1000145,2,783721700,107684,3534
1000146,2,378187840,40492,2227
1000147,2,1713291235,214023,3520
1000148,2,1778473760,204987,6399
1000149,2,1339744660,166793,5799
1000150,2,865006280,107837,5125
1000151,2,874480200,112469,3986
1000152,2,562468200,79824,4822
1000153,2,991011000,105629,6795
1000154,2,506383030,54893,6444
1000155,2,1029099504,133145,3517
1000156,2,459026300,63160,2898
1000157,2,588835200,78455,3519
1000158,2,673615900,88335,2272
1000159,2,1385057900,167097,4274
1000160,2,564562100,72339,3147
1000161,2,340153889,37054,3210
1000162,2,593708500,77528,2436
1000163,2,902059500,135915,2789
1000164,2,1053391476,130102,3632
1000165,2,1592160800,192319,2769
1000166,2,1566288200,183922,3626
1000167,2,806209900,107663,2777
1000168,2,722343760,89191,5545
1000169,2,300334877,35186,2602
1000170,2,1208458900,160139,3857
1000171,2,706106820,86466,5821
1000172,2,269334163,28562,4488
1000173,2,526716057,55621,4833
1000174,2,497039400,65087,2996
1000175,2,502241400,69328,3291
1000176,2,817411300,110872,5565
1000177,2,2095006200,254670,4228
1000178,2,1025701874,125554,2771
1000179,2,647532120,79110,4559
1000180,2,746989720,94364,5275
1000181,2,1373726440,157371,3847
1000182,2,755820187,92658,3203
1000183,2,341995800,43517,3537
1000184,2,882522666,94351,4345
1000185,2,662090414,80452,2595
1000186,2,321289700,42433,3178
1000187,2,1036065712,135974,4105
1000188,2,1386986740,162404,3344
1000189,2,871670929,89204,4981
1000190,2,499955400,62830,3921
1000191,2,681016300,93085,3613
1000192,2,586267505,62825,4717
1000193,2,735125880,90166,3951
1000194,2,361451850,39241,4361
1000195,2,836373655,101803,
1000196,2,736234575,96658,2998
1000197,2,762496310,92994,3140
1000198,2,660844000,89975,3061
1000199,2,195496900,26875,1122
1000200,2,642876335,68438,3902
1000201,2,1746930237,222079,3433
1000202,2,455948760,54666,2354
1000203,2,446727265,58574,3215
1000204,2,1277970484,160928,2800
1000205,2,758995840,75799,4457
1000206,2,420988171,43810,5483
1000207,2,262513560,29396,2705
1000208,2,516924300,68453,2518
1000209,2,646559917,84019,4163
1000210,2,410856010,43519,4642
1000211,2,892072470,113781,6088
1000212,2,340763640,39937,3258
1000213,2,648176600,84300,2396
1000214,2,221174000,31027,3137
1000215,2,687727400,91667,3776
1000216,2,763114000,101924,5998
1000217,2,219307390,24273,3656
1000218,2,434692768,47050,4024
1000219,2,630807800,84013,2687
1000220,2,639808302,84681,1518
1000221,2,68658600,7879,353
1000222,2,271914708,28428,4321
1000223,2,281877380,31093,4298
1000224,2,560341469,75401,2706
1000225,2,151305580,18709,939
1000226,2,795441000,101715,4270
1000227,2,729568040,88138,2626
1000228,2,288479677,29793,3582
1000229,2,1343834118,135934,4476
1000230,2,412913346,42867,3755
1000231,2,419993620,45201,4291
1000232,2,189590970,22525,3796
1000233,2,243588044,26650,3934
1000234,2,530966400,71574,2577
1000235,2,1266631528,134057,4204
1000236,2,445600,58,18
1000237,2,900793500,127108,1825
1000238,2,426906800,53923,4442
1000239,2,863345021,112763,2643
1000240,2,679783300,82912,3590
1000241,2,532286700,73171,3447
1000242,2,146235100,19255,829
1000243,2,1450430400,179740,2010
1000244,2,267399750,27278,3692
1000245,2,621997100,79106,6385
1000246,2,249708190,31027,1159
1000247,2,362948800,48354,2639
1000248,2,274291200,30191,3778
1000249,2,285873789,34098,2183
1000250,2,127026520,15951,927
1000251,2,1301950941,136228,4502
1000252,2,435588910,57791,2655
1000253,2,590352000,76470,2785
1000254,2,475067501,50923,4765
1000255,2,503421440,61184,4618
1000256,2,388249800,53531,2326
1000257,2,404977860,49349,5717
1000258,2,454048315,53965,2366
1000259,2,484228840,61340,3004
1000260,2,399445800,41409,4732
1000261,2,549634307,68328,2799
1000262,2,461530970,58906,3481
1000263,2,401875440,53135,2795
1000264,2,234205600,31745,2131
1000265,2,152515810,16997,4147
1000266,2,307448554,34130,2288
1000267,2,512203900,68190,
1000268,2,551723282,54906,4051
1000269,2,517424300,67165,2451
1000270,2,9000,4,4
1000271,2,458318580,48457,4572
1000272,2,480962576,48139,4718
1000273,2,327406900,45872,2565
1000274,2,629928896,80057,3649
1000275,2,509761805,54829,3690
1000276,2,393733600,51779,2040
1000277,2,384892400,48953,2155
1000278,2,405661552,45267,5433
1000279,2,555455952,60958,2776
1000280,2,765498794,104729,2469
1000281,2,122063010,16893,1164
1000282,2,487071490,51858,2579
1000283,2,410613302,56264,2029
1000284,2,334299980,40798,2665
1000285,2,770095890,89375,4852
1000286,2,229179520,28939,1428
1000287,2,404112945,53277,2361
1000288,2,265829362,28512,3444
1000289,2,107523050,15460,568
1000290,2,333880499,34855,1379
1000291,2,268414570,29834,3625
1000292,2,643276937,79801,
1000293,2,46311815,5077,627
1000294,2,321768945,40055,1968
1000295,2,203271050,23322,2984
1000296,2,305938115,33093,3631
1000297,2,270107731,28058,4202
1000298,2,395519700,52833,3275
1000299,2,422964800,60105,3738
1000300,2,309506700,40456,3098
1000301,2,493607624,60910,2661
1000302,2,404592600,51055,2867
1000303,2,231326420,24507,2971
1000304,2,229128520,24693,4282
1000305,2,241712363,25890,3350
1000306,2,270290155,30759,3122
1000307,2,299580800,35733,1813
1000308,2,204032710,24351,3844
1000309,2,484582655,59611,2648
1000310,2,716464163,87072,2510
1000311,2,194438353,20386,1515
1000312,2,189528990,21079,2977
1000313,2,346998470,36183,4809
1000314,2,310113124,39794,1848
1000315,2,203702800,28561,1583
1000316,2,338110400,37245,3802
1000317,2,372576900,50390,2105
1000318,2,56912195,7467,713
1000319,2,224924500,30475,2568
1000320,2,204634732,22095,2769
1000321,2,214087500,29139,697
1000322,2,454390900,55628,2314
1000323,2,537378100,62908,2072
1000324,2,257037760,35282,2514
1000325,2,771566398,96717,2410
1000326,2,419672400,57733,
1000327,2,393379193,49454,1882
1000328,2,264702100,37426,2489
1000329,2,222913700,30533,2309
1000330,2,83377500,11756,646
1000331,2,407373500,57727,1005
1000332,2,269502300,36257,2292
1000333,2,319473447,39276,1752
1000334,2,111411660,13127,1252
1000335,2,248930480,24836,2373
1000336,2,233759680,30253,1657
1000337,2,,,
1000338,2,124902640,15074,2783
1000339,2,132481180,15973,3348
1000340,2,415915890,42428,3486
1000341,2,343195434,43460,2617
1000342,2,410750152,55203,2958
1000343,2,399749280,48821,1568
1000344,2,186599300,25161,1762
1000345,2,395222256,51214,3010
1000346,2,203486814,23244,2885
1000347,2,292303300,40561,2162
1000348,2,187922200,25466,1952
1000349,2,144809540,18155,3576
1000350,2,438735700,55098,2454
1000351,2,398529500,47669,1683
1000352,2,205437160,23603,2745
1000353,2,265294500,35835,2275
1000354,2,375798200,52005,2792
1000355,2,384971100,41901,561
1000356,2,248960940,29099,3036
1000357,2,363279677,46596,2059
1000358,2,290990337,35249,1891
1000359,2,268551700,36355,1848
1000360,2,187733600,25879,2590
1000361,2,424223571,53819,3575
1000362,2,171768506,18248,3208
1000363,2,254530580,28818,2639
1000364,2,202869746,22075,2929
1000365,2,288503967,35538,2798
1000366,2,243368231,31504,1761
1000367,2,153535049,16698,2723
1000368,2,275466840,34751,2395
1000369,2,161498800,20919,1703
1000370,2,247327673,27490,2486
1000371,2,148323930,18893,2673
1000372,2,222722300,25735,922
1000373,2,176754700,23136,1023
1000374,2,235112690,25867,2267
1000375,2,237173250,29275,3106
1000376,2,236210600,34219,2333
1000377,2,100508671,10758,2293
1000378,2,278693670,30593,2261
1000379,2,41558300,4505,542
1000380,2,229936840,24207,2836
1000381,2,669422800,86334,1080
1000382,2,274889173,29548,2434
1000383,2,134608400,18013,373
1000384,2,322912800,39065,1300
1000385,2,284360000,36571,2123
1000386,2,372690283,44302,2323
1000387,2,34583900,3921,314
1000388,2,540083000,61369,1330
1000389,2,337641286,40934,3109
1000390,2,144930120,15924,2863
1000391,2,131454100,16640,1526
1000392,2,292582420,31032,2963
1000393,2,247966271,24457,3395
1000394,2,174698300,23785,1885
1000395,2,66308812,7600,1269
1000396,2,204752400,24845,1700
1000397,2,164758500,21911,1465
1000398,2,169544769,20694,1469
1000399,2,149575800,15214,672
1000400,2,80421500,2326,137
1000401,2,264783080,28495,2728
1000402,2,230222262,27744,1464
1000403,2,135997170,14160,3220
1000404,2,21000,5,2
1000405,2,158007800,22480,1466
1000406,2,130545170,16343,2459
1000407,2,92251770,11479,2053
1000408,2,155635616,16562,2994
1000409,2,223595560,27731,2372
1000410,2,187071216,20051,797
1000411,2,165600800,20549,2864
1000412,2,224318350,24083,2853
1000413,2,180231200,23897,1362
1000414,2,225205650,26340,596
1000415,2,191572230,24023,2551
1000416,2,98198480,13756,1304
1000417,2,262535520,26076,2548
1000418,2,232304630,26746,2489
1000419,2,119000900,14864,870
1000420,2,166952900,22126,2066
1000421,2,97239786,12780,1143
1000422,2,140267000,19465,2092
1000423,2,115238583,12547,1419
1000424,2,266000,30,4
1000425,2,203622310,22593,2374
1000426,2,93854630,10704,2014
1000427,2,40522154,4806,347
1000428,2,122576000,17132,1140
1000429,2,118878700,15289,935
1000430,2,159589500,20211,1747
1000431,2,14757300,2083,301
1000432,2,156875084,19545,1974
1000433,2,154428300,20513,1658
1000434,2,20581700,2502,200
1000435,2,90710800,10969,723
1000436,2,56843200,5735,813
1000437,2,48879500,5638,706
1000438,2,118356749,13574,1453
1000439,2,166891463,20823,1496
1000440,2,244370500,29174,1332
1000441,2,74916500,2997,346
1000442,2,32386414,3771,385
1000443,2,101592800,14432,1732
1000444,2,106854100,14459,1525
1000445,2,82914362,8851,1131
1000446,2,153073900,19020,951
1000447,2,111712840,12992,2182
1000448,2,42693700,6418,537
1000449,2,880276910,93154,3232
1000450,2,108418660,13578,2946
1000451,2,143775913,15992,838
1000452,2,66413100,8051,1222
1000453,2,24616900,3308,387
1000454,2,61582570,7211,1749
1000455,2,157359830,18720,1939
1000456,2,169687500,19761,554
1000457,2,146707450,15834,2197
1000458,2,46151300,5871,1321
1000459,2,89923900,10456,1636
1000460,2,119580841,12258,1717
1000461,2,102440730,12763,999
1000462,2,48828300,5880,782
1000463,2,99236600,13396,1548
1000464,2,97924080,13223,1083
1000465,2,14842600,1940,303
1000466,2,75643050,9636,1174
1000467,2,82080534,10572,1656
1000468,2,69269940,7690,1338
1000469,2,91180800,13913,424
1000470,2,31063500,3974,76
1000471,2,18160900,1656,94
1000472,2,55569940,7199,1561
1000473,2,66000,7,4
1000474,2,72582834,8296,1308
1000475,2,77538057,8041,2138
1000476,2,35423893,4083,358
1000477,2,67713000,9033,782
1000478,2,79433000,10407,874
1000479,2,25009340,3224,470
1000480,2,69666920,7143,527
1000481,2,109309400,12119,830
1000482,2,,,
1000483,2,114323300,14324,1049
1000484,2,93201630,11460,634
1000485,2,87244200,10609,853
1000486,2,32394700,4235,666
1000487,2,161768100,21925,482
1000488,2,65080000,4076,209
1000489,2,12715500,1602,146
1000490,2,39831720,4892,486
1000491,2,37396600,4342,105
1000492,2,55066400,7456,1268
1000493,2,48280450,6125,1289
1000494,2,65283500,8000,1175
1000495,2,2903000,417,115
1000496,2,71392900,8879,486
1000497,2,39568792,4591,
1000498,2,47786451,5294,1416
1000499,2,17455200,2513,205
1000500,2,39675100,4606,499
1000501,2,64788600,8950,
1000502,2,31269700,4228,71
1000503,2,,,
1000504,2,52675400,7532,998
1000505,2,48323200,6138,1515
1000506,2,48622400,7072,972
1000507,2,33845300,3961,526
1000508,2,34517139,4019,578
1000509,2,45663600,5611,354
1000510,2,55506700,7301,884
1000511,2,57319300,7214,888
1000512,2,54277200,6437,1235
1000513,2,31885200,3488,271
1000514,2,15771800,1583,245
1000515,2,38644300,6087,648
1000516,2,35077000,4733,666
1000517,2,,,
1000518,2,24650000,3320,567
1000519,2,31730850,3496,
1000520,2,41754100,5719,1153
1000521,2,12623178,1250,87
1000522,2,25168000,4167,321
1000523,2,38242700,4860,780
1000524,2,9549960,1459,170
1000525,2,42362600,5371,1113
1000526,2,27789770,3540,801
1000527,2,5686699,655,179
1000528,2,20468647,2851,420
1000529,2,14742000,648,158
1000530,2,15139900,1992,343
1000531,2,29606120,3484,501
1000532,2,12935600,1303,312
1000533,2,,,
1000534,2,16999500,2315,423
1000535,2,22049167,2502,491
1000536,2,38520000,9630,458
1000537,2,,,
1000538,2,16362060,2139,400
1000539,2,,,
1000540,2,32612000,2839,417
1000541,2,27353500,3153,224
1000542,2,14951355,1694,339
1000543,2,9057200,1402,250
1000544,2,8586000,1295,151
1000545,2,10110800,1457,
1000546,2,15581500,2476,263
1000547,2,4152900,556,130
1000548,2,,,
1000549,2,13032973,1431,148
1000550,2,,,
1000551,2,4012300,456,163
1000552,2,15214530,1810,310
1000553,2,8939600,1045,139
1000554,2,11241000,1369,285
1000555,2,11342300,1212,317
1000556,2,3353500,407,113
1000557,2,19825300,2469,437
1000558,2,4349500,290,29
1000559,2,10966170,1155,410
1000560,2,10256817,1265,100
1000561,2,15753100,1889,208
1000562,2,7619600,873,193
1000563,2,10256795,1195,335
1000564,2,10357500,1694,126
1000565,2,5282500,523,43
1000566,2,14166488,1803,430
1000567,2,8746200,961,55
1000568,2,,,
1000569,2,9468200,1284,423
1000570,2,4184899,487,96
1000571,2,,,
1000572,2,1875000,250,60
1000573,2,6376000,798,134
1000574,2,4522000,266,11
1000575,2,1200000,200,2
1000576,2,6616689,652,
1000577,2,244000,33,19
1000578,2,5183000,769,25
1000579,2,9763600,1156,95
1000580,2,,,
1000581,2,2951500,304,63
1000582,2,2992700,465,60
1000583,2,2032000,372,38
1000584,2,,,
1000585,2,2790500,464,46
1000586,2,1140000,114,27
1000587,2,4693198,518,228
1000588,2,5470570,657,210
1000589,2,4634000,643,194
1000590,2,3407700,478,114
1000591,2,3464500,528,53
1000592,2,3155000,451,33
1000593,2,3557200,378,129
1000594,2,5022700,730,167
1000595,2,5070500,652,154
1000596,2,7044810,854,249
1000597,2,3356100,405,52
1000598,2,3198200,379,60
1000599,2,3809800,458,42
1000600,2,961000,121,23
1000601,2,3130500,355,99
1000602,2,582500,49,17
1000603,2,1478600,199,6
1000604,2,1505000,187,10
1000605,2,3826040,435,159
1000606,2,3175500,363,122
1000607,2,4094500,515,113
1000608,2,1126500,121,44
1000609,2,,,
1000610,2,2571700,366,69
1000611,2,3331239,563,46
1000612,2,1883500,242,20
1000613,2,1778200,207,59
1000614,2,1777600,159,8
1000615,2,2253000,159,10
1000616,2,2230500,230,54
1000617,2,2303896,209,57
1000618,2,1738940,248,32
1000619,2,,,
1000620,2,3622300,382,153
1000621,2,1183320,145,25
1000622,2,2896500,343,128
1000623,2,1833500,214,80
1000624,2,,,
1000625,2,,,
1000626,2,2304500,302,79
1000627,2,,,
1000628,2,1026000,171,10
1000629,2,,,
1000630,2,4059800,302,7
1000631,2,1434500,227,21
1000632,2,2047500,223,60
1000633,2,,,
1000634,2,2237500,299,69
1000635,2,,,
1000636,2,2061000,345,6
1000637,2,600000,40,11
1000638,2,,,
1000639,2,1527170,238,24
1000640,2,634100,77,32
1000641,2,1055800,176,20
1000642,2,637000,95,5
1000643,2,1787300,211,74
1000644,2,1476480,177,61
1000645,2,1465500,150,67
1000646,2,1171000,182,20
1000647,2,1128188,125,60
1000648,2,1070000,217,5
1000649,2,,,
1000650,2,1719300,128,23
1000651,2,547299,63,33
1000652,2,989400,133,33
1000653,2,887728,102,53
1000654,2,867000,108,29
1000655,2,,,
1000656,2,530000,109,3
1000657,2,1005000,145,52
1000658,2,,,
1000659,2,701999,84,30
1000660,2,285000,19,9
1000662,2,698100,73,13
1000663,2,221300,30,14
1000664,2,20000,4,4
1000665,2,30000,10,1
1000666,2,1100000,222,5
1000667,2,,,
1000668,2,92000,9,3
1000669,2,645500,63,24
1000670,2,366000,66,5
1000671,2,390000,37,10
1000672,2,162500,17,12
1000673,2,295000,39,1
1000674,2,250000,50,1
1000675,2,91000,10,1
1000676,2,1988000,154,2
1000677,2,40000,10,1
1000678,2,519300,80,21
1000679,2,653000,74,7
1000680,2,125000,25,5
1000681,2,512928,49,26
1000682,2,311000,35,3
1000683,2,,,
1000684,2,76500,9,5
1000685,2,206000,67,1
1000686,2,161000,18,12
1000687,2,,,
1000688,2,,,
1000001,3,3480111958,386371,9467
1000002,3,6918410307,867437,6699
1000003,3,5535528550,523192,12985
1000004,3,2653984560,274610,8786
1000005,3,4062412398,497810,7458
1000006,3,7570365687,770974,9473
1000007,3,1868964257,241578,4644
1000008,3,6390783830,651172,16325
1000009,3,3822836218,477754,5100
1000010,3,5895192661,582418,13369
1000011,3,9384731499,1078478,10543
1000012,3,4365539973,543245,6813
1000013,3,5809978335,707113,7850
1000014,3,6263817426,738823,9501
1000015,3,9909224473,1126677,9907
1000016,3,4202659000,474777,7622
1000017,3,4894823408,610145,7809
1000018,3,3378221252,315487,10243
1000019,3,7993639862,824702,13983
1000020,3,5525571253,532726,11315
1000021,3,7069348890,798673,9901
1000022,3,2325093108,297432,3947
1000023,3,1350950693,160116,4217
1000024,3,1285895000,175833,2909
1000025,3,2743951138,337358,6100
1000026,3,1875221394,242838,4926
1000027,3,2560147830,306562,
1000028,3,3495241400,417071,7026
1000029,3,3405936688,408520,4268
1000030,3,4084563413,489503,5334
1000031,3,5377730260,632885,5784
1000032,3,2305372600,277219,2966
1000033,3,6405830673,761360,6360
1000034,3,3364992124,405477,5032
1000035,3,4811934126,582364,10514
1000036,3,2283829531,229232,9221
1000037,3,2262167824,281969,6661
1000038,3,1875047821,211699,5107
1000039,3,1788540957,228338,3688
1000040,3,2074579517,212405,7468
1000041,3,2205191833,211968,6724
1000042,3,2191111530,248122,5440
1000043,3,2346373744,282765,3422
1000044,3,2474991162,304102,5598
1000045,3,2235092100,261528,5615
1000046,3,1293767500,158565,5100
1000047,3,2346262951,249189,8835
1000048,3,2839218145,319083,4864
1000049,3,4770742768,581845,5983
1000050,3,4872825430,535123,8784
1000051,3,2621104046,297680,6051
1000052,3,5834715482,640253,6595
1000053,3,2871063650,318299,10415
1000054,3,2389562590,250979,7339
1000055,3,1694603296,210438,4919
1000056,3,4481554006,539301,6102
1000057,3,2650815763,312873,5104
1000058,3,1097474650,108873,6797
1000059,3,2412751960,265811,12598
1000060,3,1236686621,123176,6281
1000061,3,1002511712,103065,4779
1000062,3,1534961696,186192,3572
1000063,3,2115161898,263452,
1000064,3,1054220690,112028,3916
1000065,3,4940801300,599797,5528
1000066,3,2049727220,242516,5964
1000067,3,1676931610,190947,7401
1000068,3,2032404362,256994,4982
1000069,3,1963705260,217575,5891
1000070,3,1941016383,214510,
1000071,3,3091253599,369886,4079
1000072,3,1429877660,164483,5294
1000073,3,1089467942,129275,3471
1000074,3,1339968655,173714,2467
1000075,3,12454800,1464,143
1000076,3,1226299921,136113,4213
1000077,3,1788757000,222279,3430
1000078,3,1119554026,127030,4879
1000079,3,1896705270,227461,9179
1000080,3,1998688724,242986,6123
1000081,3,1379397690,160548,5255
1000082,3,1039459602,110013,5826
1000083,3,3439513889,403084,4889
1000084,3,1218285077,138509,4932
1000085,3,1276209000,143132,3737
1000086,3,1268802316,160114,4667
1000087,3,1309855652,164294,
1000088,3,3394067661,412599,4945
1000089,3,1115801500,141583,3260
1000090,3,1578674964,177251,3868
1000091,3,1545170863,185811,4237
1000092,3,1253896890,125694,6362
1000093,3,1562505167,187986,4724
1000094,3,393036384,41581,3804
1000095,3,1048910675,125650,4579
1000096,3,2064808151,198576,7169
1000097,3,1400232100,160467,4926
1000098,3,2320947094,281401,3062
1000099,3,2010133250,221293,4722
1000100,3,2002165161,241877,6082
1000101,3,833499448,98609,3477
1000102,3,2960746805,353192,4495
1000103,3,1540198127,177329,5771
1000104,3,1313522373,168545,3082
1000105,3,689721933,65628,4117
1000106,3,2740175669,327600,6608
1000107,3,788079010,76354,5032
1000108,3,3407102742,366754,5956
1000109,3,1325871259,158861,3920
1000110,3,2789644367,278454,7431
1000111,3,3153198610,353138,6500
1000112,3,1400110126,174136,4954
1000113,3,1239450032,148335,3044
1000114,3,937772286,91472,6064
1000115,3,2409150591,293387,4415
1000116,3,888359079,99740,3794
1000117,3,1099065588,130409,3286
1000118,3,1776258270,184385,4766
1000119,3,898935638,114571,3032
1000120,3,541026600,57145,3751
1000121,3,1903507390,215272,4369
1000122,3,984944378,111168,3145
1000123,3,1657712969,182926,5336
1000124,3,633057014,66955,4888
1000125,3,1272010279,155593,3587
1000126,3,,,
1000127,3,1410100101,131530,7546
1000128,3,1380200100,152550,7839
1000129,3,835307170,83916,5120
1000130,3,1031533675,113164,3226
1000131,3,1154898712,131301,4577
1000132,3,1280142013,157607,3070
1000133,3,1320185090,146641,4792
1000134,3,1392228320,157893,9335
1000135,3,1721566407,205704,3578
1000136,3,739690000,98632,2268
1000137,3,510288020,51213,4680
1000138,3,1374889063,154163,4647
1000139,3,458576850,52223,5920
1000140,3,729126960,77190,6463
1000141,3,807776847,82545,
1000142,3,816243397,84840,5325
1000143,3,1835756461,207606,4028
1000144,3,1756607232,215539,4184
1000145,3,900143670,116610,3491
1000146,3,363276585,38758,2236
1000147,3,1515008223,188016,3339
1000148,3,3050261104,340570,6908
1000149,3,1375390990,155513,5170
1000150,3,1259891890,144972,5363
1000151,3,1173723004,139818,4226
1000152,3,802370765,99361,4919
1000153,3,1134820170,112525,6849
1000154,3,635027000,64564,6555
1000155,3,2008279471,249459,3976
1000156,3,762613550,100128,2920
1000157,3,762699869,94342,3478
1000158,3,1130123610,135205,2277
1000159,3,658080114,78782,4101
1000160,3,822674110,97692,3129
1000161,3,470542578,49549,3411
1000162,3,1413729100,187283,2809
1000163,3,945186974,134260,2921
1000164,3,2051485060,249687,4183
1000165,3,1551991485,188592,2945
1000166,3,1924264076,223269,3512
1000167,3,1018798200,126444,2935
1000168,3,1318394280,139481,5899
1000169,3,298248048,33470,2749
1000170,3,1234317352,146348,4095
1000171,3,912161940,103032,5956
1000172,3,331334834,33317,4565
1000173,3,770998677,78514,5124
1000174,3,769400659,91236,3207
1000175,3,719096972,89649,3369
1000176,3,1099516418,134485,5597
1000177,3,848457053,103101,4283
1000178,3,1650315860,202956,2731
1000179,3,867341880,97637,4704
1000180,3,920524920,105946,5552
1000181,3,2238064688,251764,3973
1000182,3,1447676957,173050,2981
1000183,3,495459368,57313,3575
1000184,3,972598936,99561,4156
1000185,3,1256538235,149219,2724
1000186,3,520667375,63886,3362
1000187,3,1757492229,206378,4843
1000188,3,704153280,83423,3156
1000189,3,1361011298,137427,5019
1000190,3,431615800,54305,3697
1000191,3,853190115,104379,3707
1000192,3,767608953,78083,4907
1000193,3,904311600,101458,3818
1000194,3,462528290,47530,4555
1000195,3,1667832363,199548,
1000196,3,1321498203,165268,3103
1000197,3,1240478400,148495,3105
1000198,3,921246670,113814,3350
1000199,3,278462721,36130,1168
1000200,3,701725091,70466,4043
1000201,3,1449514773,182455,3412
1000202,3,960781863,112368,2996
1000203,3,905786252,116858,3479
1000204,3,1264173155,156779,2666
1000205,3,799061260,75344,4650
1000206,3,501868511,50377,5527
1000207,3,507333870,52404,2666
1000208,3,708481932,89633,2773
1000209,3,1328269714,168534,4121
1000210,3,517350000,51333,4871
1000211,3,910490881,105065,5559
1000212,3,413451160,44117,3471
1000213,3,1322174500,157498,2741
1000214,3,321037338,40824,3142
1000215,3,731886572,87670,3888
1000216,3,862511977,103337,5717
1000217,3,316703540,33540,3977
1000218,3,484011366,48817,4217
1000219,3,697718687,87228,2646
1000220,3,693986309,90596,1412
1000221,3,93945000,10903,409
1000222,3,373518571,36811,4588
1000223,3,358265730,36434,4243
1000224,3,1091750370,141213,2936
1000225,3,1090877840,136557,1875
1000226,3,778547050,88857,3838
1000227,3,1592947906,187447,3140
1000228,3,361825057,35189,3575
1000229,3,1124975958,113589,4225
1000230,3,485576341,47742,3676
1000231,3,455513390,45803,4336
1000232,3,247281000,27872,4018
1000233,3,371761882,39011,4264
1000234,3,602169279,76361,2613
1000235,3,557066860,59364,3910
1000236,3,555300,74,19
1000237,3,809960600,103199,1837
1000238,3,593749474,69096,4614
1000239,3,1437988059,181557,2842
1000240,3,791758200,89069,3634
1000241,3,693724105,85851,3419
1000242,3,1056872300,137492,1848
1000243,3,527809890,66867,1931
1000244,3,332919080,31456,3715
1000245,3,804602701,93286,6409
1000246,3,567316750,68894,1464
1000247,3,596478669,71942,2765
1000248,3,447567970,46599,4108
1000249,3,542380727,60163,2190
1000250,3,921076650,117772,1635
1000251,3,622255030,66835,4424
1000252,3,946283908,125500,2678
1000253,3,838586500,106949,2420
1000254,3,434048958,44701,4363
1000255,3,531728160,59010,4582
1000256,3,473423224,59772,2169
1000257,3,473317230,50834,5767
1000258,3,907316945,106137,2507
1000259,3,530240115,60971,3039
1000260,3,519928920,50072,4909
1000261,3,913962805,111188,2645
1000262,3,588304980,68868,3439
1000263,3,710463490,79715,2579
1000264,3,361455162,44942,2170
1000265,3,209496890,21622,4356
1000266,3,364431935,38369,2304
1000267,3,584212888,70271,
1000268,3,508776497,48341,3615
1000269,3,789702600,93916,2119
1000270,3,9000,4,4
1000271,3,952196200,100872,5504
1000272,3,522071718,48798,4873
1000273,3,424124758,57470,2631
1000274,3,1014521529,127138,3522
1000275,3,425794972,43319,3640
1000276,3,453170643,55598,2132
1000277,3,639115200,79513,2018
1000278,3,502701616,54233,5541
1000279,3,785610246,85021,2540
1000280,3,1153061953,145065,2319
1000281,3,140596400,18191,1266
1000282,3,207141407,22458,2395
1000283,3,825505256,111867,2006
1000284,3,475269640,54820,2689
1000285,3,818608850,91869,4724
1000286,3,1056856870,134911,1814
1000287,3,957361134,128083,2314
1000288,3,338640841,34834,3505
1000289,3,128684350,18039,647
1000290,3,456902728,46922,1607
1000291,3,300536090,32087,3648
1000292,3,963874612,118950,
1000293,3,68836596,7301,662
1000294,3,629945427,75954,2052
1000295,3,221633370,23965,3006
1000296,3,334912586,33979,3476
1000297,3,339686842,34466,4320
1000298,3,472258963,57164,3227
1000299,3,411542353,52002,3523
1000300,3,384841700,45057,2885
1000301,3,780123440,93390,2633
1000302,3,457970463,53633,2833
1000303,3,273529199,27877,3004
1000304,3,282705040,28777,4447
1000305,3,290407244,29270,3393
1000306,3,269488814,28341,3031
1000307,3,338076300,36922,1796
1000308,3,241683560,26694,3977
1000309,3,904891873,108423,2782
1000310,3,561364927,67742,2253
1000311,3,310020476,31223,1735
1000312,3,292083150,31058,3153
1000313,3,694312680,70740,5328
1000314,3,529505824,66163,1649
1000315,3,368779210,47817,1497
1000316,3,729461020,79817,4392
1000317,3,513864416,68836,2127
1000318,3,69048123,8531,723
1000319,3,260720371,33754,2488
1000320,3,382474618,39191,2650
1000321,3,403432000,55258,804
1000322,3,781831500,94370,2354
1000323,3,692575000,80692,1770
1000324,3,312052540,39589,2487
1000325,3,709127791,88403,1893
1000326,3,379787874,46591,
1000327,3,680604856,84900,1854
1000328,3,304962845,38542,2452
1000329,3,336022913,41698,2228
1000330,3,505760600,67186,1327
1000331,3,325220000,43845,935
1000332,3,341599060,41949,2320
1000333,3,465890863,56050,1595
1000334,3,131599480,15423,1284
1000335,3,289941210,27411,2471
1000336,3,872894780,110957,2189
1000337,3,,,
1000338,3,174473920,19357,2947
1000339,3,157531880,17264,3410
1000340,3,482533344,47792,3116
1000341,3,708074189,86992,2402
1000342,3,661511386,83246,2903
1000343,3,307503520,33775,1409
1000344,3,266252037,33849,1727
1000345,3,628673759,78068,2851
1000346,3,232541530,25123,2978
1000347,3,330495563,43565,2229
1000348,3,199915400,26492,1921
1000349,3,163543110,18790,3642
1000350,3,657216800,83336,2486
1000351,3,234407000,30549,1644
1000352,3,216457440,23909,2732
1000353,3,333300821,39873,2219
1000354,3,305605858,38467,2605
1000355,3,525626300,61237,533
1000356,3,245454740,27637,2830
1000357,3,618201228,78064,1935
1000358,3,471548645,55812,1936
1000359,3,282776370,34492,1789
1000360,3,210983868,25042,2469
1000361,3,609984164,74141,3070
1000362,3,194879601,19661,3214
1000363,3,369180470,41609,2834
1000364,3,258459897,26901,3138
1000365,3,486871781,58643,2833
1000366,3,347972830,44259,1739
1000367,3,166067799,17685,2810
1000368,3,247237520,28466,2217
1000369,3,319529500,40590,1486
1000370,3,243139273,26097,2451
1000371,3,202927160,25859,2368
1000372,3,182114500,20647,877
1000373,3,246452700,29867,1106
1000374,3,348474357,36012,2197
1000375,3,247429553,27478,2910
1000376,3,293390847,39975,2327
1000377,3,140340544,14149,2454
1000378,3,401494520,41540,2286
1000379,3,52368297,5613,610
1000380,3,387848400,40363,3287
1000381,3,437056700,57278,974
1000382,3,325511411,33502,2353
1000383,3,190330200,25279,481
1000384,3,550217800,65545,1456
1000385,3,251100141,29956,2004
1000386,3,442132256,51512,2083
1000387,3,308347900,33649,917
1000388,3,388308900,43373,1284
1000389,3,469104778,55584,2931
1000390,3,205149130,21990,3317
1000391,3,197488800,23166,1559
1000392,3,387009520,39956,2832
1000393,3,175119342,17389,2968
1000394,3,226586440,27619,1947
1000395,3,75373740,8149,1301
1000396,3,142319650,17227,1451
1000397,3,192769600,22959,1417
1000398,3,363182284,43494,1363
1000399,3,160984700,15339,745
1000400,3,52913000,1537,124
1000401,3,417161500,44621,3073
1000402,3,287049571,33759,1193
1000403,3,135639610,13272,2765
1000404,3,108000,20,4
1000405,3,144228862,19805,1421
1000406,3,188908303,22038,2356
1000407,3,124445770,14254,2292
1000408,3,274534904,27922,3133
1000409,3,216908750,24374,2001
1000410,3,128164974,13116,816
1000411,3,176216937,19826,2566
1000412,3,255784350,27088,2644
1000413,3,326323700,41273,1257
1000414,3,208042580,24376,596
1000415,3,184837560,21450,2404
1000416,3,100998750,13236,1175
1000417,3,255961550,25415,2536
1000418,3,306465170,34450,2150
1000419,3,142595500,16136,875
1000420,3,295987110,35351,1603
1000421,3,177285878,22888,1072
1000422,3,144804361,18851,1992
1000423,3,93945183,10433,1284
1000424,3,189500,23,2
1000425,3,304255235,33511,2370
1000426,3,110328230,12027,2065
1000427,3,144330834,15626,495
1000428,3,255491300,34844,1008
1000429,3,147902786,17813,943
1000430,3,287146100,35653,1550
1000431,3,21487400,2718,332
1000432,3,231936263,28714,1926
1000433,3,227135200,27216,1511
1000434,3,201904200,25599,474
1000435,3,132797440,14921,735
1000436,3,111443450,10708,903
1000437,3,127525000,14482,995
1000438,3,120965806,13573,1387
1000439,3,197122401,24062,1210
1000440,3,109708762,13350,1261
1000441,3,60144500,2406,309
1000442,3,34866794,3873,390
1000443,3,115094382,14784,1594
1000444,3,136436100,16466,1483
1000445,3,75335599,7714,1159
1000446,3,196168700,24276,799
1000447,3,134836230,14569,2194
1000448,3,200365200,29735,644
1000449,3,222931920,25303,2994
1000450,3,127866680,15324,2910
1000451,3,169675172,19150,744
1000452,3,72323100,8238,1250
1000453,3,136495700,18216,515
1000454,3,81530760,8876,1798
1000455,3,142387260,16540,1633
1000456,3,71060700,8289,545
1000457,3,163018700,16687,2030
1000458,3,67117800,7804,1308
1000459,3,86713920,9351,1535
1000460,3,118610875,11585,1630
1000461,3,145368740,17669,1236
1000462,3,46914680,5731,828
1000463,3,99199251,12099,1360
1000464,3,202381404,26989,1020
1000465,3,174112600,23302,692
1000466,3,78813260,9194,1068
1000467,3,130506041,16525,1270
1000468,3,64027550,6570,1269
1000469,3,162003500,21958,528
1000470,3,32556100,4159,87
1000471,3,20002200,1755,92
1000472,3,63347100,7575,1569
1000473,3,,,
1000474,3,79799846,8877,1183
1000475,3,70613893,6957,1998
1000476,3,41686988,4564,345
1000477,3,67211900,8583,742
1000478,3,92253666,11365,835
1000479,3,119000380,15304,806
1000480,3,74460760,7232,533
1000481,3,147264000,16151,681
1000482,3,,,
1000483,3,112856500,13498,808
1000484,3,65081300,7782,506
1000485,3,110642900,13195,691
1000486,3,167969100,22284,860
1000487,3,99328200,13403,489
1000488,3,41941000,2628,214
1000489,3,127793200,16093,407
1000490,3,64772560,7972,535
1000491,3,54091800,6322,149
1000492,3,57902253,7029,1145
1000493,3,68752825,7957,1287
1000494,3,99963700,12015,932
1000495,3,4147400,536,132
1000496,3,80704500,10519,430
1000497,3,36484129,4054,
1000498,3,44945847,4783,1343
1000499,3,112419050,14058,424
1000500,3,42339900,5151,497
1000501,3,79637000,10422,
1000502,3,34787700,4365,64
1000503,3,,,
1000504,3,50470000,6514,942
1000505,3,48658200,5872,1239
1000506,3,42659700,5883,931
1000507,3,40356100,4519,550
1000508,3,42340456,4672,610
1000509,3,38952500,4749,339
1000510,3,48135000,6092,799
1000511,3,58400600,7289,677
1000512,3,63963500,7436,994
1000513,3,42324700,4493,277
1000514,3,28882000,2762,260
1000515,3,35665100,5399,560
1000516,3,57810200,7468,585
1000517,3,,,
1000518,3,28459500,3429,564
1000519,3,45093610,4901,
1000520,3,37649500,4608,916
1000521,3,20229346,1917,85
1000522,3,35422700,5858,354
1000523,3,74476700,9552,834
1000524,3,52318230,6871,367
1000525,3,44951600,5494,724
1000526,3,27546910,3240,705
1000527,3,43757620,4738,539
1000528,3,28532696,3562,457
1000529,3,14728000,642,161
1000530,3,35898850,4071,318
1000531,3,30302840,3411,352
1000532,3,22724900,2195,383
1000533,3,,,
1000534,3,17146900,2257,403
1000535,3,23800980,2637,464
1000536,3,40284000,10071,439
1000537,3,,,
1000538,3,16289700,2126,399
1000539,3,,,
1000540,3,33657000,2902,395
1000541,3,44533800,5634,219
1000542,3,16718596,1736,336
1000543,3,9932700,1414,238
1000544,3,12759500,2022,163
1000545,3,11895600,1683,
1000546,3,16007200,2541,259
1000547,3,33070300,4553,297
1000548,3,,,
1000549,3,14546673,1579,160
1000550,3,,,
1000551,3,4037500,465,132
1000552,3,12484330,1393,277
1000553,3,29665600,3379,180
1000554,3,26254500,3208,435
1000555,3,10371400,1086,320
1000556,3,5496500,652,116
1000557,3,31013200,3862,375
1000558,3,2940000,196,29
1000559,3,12159500,1238,391
1000560,3,13528800,1674,100
1000561,3,20268900,2406,190
1000562,3,13376797,1354,152
1000563,3,15415800,1588,346
1000564,3,9338900,1459,126
1000565,3,6258000,598,45
1000566,3,17631977,2176,401
1000567,3,14396600,1495,56
1000568,3,,,
1000569,3,15030400,2003,372
1000570,3,23911096,2521,277
1000571,3,,,
1000572,3,26491300,3605,158
1000573,3,6738000,873,110
1000574,3,2125000,125,9
1000575,3,,,
1000576,3,8959916,831,
1000577,3,138000,19,11
1000578,3,9283000,1385,31
1000579,3,7565400,844,86
1000580,3,,,
1000581,3,2680500,262,61
1000582,3,2551800,307,59
1000583,3,3649000,617,35
1000584,3,624000,104,1
1000585,3,2697500,496,50
1000586,3,699000,70,22
1000587,3,4334092,444,186
1000588,3,4856000,539,200
1000589,3,5681000,740,170
1000590,3,4437500,522,93
1000591,3,8217200,1160,68
1000592,3,4149000,593,37
1000593,3,4351617,474,138
1000594,3,5760500,786,157
1000595,3,4736000,608,135
1000596,3,5646230,661,183
1000597,3,4301600,528,56
1000598,3,4864328,558,79
1000599,3,2360850,276,39
1000600,3,1329500,148,24
1000601,3,7223790,800,130
1000602,3,3494900,312,27
1000603,3,2155200,288,6
1000604,3,2492600,305,12
1000605,3,4670500,531,155
1000606,3,4936100,554,143
1000607,3,4764100,591,93
1000608,3,1570600,169,52
1000609,3,,,
1000610,3,3562350,469,87
1000611,3,3148517,511,32
1000612,3,1465600,196,16
1000613,3,1977150,232,49
1000614,3,902400,80,8
1000615,3,3646850,266,10
1000616,3,1957800,185,56
1000617,3,3560200,323,50
1000618,3,1842220,277,34
1000619,3,,,
1000620,3,3693000,389,137
1000621,3,2083740,266,33
1000622,3,4037500,467,125
1000623,3,2430500,277,84
1000624,3,,,
1000625,3,,,
1000626,3,2545100,327,63
1000627,3,,,
1000628,3,,,
1000629,3,,,
1000630,3,617400,51,5
1000631,3,2075900,335,21
1000632,3,2144000,234,53
1000633,3,,,
1000634,3,2215000,293,58
1000635,3,,,
1000636,3,1251000,183,3
1000637,3,5999500,400,16
1000638,3,,,
1000639,3,1700900,276,20
1000640,3,4590400,516,32
1000641,3,810910,136,19
1000642,3,620000,89,3
1000643,3,2351700,272,62
1000644,3,2717260,319,69
1000645,3,2076000,213,61
1000646,3,1193000,194,18
1000647,3,1116728,125,59
1000648,3,1080000,219,5
1000649,3,,,
1000650,3,653800,60,27
1000651,3,544100,54,24
1000652,3,1007160,140,48
1000653,3,1207000,133,65
1000654,3,665500,83,19
1000655,3,,,
1000656,3,530000,109,3
1000657,3,745000,106,41
1000658,3,,,
1000659,3,577200,64,22
1000660,3,435000,29,11
1000662,3,1188600,151,13
1000663,3,296000,32,14
1000664,3,,,
1000665,3,330000,70,2
1000666,3,,,
1000667,3,,,
1000668,3,95000,8,3
1000669,3,744000,80,29
1000670,3,680000,122,5
1000671,3,41000,8,6
1000672,3,467000,39,16
1000673,3,246000,35,4
1000674,3,40000,10,1
1000675,3,155000,19,2
1000676,3,5000,1,1
1000677,3,12000,2,1
1000678,3,643300,80,21
1000679,3,431000,43,6
1000680,3,125000,25,5
1000681,3,476300,49,24
1000682,3,175000,21,3
1000683,3,,,
1000684,3,59000,7,5
1000685,3,,,
1000686,3,131000,16,7
1000687,3,,,
1000688,3,,,
1000001,4,8915603012,995406,10462
1000002,4,9826541209,1232529,7605
1000003,4,11053323700,1037004,14029
1000004,4,5863902860,594436,9641
1000005,4,8037759271,968372,8426
1000006,4,8041374368,819842,9262
1000007,4,3544494287,442930,4760
1000008,4,12025513637,1219038,17616
1000009,4,5744084405,715334,5332
1000010,4,11879460521,1162564,14702
1000011,4,12779805288,1466225,11159
1000012,4,7661827113,949186,7377
1000013,4,9280365401,1123443,8699
1000014,4,10904532450,1282013,10300
1000015,4,8706733270,994607,9820
1000016,4,7014768985,791266,8436
1000017,4,7653425043,944998,8632
1000018,4,7125431897,660355,10335
1000019,4,7474650412,764681,14021
1000020,4,7581873838,713384,11441
1000021,4,6865704350,778099,9625
1000022,4,3769567017,479385,4028
1000023,4,2810573092,333625,4221
1000024,4,2534235000,343558,3070
1000025,4,5593638839,661311,6967
1000026,4,3382193246,422443,5177
1000027,4,4075364307,487098,
1000028,4,7874891609,918759,7383
1000029,4,5653148919,675023,4956
1000030,4,4078858500,488052,5262
1000031,4,5895612500,694091,5881
1000032,4,2764014054,333298,3460
1000033,4,5593196400,661819,6369
1000034,4,5741071923,691478,5574
1000035,4,8437357914,1016790,10815
1000036,4,4805556653,473849,9176
1000037,4,4415344655,543047,6948
1000038,4,3861432870,433290,5598
1000039,4,3470083002,437118,4461
1000040,4,4474504336,441115,7419
1000041,4,4158383904,394402,7040
1000042,4,4233013731,474745,6631
1000043,4,3738631015,446343,3811
1000044,4,4234950932,517559,5422
1000045,4,4490105729,524841,6092
1000046,4,1967322200,219564,5623
1000047,4,4176557672,441577,9561
1000048,4,5051345741,566483,5397
1000049,4,4523882400,551505,5965
1000050,4,6413286040,693992,9054
1000051,4,5017737807,566524,6367
1000052,4,6744945562,756981,7268
1000053,4,5104985450,565773,11110
1000054,4,4517090691,450903,7828
1000055,4,3734861514,447707,5448
1000056,4,4689844200,563824,6152
1000057,4,4147100927,481442,5457
1000058,4,2150823370,210973,7247
1000059,4,4663226260,516522,13763
1000060,4,2681554436,260517,6978
1000061,4,2538576441,245316,4341
1000062,4,2830420981,338753,3847
1000063,4,3913018050,474990,
1000064,4,2069516250,218560,4251
1000065,4,4731723954,582294,5466
1000066,4,3781021791,427163,6302
1000067,4,2966479060,330915,7844
1000068,4,3097021662,381300,5125
1000069,4,4125064120,454993,6571
1000070,4,4347824286,480709,
1000071,4,2986300500,356481,4006
1000072,4,2501054290,281850,4722
1000073,4,2185637448,259762,3490
1000074,4,2455873351,312202,3222
1000075,4,9668200,1146,127
1000076,4,2743779931,301612,4828
1000077,4,1698652000,208827,3268
1000078,4,2578455044,288726,5044
1000079,4,1882760570,196103,9378
1000080,4,1999592600,243340,5987
1000081,4,2160063360,247282,5303
1000082,4,2112418912,222064,5215
1000083,4,3170344300,369870,4772
1000084,4,2851905264,322741,5132
1000085,4,2472522300,280112,4344
1000086,4,2826752303,358084,5165
1000087,4,2621334962,318215,
1000088,4,2979945000,363234,4841
1000089,4,1669597700,207546,3215
1000090,4,2966536796,334388,4337
1000091,4,3452613511,423340,5360
1000092,4,2543160540,251728,6879
1000093,4,3105887567,369025,5378
1000094,4,584775879,59576,4309
1000095,4,2403593173,285322,5151
1000096,4,3450057301,324481,6862
1000097,4,2790221740,314343,5422
1000098,4,2452801346,294102,3812
1000099,4,3003851810,327510,4889
1000100,4,3429938471,394406,6501
1000101,4,1778792893,209875,3710
1000102,4,2985432400,356648,4471
1000103,4,3045293226,348834,5685
1000104,4,2006459975,254449,2993
1000105,4,1567142461,148601,4608
1000106,4,2526685800,304233,6430
1000107,4,1385316180,132535,4466
1000108,4,3377255652,368986,5710
1000109,4,2609252599,309045,4454
1000110,4,3013748498,308934,7701
1000111,4,2992398790,334598,6367
1000112,4,2746194244,330776,5812
1000113,4,2440242461,289789,3276
1000114,4,1705050218,163179,5864
1000115,4,2216396800,270739,4291
1000116,4,1560221980,172357,3715
1000117,4,2333504027,272528,3825
1000118,4,642731452,68771,4943
1000119,4,1580043332,195146,3161
1000120,4,1215890329,126946,3560
1000121,4,1886739460,214906,4287
1000122,4,1982344898,223603,3655
1000123,4,2769901483,301170,5030
1000124,4,1472438514,153661,5343
1000125,4,2667855883,321539,3813
1000126,4,,,
1000127,4,2751630973,253707,6967
1000128,4,2644122800,294255,9221
1000129,4,1892715850,186220,5753
1000130,4,2058981647,228498,3516
1000131,4,1932705905,219180,4088
1000132,4,2306021718,282070,3360
1000133,4,1570023980,177390,5277
1000134,4,2426214140,273510,9751
1000135,4,1736580900,209858,3503
1000136,4,1349812500,177437,2209
1000137,4,979307590,98120,5255
1000138,4,2264747904,251466,4399
1000139,4,1018000570,113993,6714
1000140,4,1700379550,178547,7205
1000141,4,1659278724,165106,
1000142,4,2023303089,206416,5770
1000143,4,1794178850,203308,4070
1000144,4,1700606600,209098,3967
1000145,4,1470319464,185048,3157
1000146,4,455759215,46163,2331
1000147,4,1301183000,161491,3183
1000148,4,2643350100,295422,6747
1000149,4,2075278395,233039,4673
1000150,4,2351194760,270840,5890
1000151,4,2028220706,233867,4553
1000152,4,1674007453,202606,5254
1000153,4,2334859780,224086,6554
1000154,4,1259316220,126662,6996
1000155,4,1858130400,230545,3930
1000156,4,1444668963,190219,2765
1000157,4,1235052383,141390,3254
1000158,4,1281909044,151207,2341
1000159,4,1292433216,154014,3950
1000160,4,1257268950,146784,2746
1000161,4,950155777,98654,3452
1000162,4,1368396900,182612,2755
1000163,4,1866501464,263245,2962
1000164,4,1868293700,225890,4211
1000165,4,1431820242,171697,3056
1000166,4,1993410706,236581,3535
1000167,4,1545029700,183941,3057
1000168,4,2150664580,228045,6327
1000169,4,1094507699,121522,3617
1000170,4,2087752273,244541,4451
1000171,4,1789695420,198935,6505
1000172,4,536220036,52840,4494
1000173,4,1670382552,164596,5328
1000174,4,1878100468,222771,3910
1000175,4,1301664153,157883,3505
1000176,4,2011128527,240988,5675
1000177,4,1726715862,207151,4736
1000178,4,1511647500,183311,2700
1000179,4,1502117100,169207,4955
1000180,4,2138136630,245755,5968
1000181,4,2084871818,240835,4021
1000182,4,1374510700,163789,2894
1000183,4,983277413,113329,3652
1000184,4,1752924474,176764,4066
1000185,4,1288823000,151449,2688
1000186,4,1235989060,145976,3631
1000187,4,1382875900,161658,4658
1000188,4,1092848670,126181,3142
1000189,4,1458082092,151911,5232
1000190,4,648677347,75687,3701
1000191,4,1315627233,155475,3466
1000192,4,1441668512,145404,5069
1000193,4,1633886590,181981,3378
1000194,4,1037758570,105519,4837
1000195,4,1507498700,179441,
1000196,4,1328437500,166084,3002
1000197,4,1272105300,151096,3010
1000198,4,1583439601,187100,3883
1000199,4,543972642,68852,1206
1000200,4,1414804601,137858,4516
1000201,4,1128545900,142343,3269
1000202,4,1223956800,141602,3067
1000203,4,865013400,110839,3343
1000204,4,1094539100,135450,2523
1000205,4,1395073870,131923,5140
1000206,4,927485030,89931,5568
1000207,4,280725670,29417,2665
1000208,4,1551089022,190672,3282
1000209,4,1166565700,146119,3891
1000210,4,1047236800,100214,5290
1000211,4,1740538822,199415,4850
1000212,4,980526500,103981,4214
1000213,4,1188874000,141712,2648
1000214,4,726595139,88353,2875
1000215,4,1289300573,150449,3846
1000216,4,1716622380,204075,5171
1000217,4,680448620,69605,4446
1000218,4,1126287455,111645,4674
1000219,4,1390044382,172506,2524
1000220,4,622493300,80754,1393
1000221,4,103421200,11988,386
1000222,4,716665965,69253,4734
1000223,4,669067600,66674,4331
1000224,4,1000820800,128071,2856
1000225,4,1079214970,134564,1938
1000226,4,1290564256,145053,3141
1000227,4,1133174900,133817,3023
1000228,4,603734394,57268,3172
1000229,4,331485971,34571,3921
1000230,4,868850567,83427,3350
1000231,4,1054093050,104110,4644
1000232,4,472174050,50538,4417
1000233,4,887199743,90873,4649
1000234,4,1051402158,130316,2609
1000235,4,842064271,88615,3476
1000236,4,521600,75,17
1000237,4,926253700,117326,1771
1000238,4,1451088483,163425,4893
1000239,4,1140226200,142884,2498
1000240,4,907570913,99858,3510
1000241,4,1274123297,153756,3194
1000242,4,1101994400,142336,2036
1000243,4,745605574,92749,1759
1000244,4,608619410,56365,3834
1000245,4,1565342203,177848,6359
1000246,4,592315750,71706,1486
1000247,4,1117016761,131858,3048
1000248,4,833659910,86867,4187
1000249,4,607101250,67207,2238
1000250,4,963244570,122713,1655
1000251,4,948333367,97981,4817
1000252,4,824428700,108796,2576
1000253,4,695222500,89174,2215
1000254,4,894409727,86770,4476
1000255,4,873605400,95554,4620
1000256,4,795600718,99196,1734
1000257,4,859075120,90599,5941
1000258,4,834954900,97428,2407
1000259,4,1031582973,117532,2978
1000260,4,999840730,93371,5209
1000261,4,826423900,100689,2526
1000262,4,1031510630,117414,2895
1000263,4,918868640,101661,2421
1000264,4,684514546,83474,2171
1000265,4,553339630,56313,5132
1000266,4,526035962,53731,2205
1000267,4,1088806627,127520,
1000268,4,778519810,73108,3056
1000269,4,647702700,77511,1975
1000270,4,8000,3,3
1000271,4,838214660,89180,5464
1000272,4,863513635,79096,4420
1000273,4,674674826,85758,2571
1000274,4,846454800,105113,3320
1000275,4,726798814,71019,3973
1000276,4,757863928,90365,2173
1000277,4,936921300,113683,1858
1000278,4,799498877,83261,4970
1000279,4,695648300,74723,2449
1000280,4,681016680,86174,1724
1000281,4,858010750,111639,2487
1000282,4,353004194,37078,1955
1000283,4,784320000,106072,1940
1000284,4,963962750,109996,2727
1000285,4,689756340,78645,4296
1000286,4,752127310,94623,1875
1000287,4,777397700,102953,2227
1000288,4,642039882,64194,3655
1000289,4,166993300,20896,714
1000290,4,461654258,47622,1572
1000291,4,635591660,63540,3756
1000292,4,723451400,88993,
1000293,4,575644294,59835,1171
1000294,4,633643800,76288,2007
1000295,4,503747180,53441,3445
1000296,4,702799371,70094,3572
1000297,4,616387740,59286,4593
1000298,4,798408161,95491,2803
1000299,4,688364914,83476,3061
1000300,4,626703323,71371,2434
1000301,4,703798200,84505,2535
1000302,4,818858399,93877,2799
1000303,4,574826971,56582,2912
1000304,4,673415970,67779,5219
1000305,4,614120548,61072,3553
1000306,4,503842272,50192,2745
1000307,4,673677000,73455,1736
1000308,4,461237510,50150,4607
1000309,4,701621500,84349,2631
1000310,4,436205500,52754,2074
1000311,4,652687821,65417,1920
1000312,4,505410180,52092,3429
1000313,4,555195070,56594,5137
1000314,4,503450300,62830,1595
1000315,4,435392044,55005,1378
1000316,4,615036360,67221,4334
1000317,4,646935601,85501,2228
1000318,4,449171788,49070,1576
1000319,4,572199074,76161,2420
1000320,4,551634755,55358,2415
1000321,4,398616500,54850,774
1000322,4,670432300,81261,2193
1000323,4,661911400,79863,1714
1000324,4,508474590,61346,2155
1000325,4,497455300,61997,1708
1000326,4,550755256,67807,
1000327,4,588195700,73136,1792
1000328,4,544461227,66161,2318
1000329,4,707181120,86002,1908
1000330,4,533624300,70207,1377
1000331,4,621694500,87402,949
1000332,4,620285071,74544,2099
1000333,4,448807700,53619,1488
1000334,4,243916749,26478,1370
1000335,4,532982550,49565,2641
1000336,4,710820230,89477,2160
1000337,4,,,
1000338,4,400898160,42654,3494
1000339,4,475993960,50140,4028
1000340,4,460008853,46659,2882
1000341,4,679910200,82796,2236
1000342,4,551472700,69225,2731
1000343,4,437697210,46544,1126
1000344,4,443513899,55383,1488
1000345,4,584959700,72199,2692
1000346,4,485369406,49936,3123
1000347,4,524764769,67941,2257
1000348,4,283134845,35076,1947
1000349,4,283196770,42524,4184
1000350,4,497638400,63178,2338
1000351,4,396323400,47906,1414
1000352,4,359348020,38808,2376
1000353,4,508710800,60277,1988
1000354,4,545121779,65969,2527
1000355,4,471385200,55130,529
1000356,4,345244890,37915,2378
1000357,4,588202900,73781,1865
1000358,4,448019900,52563,1845
1000359,4,476635370,57846,1596
1000360,4,359842881,41663,2159
1000361,4,509717900,61674,2818
1000362,4,370320172,36396,3336
1000363,4,388280050,43551,2745
1000364,4,422243666,42999,3067
1000365,4,421088600,50584,2691
1000366,4,334664500,42102,1658
1000367,4,383373528,39947,3226
1000368,4,425900200,48630,1790
1000369,4,371043900,46814,1540
1000370,4,433619632,44163,2208
1000371,4,383671930,47395,1903
1000372,4,174813600,19230,831
1000373,4,428638900,52669,1259
1000374,4,425074769,42580,2011
1000375,4,459763175,50105,2676
1000376,4,417005392,53721,2209
1000377,4,322225686,32049,2594
1000378,4,427612620,42418,2125
1000379,4,381291298,39976,1313
1000380,4,350601650,36538,3136
1000381,4,266794500,34744,986
1000382,4,399276150,39357,1829
1000383,4,238704300,31137,515
1000384,4,462565300,54697,1445
1000385,4,418279954,49596,1753
1000386,4,356135200,41340,1954
1000387,4,325621800,35397,928
1000388,4,103855200,12123,1060
1000389,4,362828900,43168,2597
1000390,4,171426940,18325,3155
1000391,4,394269300,46482,1550
1000392,4,308621680,31892,2576
1000393,4,83500189,9113,2357
1000394,4,357223742,42573,1960
1000395,4,266169864,27224,1598
1000396,4,156446000,17202,1330
1000397,4,379919500,45379,1267
1000398,4,362411200,43149,1316
1000399,4,248645600,22940,800
1000400,4,82874000,2444,141
1000401,4,337236220,36437,2992
1000402,4,221547100,26351,1081
1000403,4,267785690,25689,2865
1000404,4,162000,24,3
1000405,4,233880971,31517,1231
1000406,4,326871127,37403,1968
1000407,4,298148100,33577,2815
1000408,4,267468094,26996,2996
1000409,4,311850830,34516,1416
1000410,4,212396812,21920,867
1000411,4,294901025,32698,2052
1000412,4,284057610,30220,2576
1000413,4,278816800,35167,1171
1000414,4,21002860,2433,239
1000415,4,223480200,22061,2160
1000416,4,240895780,30172,1143
1000417,4,121966470,14139,2097
1000418,4,256297040,28850,1989
1000419,4,271966300,30510,783
1000420,4,209961430,24981,1365
1000421,4,164313600,20766,1027
1000422,4,227082967,28327,2082
1000423,4,82224601,8406,1080
1000424,4,290000,31,3
1000425,4,291744700,31541,2197
1000426,4,228940630,23883,2090
1000427,4,179093542,19541,520
1000428,4,238550900,32290,954
1000429,4,247568693,29656,892
1000430,4,271455700,33426,1460
1000431,4,180115600,23863,669
1000432,4,184642400,22525,1799
1000433,4,195821300,23370,1401
1000434,4,187728800,23747,499
1000435,4,220796140,25945,673
1000436,4,166589770,16068,955
1000437,4,116906940,13127,1003
1000438,4,152813902,16477,1262
1000439,4,175162700,21217,1134
1000440,4,152888268,18219,1166
1000441,4,68194000,2728,276
1000442,4,120929780,12687,601
1000443,4,192370194,23751,1314
1000444,4,188736700,22522,1224
1000445,4,142864350,13960,1202
1000446,4,169033300,20928,766
1000447,4,179546580,18502,2068
1000448,4,159166600,23593,625
1000449,4,198105460,21203,2783
1000450,4,207825680,23710,3128
1000451,4,136185230,15232,721
1000452,4,151049500,15756,1403
1000453,4,82655400,10850,498
1000454,4,153974350,16044,1879
1000455,4,123281590,14522,1450
1000456,4,138243200,15872,551
1000457,4,140408850,14296,1879
1000458,4,122287800,15010,1174
1000459,4,156375450,16493,1526
1000460,4,143491829,13751,1149
1000461,4,130370850,15476,1221
1000462,4,53831200,6418,820
1000463,4,115482949,13976,1027
1000464,4,161536700,21511,968
1000465,4,193203700,25487,749
1000466,4,110732140,12836,864
1000467,4,120495800,15066,1163
1000468,4,102471960,10354,1386
1000469,4,71142200,9731,437
1000470,4,35878600,4356,83
1000471,4,64993200,4991,103
1000472,4,117090120,13869,1668
1000473,4,226000,23,2
1000474,4,93955007,9883,994
1000475,4,113733292,11034,1877
1000476,4,109863547,11661,430
1000477,4,123463500,15978,672
1000478,4,107559280,13116,616
1000479,4,123433440,15642,842
1000480,4,112124480,10328,510
1000481,4,133688500,14664,592
1000482,4,,,
1000483,4,92660100,11088,734
1000484,4,117977800,14527,552
1000485,4,95968500,11483,653
1000486,4,141057900,18584,838
1000487,4,93970900,12635,486
1000488,4,76320000,4770,228
1000489,4,125961800,15726,418
1000490,4,62082930,7659,541
1000491,4,44604800,5213,149
1000492,4,78895168,9040,805
1000493,4,97115607,11130,1243
1000494,4,61189400,7349,834
1000495,4,47933000,6116,344
1000496,4,78341000,10214,406
1000497,4,92015775,9456,
1000498,4,53145986,5473,1093
1000499,4,120014550,14883,417
1000500,4,59655000,5780,506
1000501,4,67779200,8880,
1000502,4,26122000,3400,62
1000503,4,,,
1000504,4,53898500,6817,685
1000505,4,60376400,7150,1000
1000506,4,50413700,6631,765
1000507,4,56354100,5743,484
1000508,4,58441417,6052,577
1000509,4,50112500,6076,351
1000510,4,41579200,5281,626
1000511,4,57839300,7066,640
1000512,4,46888200,5506,893
1000513,4,53967100,5089,264
1000514,4,42808600,3962,277
1000515,4,45797300,5986,475
1000516,4,63151000,8149,577
1000517,4,,,
1000518,4,46103100,5046,542
1000519,4,54865830,6031,
1000520,4,43212000,5189,598
1000521,4,26050576,2495,87
1000522,4,37820800,4152,381
1000523,4,60280600,7766,735
1000524,4,55499530,7134,365
1000525,4,43438300,5297,700
1000526,4,47501400,5450,636
1000527,4,31421700,3267,420
1000528,4,44896310,5124,470
1000529,4,18027000,785,124
1000530,4,41610750,4493,300
1000531,4,27076480,3056,310
1000532,4,34836600,3245,341
1000533,4,,,
1000534,4,20692100,2443,350
1000535,4,39616499,4076,406
1000536,4,9400000,2352,355
1000537,4,,,
1000538,4,20396200,2387,362
1000539,4,,,
1000540,4,19840000,1712,346
1000541,4,47825800,5877,195
1000542,4,26188593,2643,362
1000543,4,34354800,3947,451
1000544,4,22721560,2884,270
1000545,4,15622400,1895,
1000546,4,17979700,2555,269
1000547,4,33768800,4640,293
1000548,4,,,
1000549,4,20676641,2249,169
1000550,4,,,
1000551,4,6039000,663,143
1000552,4,13373390,1453,268
1000553,4,31028600,3560,184
1000554,4,19180000,2318,374
1000555,4,17922900,1824,354
1000556,4,7530500,891,119
1000557,4,23922900,2946,325
1000558,4,16499500,1100,31
1000559,4,19324620,1950,448
1000560,4,12258000,1398,72
1000561,4,19811600,2301,182
1000562,4,6402100,708,148
1000563,4,11987178,1245,257
1000564,4,10800500,1505,119
1000565,4,7113500,679,43
1000566,4,17234700,2129,377
1000567,4,8273600,834,57
1000568,4,,,
1000569,4,12483700,1636,340
1000570,4,26765042,2802,294
1000571,4,,,
1000572,4,27984500,3713,170
1000573,4,5550000,715,105
1000574,4,15929000,937,13
1000575,4,,,
1000576,4,7798690,739,
1000577,4,236000,30,10
1000578,4,9869000,1765,34
1000579,4,7670539,867,88
1000580,4,,,
1000581,4,5692200,553,63
1000582,4,3384200,441,61
1000583,4,4802000,812,39
1000584,4,,,
1000585,4,3609500,513,42
1000586,4,2650000,265,24
1000587,4,5539693,559,150
1000588,4,6472470,739,197
1000589,4,5524500,700,166
1000590,4,5423400,631,107
1000591,4,4543700,652,62
1000592,4,4933000,705,32
1000593,4,6131778,651,134
1000594,4,6073400,710,136
1000595,4,3561000,471,115
1000596,4,3976080,461,166
1000597,4,4090700,491,53
1000598,4,3533127,377,78
1000599,4,2227300,256,39
1000600,4,2178000,242,25
1000601,4,5640010,615,129
1000602,4,766300,74,22
1000603,4,1910199,258,5
1000604,4,2565599,309,15
1000605,4,5154170,586,160
1000606,4,5068500,576,139
1000607,4,5532500,676,92
1000608,4,1330000,142,50
1000609,4,,,
1000610,4,3071860,415,82
1000611,4,3129695,523,28
1000612,4,897500,110,14
1000613,4,2401000,277,42
1000614,4,905100,84,7
1000615,4,791500,57,8
1000616,4,2887700,270,38
1000617,4,2458799,228,52
1000618,4,2546440,361,39
1000619,4,,,
1000620,4,3360400,342,120
1000621,4,1623200,193,30
1000622,4,4227500,484,132
1000623,4,3466000,386,87
1000624,4,,,
1000625,4,,,
1000626,4,1728300,226,56
1000627,4,,,
1000628,4,,,
1000629,4,,,
1000630,4,847400,75,5
1000631,4,1445400,232,18
1000632,4,2351000,255,54
1000633,4,,,
1000634,4,1655500,210,48
1000635,4,,,
1000636,4,1251000,183,3
1000637,4,5160000,344,12
1000638,4,,,
1000639,4,1841000,282,24
1000640,4,429800,55,22
1000641,4,1275320,214,20
1000642,4,982000,150,5
1000643,4,2488300,289,66
1000644,4,2307700,286,61
1000645,4,2118000,202,63
1000646,4,1658000,269,17
1000647,4,5694599,516,41
1000648,4,1060000,215,5
1000649,4,,,
1000650,4,627000,57,22
1000651,4,670928,63,30
1000652,4,681300,92,29
1000653,4,3277727,306,40
1000654,4,446000,59,18
1000655,4,,,
1000656,4,530000,109,3
1000657,4,1129500,162,41
1000658,4,,,
1000659,4,2487699,201,30
1000660,4,255000,17,8
1000662,4,741000,89,12
1000663,4,494700,49,17
1000664,4,,,
1000665,4,30000,10,1
1000666,4,40000,10,1
1000667,4,,,
1000668,4,19000,2,2
1000669,4,1090500,114,28
1000670,4,701000,129,6
1000671,4,70000,9,5
1000672,4,343500,36,17
1000673,4,261000,36,2
1000674,4,,,
1000675,4,260000,36,2
1000676,4,,,
1000677,4,40000,10,1
1000678,4,369300,51,14
1000679,4,492000,54,6
1000680,4,125000,25,5
1000681,4,935917,89,26
1000682,4,197000,23,3
1000683,4,,,
1000684,4,141000,18,6
1000685,4,42000,21,1
1000686,4,376500,38,12
1000687,4,,,
1000688,4,,,
1000001,5,9194797790,1033089,10631
1000002,5,10031212500,1257380,7963
1000003,5,10312298400,973821,13746
1000004,5,6139514930,625180,9427
1000005,5,10584623400,1268537,8801
1000006,5,3128245583,328445,8241
1000007,5,3637334300,454191,4659
1000008,5,10316191721,1048321,16833
1000009,5,5819291900,723999,5349
1000010,5,10915444914,1072153,14500
1000011,5,11361976500,1302687,10992
1000012,5,7664950100,950620,7338
1000013,5,9039743900,1093911,8929
1000014,5,10187889700,1195273,10057
1000015,5,3071603430,382497,9196
1000016,5,6839317120,773015,8605
1000017,5,6389238700,775005,8804
1000018,5,7043504621,655697,10095
1000019,5,8409285165,854175,13968
1000020,5,8962482660,852525,11568
1000021,5,2274343480,283573,9103
1000022,5,3704976600,471916,4027
1000023,5,2967913800,352228,4120
1000024,5,2446435500,333768,2999
1000025,5,5134317100,609044,6783
1000026,5,3585077300,445051,5102
1000027,5,4685083300,560046,
1000028,5,7685360800,902734,7145
1000029,5,6236394140,738317,5117
1000030,5,1617876700,211777,4947
1000031,5,1913154900,252102,5309
1000032,5,3087016738,369907,4065
1000033,5,2131883800,291989,5887
1000034,5,5844388660,697945,5666
1000035,5,7612135400,917669,10361
1000036,5,4788363585,473016,8961
1000037,5,4024137100,497421,6718
1000038,5,4388599150,484415,5942
1000039,5,3506103700,439924,4454
1000040,5,6266643783,611648,7288
1000041,5,5317915478,504134,7065
1000042,5,4023095950,450294,6585
1000043,5,3707568100,441268,3878
1000044,5,4144184100,504156,5263
1000045,5,4504282600,525513,5913
1000046,5,4172910461,459752,6562
1000047,5,3834287263,404673,9236
1000048,5,4822205300,539350,5375
1000049,5,1429144500,187763,5414
1000050,5,7106650480,782927,9261
1000051,5,4760704740,539026,6378
1000052,5,5089497170,571572,7247
1000053,5,4567859900,505485,10832
1000054,5,4292329875,427792,7730
1000055,5,3870900800,463151,5324
1000056,5,1744647900,235668,5841
1000057,5,4082687400,470236,5398
1000058,5,2434875350,241879,7209
1000059,5,3987573100,443136,13353
1000060,5,2581825924,252630,6858
1000061,5,2643962300,255868,4104
1000062,5,2660344100,312611,3727
1000063,5,3916372500,473846,
1000064,5,2266864170,238689,4357
1000065,5,3471456338,424767,5439
1000066,5,3542110050,400083,6166
1000067,5,2730337870,307449,7612
1000068,5,3303531300,405385,4887
1000069,5,4011485560,440790,6503
1000070,5,3753473160,416173,
1000071,5,1209843800,157809,3873
1000072,5,2413409300,271458,4553
1000073,5,2183094200,258836,3423
1000074,5,2515327800,320062,3293
1000075,5,4474400,603,122
1000076,5,2703207100,296821,4880
1000077,5,609470600,81305,3172
1000078,5,2424745900,271180,5023
1000079,5,3697331050,376363,9364
1000080,5,634330300,87182,5388
1000081,5,1901195630,216971,5200
1000082,5,1882163253,197022,4968
1000083,5,987093300,131499,4551
1000084,5,2850305040,324324,5007
1000085,5,2416255100,271250,4350
1000086,5,2652125100,334969,5011
1000087,5,2659765800,322030,
1000088,5,1132427300,150695,4539
1000089,5,1912303700,236418,3155
1000090,5,2676107300,298946,4335
1000091,5,3047696300,373836,5433
1000092,5,2731232550,270152,6990
1000093,5,2892335900,342871,5324
1000094,5,1101336703,110306,5054
1000095,5,2295273100,272180,5066
1000096,5,2937096308,278726,6619
1000097,5,2729723250,306311,5409
1000098,5,2210941500,261919,4030
1000099,5,3437350510,381642,5240
1000100,5,3770794860,432276,6199
1000101,5,1916911640,225305,3788
1000102,5,978097300,130484,4125
1000103,5,2737714320,313336,5576
1000104,5,1901265700,239658,2837
1000105,5,1484717286,141569,4538
1000106,5,688680700,91433,5887
1000107,5,1155001740,111270,4187
1000108,5,2247296290,245513,5338
1000109,5,2430864550,287337,4358
1000110,5,2297433754,229703,7735
1000111,5,1086953400,132862,6046
1000112,5,2601598600,313188,5734
1000113,5,2300774900,273777,3197
1000114,5,2472624642,232034,5738
1000115,5,708016800,92254,4062
1000116,5,1592119200,173105,3603
1000117,5,2147267600,249982,3717
1000118,5,611280411,66040,4929
1000119,5,1423538000,175493,3047
1000120,5,1392660056,145034,3501
1000121,5,907880560,113575,4299
1000122,5,2040427250,229792,3730
1000123,5,2500153150,271586,4627
1000124,5,1358771102,142748,5197
1000125,5,2504123200,302093,3746
1000126,5,,,
1000127,5,2657401029,246787,6661
1000128,5,2263447540,256133,9044
1000129,5,1872229560,184116,5692
1000130,5,2088881900,230239,3653
1000131,5,1965560090,221789,3824
1000132,5,1955542900,238918,3226
1000133,5,1608383480,183315,5680
1000134,5,2056361060,231350,9395
1000135,5,572126700,77835,3356
1000136,5,1293644000,170698,2117
1000137,5,1058360040,105070,5273
1000138,5,2127143000,236214,4226
1000139,5,935865750,104682,6526
1000140,5,1595949930,167846,7020
1000141,5,1492881618,147682,
1000142,5,1860813749,189318,5531
1000143,5,602880820,73974,4185
1000144,5,537343300,71810,3712
1000145,5,1443511000,181920,3005
1000146,5,1038925242,103561,2547
1000147,5,441273400,59650,3087
1000148,5,871590600,128950,6363
1000149,5,1824705840,204835,4374
1000150,5,2282525940,262662,5793
1000151,5,1736457050,198391,4425
1000152,5,1790546200,215703,5155
1000153,5,1848759200,178724,6280
1000154,5,1351887620,135461,6986
1000155,5,597924200,79305,3680
1000156,5,1203638900,154459,2633
1000157,5,1192813400,135550,3001
1000158,5,1296741600,152370,2308
1000159,5,1167919900,139732,3861
1000160,5,1505051040,174663,2842
1000161,5,909284967,93532,3388
1000162,5,372409300,52826,2507
1000163,5,1579016500,222870,2747
1000164,5,517585400,69429,3917
1000165,5,1250732900,148710,3038
1000166,5,1428172500,168610,3348
1000167,5,1130973600,135247,2926
1000168,5,1955143960,206609,6396
1000169,5,986220127,109050,3586
1000170,5,1781808200,207804,4217
1000171,5,1701111950,188699,6399
1000172,5,673177301,66098,4496
1000173,5,1408740293,138855,5204
1000174,5,1767419500,209500,3991
1000175,5,1231048800,148507,3452
1000176,5,1874862400,223261,5458
1000177,5,1504691700,179647,4576
1000178,5,603773800,79511,2689
1000179,5,1276019900,145265,4696
1000180,5,1927802340,221818,5830
1000181,5,1296687250,151454,3763
1000182,5,506509000,67978,2945
1000183,5,915734090,105359,3580
1000184,5,1629473427,164090,3930
1000185,5,472364500,62732,2840
1000186,5,1064075400,126343,3546
1000187,5,429372800,56883,4320
1000188,5,1009137130,115831,3072
1000189,5,1082842675,109428,5231
1000190,5,1479287840,170126,3275
1000191,5,1265304300,148496,3356
1000192,5,1231055101,123019,4780
1000193,5,1554075350,172647,3231
1000194,5,992784140,101042,4696
1000195,5,435218600,58150,
1000196,5,444849000,61201,2908
1000197,5,994268300,119493,2758
1000198,5,1439767800,169542,3778
1000199,5,583978500,74035,1282
1000200,5,1315408913,127942,4457
1000201,5,291778300,39567,2957
1000202,5,451080400,57611,2905
1000203,5,320462800,44353,3033
1000204,5,347897600,46545,2495
1000205,5,1041837630,97884,4915
1000206,5,1078842033,104223,5513
1000207,5,449095140,46086,2646
1000208,5,1449329900,175872,3236
1000209,5,423133400,57761,3637
1000210,5,1007533830,97210,5138
1000211,5,1447341050,165836,4511
1000212,5,932489100,99458,4192
1000213,5,319626800,44516,2432
1000214,5,739392520,90110,2733
1000215,5,1190814900,138594,3624
1000216,5,1373258900,164349,4735
1000217,5,640506020,65401,4293
1000218,5,982174526,96582,4503
1000219,5,1264243000,157682,2428
1000220,5,310320300,42213,1508
1000221,5,36000500,4920,419
1000222,5,687186463,66487,4624
1000223,5,704811870,70649,4275
1000224,5,267608700,36798,2609
1000225,5,87108600,11805,1025
1000226,5,1149367100,129514,2755
1000227,5,333638800,43119,2732
1000228,5,757532406,71436,2995
1000229,5,310241815,32549,3875
1000230,5,837288138,80202,3167
1000231,5,1112920740,110236,4617
1000232,5,449563340,45642,4139
1000233,5,802904347,82900,4413
1000234,5,926098600,114651,2502
1000235,5,715120703,74604,3252
1000236,5,443000,61,13
1000237,5,856082300,107431,1681
1000238,5,1179986600,133059,4692
1000239,5,324499500,43041,2370
1000240,5,931357450,101729,3307
1000241,5,1115793400,134745,3047
1000242,5,100336100,14062,997
1000243,5,684432400,85246,1653
1000244,5,575643290,53384,3729
1000245,5,1330130100,150958,6055
1000246,5,407238060,55102,1421
1000247,5,1135695200,132996,3039
1000248,5,703529260,73432,4075
1000249,5,255648350,32491,2328
1000250,5,70042930,9602,819
1000251,5,713918601,72968,4573
1000252,5,252710800,35489,2407
1000253,5,328595500,46218,2276
1000254,5,858576872,82665,4256
1000255,5,642317060,69235,4401
1000256,5,846706400,104208,1626
1000257,5,670356270,71016,5517
1000258,5,279311300,35889,2308
1000259,5,918045850,105061,2859
1000260,5,960655500,89743,5048
1000261,5,327205400,43069,2415
1000262,5,930737920,105781,2776
1000263,5,956390450,107915,2433
1000264,5,637588450,77429,2151
1000265,5,604611280,61987,5249
1000266,5,497229860,50303,2123
1000267,5,858217500,101049,
1000268,5,672198987,63374,2712
1000269,5,538253300,64429,1848
1000270,5,8000,3,3
1000271,5,232834440,27589,4182
1000272,5,732240523,67046,4247
1000273,5,646554200,81861,2474
1000274,5,253980000,34000,3061
1000275,5,650305467,63112,3793
1000276,5,652356100,77377,2089
1000277,5,963976800,121069,1691
1000278,5,619544257,63501,4510
1000279,5,429046000,51397,2571
1000280,5,449854700,57391,1556
1000281,5,1094358900,142008,2572
1000282,5,294115228,30808,1790
1000283,5,275577000,39942,1868
1000284,5,972857050,110849,2804
1000285,5,536807460,61204,3838
1000286,5,405537860,50787,1700
1000287,5,152818100,20597,2046
1000288,5,619507174,62044,3513
1000289,5,481600450,60502,1133
1000290,5,370464938,40778,1436
1000291,5,648134230,64893,3748
1000292,5,188064700,25492,
1000293,5,580234098,60294,1162
1000294,5,221723200,29568,1946
1000295,5,500165510,52970,3415
1000296,5,638009123,63547,3445
1000297,5,492174647,47811,4384
1000298,5,669215700,80035,2580
1000299,5,602888600,72639,2807
1000300,5,559924100,63352,2292
1000301,5,248753800,33631,2429
1000302,5,832604150,94622,2687
1000303,5,520628516,50992,2798
1000304,5,598599510,59885,5128
1000305,5,564078852,55985,3420
1000306,5,453812514,45189,2578
1000307,5,564038000,61671,1651
1000308,5,415879080,45603,4534
1000309,5,213982700,28501,2426
1000310,5,216350700,29027,2146
1000311,5,528535627,52822,1905
1000312,5,377611270,39165,3274
1000313,5,162705020,17755,3709
1000314,5,179986600,24821,1785
1000315,5,458201100,57583,1313
1000316,5,184095840,22005,3467
1000317,5,479774400,62146,2084
1000318,5,449388441,48800,1594
1000319,5,523607100,69800,2286
1000320,5,580189245,58306,2316
1000321,5,152413500,22231,783
1000322,5,227150100,30127,2117
1000323,5,423575600,51325,1572
1000324,5,473800880,56296,2075
1000325,5,160671700,21598,1744
1000326,5,428498400,50734,
1000327,5,184211000,24309,1737
1000328,5,556699700,67170,2244
1000329,5,572810800,69577,1838
1000330,5,49744500,6914,665
1000331,5,601800500,86088,916
1000332,5,510315200,61237,2020
1000333,5,198008400,26196,1576
1000334,5,308694093,33661,1368
1000335,5,523981010,48711,2543
1000336,5,80676800,11348,1313
1000337,5,,,
1000338,5,378915510,39651,3469
1000339,5,388425910,41624,3840
1000340,5,327043297,32329,2623
1000341,5,189136800,26302,2252
1000342,5,159092600,22309,2394
1000343,5,331711330,35224,1024
1000344,5,398648000,49989,1414
1000345,5,170136200,23463,2523
1000346,5,416919484,42525,2953
1000347,5,448626400,57156,2105
1000348,5,518259241,61720,1906
1000349,5,290495690,32831,4002
1000350,5,192953800,25781,2205
1000351,5,353732200,42617,1323
1000352,5,357177340,38236,2244
1000353,5,465403700,55284,1880
1000354,5,428655200,52302,2344
1000355,5,92552900,10996,323
1000356,5,310471900,33887,2223
1000357,5,195266700,26420,1825
1000358,5,155657600,20241,1744
1000359,5,450612400,53856,1533
1000360,5,296509600,34244,1987
1000361,5,142504600,19362,2533
1000362,5,324623107,31728,3164
1000363,5,130548280,16229,2499
1000364,5,377655801,38836,2946
1000365,5,140671100,18454,2396
1000366,5,109750900,14950,1514
1000367,5,294332130,31160,2950
1000368,5,366335210,41680,1696
1000369,5,119270700,16405,1560
1000370,5,350133502,35962,2014
1000371,5,381275480,47090,1789
1000372,5,286003600,32232,796
1000373,5,352158200,42689,1265
1000374,5,377252321,38500,1936
1000375,5,427941590,46589,2513
1000376,5,344654700,44362,2067
1000377,5,273710339,26468,2453
1000378,5,297838110,29749,2014
1000379,5,342200366,35943,1363
1000380,5,118533040,13430,2476
1000381,5,194716500,25196,950
1000382,5,276398168,26293,1620
1000383,5,230462100,32778,537
1000384,5,149993200,19458,1394
1000385,5,361419800,42773,1651
1000386,5,140908500,18830,1994
1000387,5,23319700,2720,344
1000388,5,80918400,9619,979
1000389,5,123781500,16872,2315
1000390,5,70107140,7959,2306
1000391,5,309706600,36546,1406
1000392,5,104599720,11214,1997
1000393,5,90594302,9642,2401
1000394,5,330713300,39445,1878
1000395,5,227853445,23417,1515
1000396,5,228604700,24906,1065
1000397,5,341463600,40833,1219
1000398,5,139800100,18220,1424
1000399,5,238374200,21949,798
1000400,5,179041000,5325,149
1000401,5,73175860,8771,2044
1000402,5,154930700,20181,1094
1000403,5,237108050,22550,2818
1000404,5,28000,5,1
1000405,5,218019700,28467,1124
1000406,5,313515140,35946,1832
1000407,5,311106190,35205,2867
1000408,5,94311795,10434,2318
1000409,5,250440710,27962,1318
1000410,5,309796006,32478,876
1000411,5,254358090,28126,1884
1000412,5,263810040,27772,2445
1000413,5,101820900,14126,1205
1000414,5,7935400,930,180
1000415,5,225460030,22404,2049
1000416,5,217749010,27030,1101
1000417,5,120204970,12492,2209
1000418,5,92828780,11738,1769
1000419,5,246451500,27499,780
1000420,5,173183960,20748,1256
1000421,5,79222100,11278,1069
1000422,5,253900300,31146,1961
1000423,5,133404219,13202,860
1000424,5,192000,27,5
1000425,5,111802000,13880,2086
1000426,5,209300360,21920,2025
1000427,5,48759704,5594,397
1000428,5,66296000,9832,985
1000429,5,228749100,27188,874
1000430,5,87410500,12282,1518
1000431,5,223977200,28423,691
1000432,5,75380300,10071,1604
1000433,5,75531600,10695,1375
1000434,5,97432200,13727,415
1000435,5,187628590,21792,634
1000436,5,166064000,16024,944
1000437,5,81322420,9004,905
1000438,5,139948831,14947,1197
1000439,5,77099900,10286,1174
1000440,5,141756900,16690,1083
1000441,5,48269000,1931,242
1000442,5,62097635,6325,503
1000443,5,188272700,23080,1264
1000444,5,196860300,23382,1172
1000445,5,136507424,13353,1172
1000446,5,54741700,7140,750
1000447,5,150289970,15527,1928
1000448,5,21734300,3220,371
1000449,5,431379240,45091,2577
1000450,5,175828760,19906,2967
1000451,5,62716580,7400,715
1000452,5,123892300,13358,1312
1000453,5,49798700,6410,408
1000454,5,139253760,14399,1803
1000455,5,97829040,11478,1262
1000456,5,138946900,15897,546
1000457,5,45924800,5017,1414
1000458,5,173050900,18715,1095
1000459,5,140679030,14526,1472
1000460,5,114203643,10853,1056
1000461,5,60121220,7981,1076
1000462,5,35187300,4746,794
1000463,5,111513600,13308,950
1000464,5,32111700,4423,794
1000465,5,7617800,1092,237
1000466,5,95515200,11169,826
1000467,5,38004700,5490,1094
1000468,5,90400610,9213,1357
1000469,5,58251800,7770,414
1000470,5,11654900,1658,81
1000471,5,34434400,2944,93
1000472,5,105866540,12566,1584
1000473,5,,,
1000474,5,81313334,8475,913
1000475,5,98340999,9498,1751
1000476,5,113512552,11972,438
1000477,5,102385700,13037,603
1000478,5,96634600,11653,573
1000479,5,16693760,2273,431
1000480,5,107618720,9845,498
1000481,5,32678800,3832,513
1000482,5,,,
1000483,5,36187000,5207,794
1000484,5,125482100,15533,521
1000485,5,36081700,4975,668
1000486,5,13903900,1940,452
1000487,5,4049000,606,135
1000488,5,69439000,4340,228
1000489,5,5137000,694,137
1000490,5,61006260,7522,539
1000491,5,19845600,2318,104
1000492,5,72221900,8332,769
1000493,5,90034330,10163,1164
1000494,5,23920500,3203,763
1000495,5,59730200,7583,356
1000496,5,27920200,3858,394
1000497,5,60581878,6446,
1000498,5,65957025,6727,1092
1000499,5,8328150,1195,188
1000500,5,50593600,4906,472
1000501,5,27148600,3871,
1000502,5,14251200,2003,55
1000503,5,,,
1000504,5,48652600,6019,622
1000505,5,50392700,5867,903
1000506,5,48772400,6352,727
1000507,5,49970400,5266,458
1000508,5,44678877,4654,523
1000509,5,47498100,5756,346
1000510,5,38296600,4801,582
1000511,5,26119000,3545,668
1000512,5,20183800,2681,736
1000513,5,54265900,5060,253
1000514,5,40458900,3732,270
1000515,5,43196100,6100,459
1000516,5,31481100,4455,614
1000517,5,,,
1000518,5,53705600,5280,526
1000519,5,45173040,5345,
1000520,5,37668000,4593,539
1000521,5,14678099,1501,86
1000522,5,33899400,3614,358
1000523,5,16203600,2250,572
1000524,5,3513600,473,118
1000525,5,25264500,3456,831
1000526,5,44568710,5210,594
1000527,5,49217020,5182,476
1000528,5,36836285,4199,442
1000529,5,15917000,693,120
1000530,5,12004050,1685,286
1000531,5,17057620,2199,405
1000532,5,28746200,2681,308
1000533,5,,,
1000534,5,21070400,2472,321
1000535,5,38968824,4067,383
1000536,5,7344000,1840,319
1000537,5,,,
1000538,5,17037700,2025,327
1000539,5,,,
1000540,5,5431000,462,161
1000541,5,5156100,699,151
1000542,5,25381187,2599,341
1000543,5,35184798,4067,425
1000544,5,25519960,3218,267
1000545,5,16027600,1852,
1000546,5,18854500,2709,250
1000547,5,10400900,1589,212
1000548,5,,,
1000549,5,20438246,2298,164
1000550,5,,,
1000551,5,5821600,668,147
1000552,5,15364090,1603,268
1000553,5,3874000,574,122
1000554,5,2399500,301,100
1000555,5,14269800,1421,316
1000556,5,3447000,453,102
1000557,5,6972500,958,275
1000558,5,22890000,1526,28
1000559,5,18455010,1869,423
1000560,5,6281100,756,74
1000561,5,8981800,1139,170
1000562,5,2057000,223,99
1000563,5,10077616,1015,230
1000564,5,10182100,1401,108
1000565,5,7604000,691,44
1000566,5,8468500,1159,325
1000567,5,10793300,1073,59
1000568,5,,,
1000569,5,4597000,682,285
1000570,5,1553800,168,65
1000571,5,,,
1000572,5,1628000,249,49
1000573,5,3328000,453,105
1000574,5,18546500,1091,16
1000575,5,,,
1000576,5,7419020,699,
1000577,5,201000,26,11
1000578,5,2315000,319,30
1000579,5,2847000,339,74
1000580,5,,,
1000581,5,19316200,1696,64
1000582,5,4262500,567,64
1000583,5,3132000,592,39
1000584,5,,,
1000585,5,2008900,370,39
1000586,5,1140000,114,25
1000587,5,4678693,483,152
1000588,5,6724910,756,183
1000589,5,2441500,370,135
1000590,5,5751500,681,99
1000591,5,5104600,698,63
1000592,5,4886000,698,27
1000593,5,5771450,629,124
1000594,5,6497200,808,143
1000595,5,2834000,387,121
1000596,5,3241010,349,146
1000597,5,2538900,343,53
1000598,5,915099,99,37
1000599,5,2443300,283,34
1000600,5,1881000,209,27
1000601,5,2796520,344,103
1000602,5,526400,54,18
1000603,5,1020300,140,9
1000604,5,1807000,227,19
1000605,5,3143740,361,124
1000606,5,2254000,275,111
1000607,5,3004500,398,83
1000608,5,413900,56,31
1000609,5,,,
1000610,5,1428550,207,59
1000611,5,1243000,211,33
1000612,5,3171000,372,12
1000613,5,1746500,218,50
1000614,5,,,
1000615,5,268599,32,6
1000616,5,2762000,250,36
1000617,5,1160000,103,32
1000618,5,1053270,162,32
1000619,5,,,
1000620,5,1025000,128,75
1000621,5,736420,97,22
1000622,5,1121700,149,80
1000623,5,3751400,395,100
1000624,5,,,
1000625,5,,,
1000626,5,833500,116,46
1000627,5,,,
1000628,5,,,
1000629,5,,,
1000630,5,,,
1000631,5,676000,107,15
1000632,5,2004000,218,53
1000633,5,,,
1000634,5,969000,132,48
1000635,5,,,
1000636,5,1791000,291,5
1000637,5,509500,34,11
1000638,5,,,
1000639,5,666000,99,19
1000640,5,333600,48,26
1000641,5,1087200,182,20
1000642,5,862000,138,4
1000643,5,1180100,158,64
1000644,5,1082460,139,55
1000645,5,1120800,124,57
1000646,5,1222000,194,16
1000647,5,1634900,170,43
1000648,5,1070000,217,5
1000649,5,,,
1000650,5,558200,50,16
1000651,5,837800,78,29
1000652,5,251500,36,25
1000653,5,1622400,162,40
1000654,5,266000,40,15
1000655,5,,,
1000656,5,530000,109,3
1000657,5,1380500,199,50
1000658,5,,,
1000659,5,594097,59,22
1000660,5,495000,33,9
1000662,5,424000,56,11
1000663,5,374000,46,19
1000664,5,,,
1000665,5,30000,10,1
1000666,5,1100000,222,5
1000667,5,,,
1000668,5,4310000,854,48
1000669,5,740000,78,28
1000670,5,620000,109,4
1000671,5,64000,8,5
1000672,5,192500,18,10
1000673,5,237000,34,3
1000674,5,52000,12,2
1000675,5,144000,20,1
1000676,5,,,
1000677,5,,,
1000678,5,464500,63,13
1000679,5,556000,60,5
1000680,5,125000,25,5
1000681,5,332800,37,20
1000682,5,246000,34,4
1000683,5,,,
1000684,5,92000,12,4
1000685,5,134000,40,1
1000686,5,222500,78,12
1000687,5,,,
1000688,5,,,
1000001,6,3252003460,397188,9914
1000002,6,7455501400,990022,7551
1000003,6,3401800740,336655,12527
1000004,6,2241832025,239666,8498
1000005,6,10020464250,1212822,8641
1000006,6,2836643376,298464,8359
1000007,6,1519757200,204536,4438
1000008,6,3441769815,362002,15144
1000009,6,3180133300,420701,5226
1000010,6,6633367010,698263,14103
1000011,6,4990976600,629793,10550
1000012,6,3216126200,424718,6930
1000013,6,4175562100,562755,8569
1000014,6,3800105300,499070,9288
1000015,6,2782574190,348723,9193
1000016,6,3390090930,417327,8425
1000017,6,7954107900,952387,9253
1000018,6,3863995934,385978,9636
1000019,6,7127788589,738619,13139
1000020,6,7610821646,733293,11034
1000021,6,4058697280,498328,7822
1000022,6,1920733800,259470,3993
1000023,6,1051594800,138338,4117
1000024,6,1103389000,160582,2968
1000025,6,1443382400,194553,6005
1000026,6,1382971200,185312,4851
1000027,6,4460462100,531469,
1000028,6,2069763000,273151,6634
1000029,6,5688135600,681454,5047
1000030,6,1483958000,194968,4950
1000031,6,1696077400,225831,5362
1000032,6,3573605100,425472,4545
1000033,6,1607111900,209856,5894
1000034,6,3707436420,495531,5609
1000035,6,3478438000,468140,9730
1000036,6,2415911596,253361,8511
1000037,6,1127837200,150543,6235
1000038,6,6316161600,691357,6578
1000039,6,1611042400,218354,4088
1000040,6,5609307954,549530,6783
1000041,6,4593796044,438235,6906
1000042,6,1501357800,185179,6091
1000043,6,1875575020,252925,3907
1000044,6,2752137300,372146,5345
1000045,6,1243052400,163491,5524
1000046,6,3915544100,430064,6487
1000047,6,1442569494,157828,8589
1000048,6,2080080600,256834,5342
1000049,6,1238712200,163290,5400
1000050,6,5535386690,621378,8914
1000051,6,1778015680,219475,6201
1000052,6,1597962620,197828,6234
1000053,6,1700058540,203367,9846
1000054,6,2734894152,287155,7661
1000055,6,1179889900,160345,4956
1000056,6,1695385850,230227,5934
1000057,6,3397423800,395072,5141
1000058,6,1189341250,125796,6749
1000059,6,1183688780,141472,10778
1000060,6,699243880,75324,5758
1000061,6,766390359,82183,4226
1000062,6,3488924700,407853,3607
1000063,6,1174266500,159897,
1000064,6,820294440,89397,4193
1000065,6,3004716900,365976,5212
1000066,6,1209795250,155844,5837
1000067,6,1139314220,142477,7164
1000068,6,3576944000,444058,4590
1000069,6,1371323690,165587,6250
1000070,6,1042451680,126999,
1000071,6,1162755300,152240,3887
1000072,6,898900620,110578,4730
1000073,6,770551400,100645,3455
1000074,6,1749558698,240473,3481
1000075,6,4656500,609,118
1000076,6,1018969200,124470,4686
1000077,6,626695600,84735,2588
1000078,6,592291300,73793,4824
1000079,6,3238004550,331381,8987
1000080,6,627873600,87456,5411
1000081,6,794886970,98738,5012
1000082,6,645067068,69083,4970
1000083,6,809719450,108066,4555
1000084,6,897802890,112027,4766
1000085,6,857003400,104231,4150
1000086,6,809086100,107313,4572
1000087,6,911932500,124258,
1000088,6,1023497500,137205,4526
1000089,6,2184598500,273478,3095
1000090,6,995803000,128512,4244
1000091,6,844662000,109505,4797
1000092,6,2182004590,219613,6877
1000093,6,943302200,126124,4876
1000094,6,1735314556,173351,5137
1000095,6,752733300,99894,4718
1000096,6,977492031,97316,5979
1000097,6,956654860,118356,5139
1000098,6,1106714000,149813,4299
1000099,6,2924977700,329078,5243
1000100,6,2398718100,278180,5609
1000101,6,740659570,94251,3822
1000102,6,1084946500,144305,4173
1000103,6,965961820,119778,5320
1000104,6,773405200,104238,2753
1000105,6,504756996,49654,4259
1000106,6,673731800,89617,5842
1000107,6,494716790,49558,4051
1000108,6,694204420,85376,4911
1000109,6,855173500,113754,4090
1000110,6,2120383611,214438,7774
1000111,6,856972020,105215,6048
1000112,6,836172000,113352,5350
1000113,6,737056800,95381,2993
1000114,6,2983628465,286895,5746
1000115,6,634388200,82916,4071
1000116,6,2104405650,228598,3557
1000117,6,862262800,113311,3504
1000118,6,625545521,78771,3074
1000119,6,478645500,64377,2876
1000120,6,503933667,55451,3549
1000121,6,1175634620,149804,3739
1000122,6,786887930,95878,3794
1000123,6,1576247600,191134,4005
1000124,6,425729522,46761,4571
1000125,6,737575500,98696,3701
1000126,6,,,
1000127,6,852020713,82901,6113
1000128,6,556892400,67845,7111
1000129,6,511457540,52859,4993
1000130,6,754373350,89192,3638
1000131,6,1619305460,180905,3583
1000132,6,704048200,92463,3045
1000133,6,1303925290,148264,5502
1000134,6,929868540,113691,8406
1000135,6,511103600,70693,3380
1000136,6,574830000,81881,2170
1000137,6,1013801070,100037,5282
1000138,6,1338545450,165126,4161
1000139,6,325725370,38089,5250
1000140,6,414329310,46712,5743
1000141,6,475447352,49415,
1000142,6,414645429,43510,4755
1000143,6,609143820,76544,4236
1000144,6,555723000,74780,3698
1000145,6,498190700,67049,2989
1000146,6,971245504,95958,2481
1000147,6,445041000,61149,3067
1000148,6,647786850,82772,6178
1000149,6,789559310,97290,4037
1000150,6,740684200,90847,5370
1000151,6,576133500,73418,4130
1000152,6,1162464800,158053,4983
1000153,6,563270730,57670,5889
1000154,6,1189009430,118686,6848
1000155,6,639998700,85824,3687
1000156,6,1567525600,198026,2445
1000157,6,896843950,114277,2551
1000158,6,822982300,104859,2371
1000159,6,385233100,50835,3710
1000160,6,1503659450,177830,3060
1000161,6,317031096,33577,3332
1000162,6,386286000,55447,2539
1000163,6,500298000,74401,2621
1000164,6,460408200,62262,3919
1000165,6,415650800,55279,3185
1000166,6,473886400,62366,3219
1000167,6,515628100,69377,2897
1000168,6,1254896250,139323,6104
1000169,6,154276585,17737,2394
1000170,6,585721500,77647,3966
1000171,6,655974800,78965,5630
1000172,6,777958545,77600,4214
1000173,6,1000978659,106644,4879
1000174,6,458747000,59935,3746
1000175,6,425316800,57770,3351
1000176,6,1100381300,149835,5255
1000177,6,443388300,59586,4170
1000178,6,527579800,69637,2679
1000179,6,453429590,55865,4284
1000180,6,541749240,67838,5281
1000181,6,285234550,36338,3504
1000182,6,510104700,68795,2966
1000183,6,313569830,39139,3488
1000184,6,555938175,59433,3788
1000185,6,429041400,57342,2857
1000186,6,295925800,38651,3229
1000187,6,415622900,54858,4329
1000188,6,373285070,46972,3071
1000189,6,1005680952,103455,5180
1000190,6,1713453600,194847,3452
1000191,6,512199500,67914,3361
1000192,6,379006927,39333,4091
1000193,6,539010780,65994,3550
1000194,6,336745370,35775,4135
1000195,6,422916100,56833,
1000196,6,433648000,61769,2853
1000197,6,334539300,44454,2823
1000198,6,526351300,71791,3661
1000199,6,343564400,46731,1439
1000200,6,427992727,44181,3997
1000201,6,283687500,39374,2931
1000202,6,542638000,69145,3043
1000203,6,356017700,50146,3061
1000204,6,324388300,43485,2490
1000205,6,365502330,36060,4139
1000206,6,978994294,96444,5129
1000207,6,445023560,45136,2558
1000208,6,435978700,57274,2957
1000209,6,444416000,61529,3657
1000210,6,340764310,36166,4582
1000211,6,503289570,64201,4209
1000212,6,218545780,26238,3309
1000213,6,297408500,41827,2446
1000214,6,227022800,31231,2582
1000215,6,377148100,50096,3482
1000216,6,265169200,35464,4075
1000217,6,217114700,23293,3635
1000218,6,286930028,30105,3846
1000219,6,407690700,54693,2322
1000220,6,304555000,41701,1528
1000221,6,38387500,5173,418
1000222,6,295813457,31527,4264
1000223,6,662890250,66278,4163
1000224,6,269316800,37861,2592
1000225,6,87988800,11692,806
1000226,6,424181000,53845,2501
1000227,6,284955600,37066,2666
1000228,6,1019447271,96731,3019
1000229,6,274265095,29246,2718
1000230,6,328039298,33427,3200
1000231,6,290141300,30287,4076
1000232,6,445071010,44968,3720
1000233,6,207499317,22046,3734
1000234,6,361164100,48451,2432
1000235,6,222606073,24587,2924
1000236,6,354000,51,16
1000237,6,284186900,39842,1387
1000238,6,258721700,32344,4191
1000239,6,273543600,36635,2263
1000240,6,333814700,41450,3113
1000241,6,534008000,73276,3058
1000242,6,100966800,14869,1007
1000243,6,342135000,46113,1695
1000244,6,225859520,22583,3368
1000245,6,298345300,37928,5264
1000246,6,442031610,60213,1484
1000247,6,356936400,47378,2920
1000248,6,225814090,24513,3496
1000249,6,232982800,29266,2360
1000250,6,76642490,10720,835
1000251,6,207479325,22651,3701
1000252,6,260356200,36749,2353
1000253,6,336838500,47468,2265
1000254,6,226445807,24416,3481
1000255,6,193935210,22825,3753
1000256,6,827888200,103809,1551
1000257,6,212609070,23885,4145
1000258,6,203675700,26423,2273
1000259,6,260067140,32915,2652
1000260,6,330178870,34275,4404
1000261,6,283460400,37505,2362
1000262,6,342408700,43975,3104
1000263,6,769766630,88983,2268
1000264,6,215300600,29353,2165
1000265,6,137058380,14648,3760
1000266,6,232084582,25719,2182
1000267,6,252253400,33716,
1000268,6,227943879,23854,2390
1000269,6,181920600,23788,1903
1000270,6,3000,1,1
1000271,6,203048140,24207,4077
1000272,6,238265508,23070,4068
1000273,6,260308100,37007,2330
1000274,6,259569600,34972,3036
1000275,6,192973573,20360,3060
1000276,6,222503100,29084,2027
1000277,6,668449800,85555,1593
1000278,6,164047541,18022,3592
1000279,6,395649000,42336,1393
1000280,6,153463100,21053,1446
1000281,6,66927320,9100,1159
1000282,6,106981973,11915,1726
1000283,6,278360500,40872,1885
1000284,6,398967210,50470,2960
1000285,6,365826910,41815,3470
1000286,6,211964660,25536,1139
1000287,6,159670700,21542,2044
1000288,6,204621034,21503,3056
1000289,6,465457300,57634,1136
1000290,6,351444239,38807,1440
1000291,6,173709330,18280,3182
1000292,6,162082800,21955,
1000293,6,39330395,4473,585
1000294,6,222389800,29959,1950
1000295,6,165379880,18558,2656
1000296,6,192547233,20672,2981
1000297,6,176474258,18636,3643
1000298,6,181766900,24482,2373
1000299,6,207771600,28988,2675
1000300,6,232548100,29258,2332
1000301,6,231533000,31370,2401
1000302,6,224944700,28349,2563
1000303,6,158312176,16435,2461
1000304,6,176339570,18745,3985
1000305,6,216871288,22728,3077
1000306,6,165863227,18311,2514
1000307,6,136282400,16218,1533
1000308,6,168455280,20656,3642
1000309,6,193424100,25985,2369
1000310,6,212623600,28942,2112
1000311,6,146983612,17613,1674
1000312,6,131907100,14510,2635
1000313,6,145119160,16047,3559
1000314,6,206361900,29011,1794
1000315,6,329350200,45225,1303
1000316,6,171664030,20730,3378
1000317,6,139087700,18761,1821
1000318,6,33052651,3991,612
1000319,6,137715400,19185,2069
1000320,6,465351454,47603,2085
1000321,6,156319000,22794,765
1000322,6,209592500,27801,2053
1000323,6,147374800,20038,1673
1000324,6,196232980,26095,2244
1000325,6,142645800,19308,1645
1000326,6,159148000,21996,
1000327,6,165205000,21851,1723
1000328,6,184480400,25360,2177
1000329,6,181142200,24601,1877
1000330,6,63605300,9377,719
1000331,6,78572000,11737,712
1000332,6,180512400,24245,2008
1000333,6,198808300,26420,1561
1000334,6,105135876,11961,1204
1000335,6,181123360,18032,2542
1000336,6,76513300,11066,1210
1000337,6,,,
1000338,6,122666810,13333,2655
1000339,6,94147320,10807,2686
1000340,6,285385171,28481,2493
1000341,6,173810700,24083,2225
1000342,6,142427300,19745,2325
1000343,6,98320610,11942,849
1000344,6,184688300,25132,1537
1000345,6,176586900,24971,2495
1000346,6,114839127,12448,2424
1000347,6,169829300,23342,1957
1000348,6,451035600,53527,1847
1000349,6,103919730,12589,2872
1000350,6,169552400,22806,2144
1000351,6,320366000,38500,1279
1000352,6,147324100,17286,2030
1000353,6,188968100,25585,1826
1000354,6,127421200,17328,2116
1000355,6,87853800,10530,318
1000356,6,106831800,12337,2044
1000357,6,168024800,22846,1772
1000358,6,145034200,18955,1723
1000359,6,150380500,20277,1530
1000360,6,133084600,16986,1994
1000361,6,158104200,21692,2456
1000362,6,99660217,10322,2567
1000363,6,119282180,15017,2381
1000364,6,128837946,14248,2580
1000365,6,141094600,18518,2404
1000366,6,107930500,14930,1512
1000367,6,66187260,7255,2048
1000368,6,153291080,19620,1874
1000369,6,115330600,15888,1600
1000370,6,131194653,14477,1953
1000371,6,146639730,20411,1815
1000372,6,14321800,1736,294
1000373,6,104435400,13552,1165
1000374,6,238953717,24807,1696
1000375,6,153190910,18692,2381
1000376,6,133645900,19340,1854
1000377,6,69258226,7171,1835
1000378,6,96467670,10181,1776
1000379,6,468086521,49953,1364
1000380,6,116992670,13426,2430
1000381,6,22421200,3179,413
1000382,6,98087268,10305,1566
1000383,6,577549800,76452,831
1000384,6,124162800,16139,1360
1000385,6,109315070,14066,1521
1000386,6,132382200,17817,1922
1000387,6,23026700,2714,344
1000388,6,44549800,5304,482
1000389,6,112299200,15278,2204
1000390,6,63418390,7230,2174
1000391,6,70180800,8953,1203
1000392,6,90866000,9927,1920
1000393,6,66350447,7469,1509
1000394,6,109365400,14789,1767
1000395,6,42583765,4814,1062
1000396,6,185563650,20229,993
1000397,6,119574100,15994,1275
1000398,6,146512000,19355,1447
1000399,6,115505400,11161,743
1000400,6,183565000,5437,146
1000401,6,59902620,7237,1904
1000402,6,200689300,24060,919
1000403,6,88823770,8968,2201
1000404,6,90000,35,6
1000405,6,102339500,14787,1021
1000406,6,103736750,12882,1805
1000407,6,114870810,14239,2537
1000408,6,107244111,11974,2439
1000409,6,101459490,12564,1449
1000410,6,31410798,3601,474
1000411,6,81839880,9918,1741
1000412,6,73170060,8244,1743
1000413,6,107753300,15330,1158
1000414,6,7171600,857,164
1000415,6,110223970,11537,1868
1000416,6,59622480,8256,900
1000417,6,57033370,10842,1399
1000418,6,89847800,11732,1748
1000419,6,91606600,11293,846
1000420,6,44010290,5959,1043
1000421,6,86666100,12829,1083
1000422,6,71411800,10064,1663
1000423,6,142319730,13632,835
1000424,6,135000,17,3
1000425,6,98538500,12225,2008
1000426,6,60178830,6905,1617
1000427,6,52829384,6214,417
1000428,6,83931800,12545,988
1000429,6,95607300,12357,889
1000430,6,78123900,11076,1476
1000431,6,29999900,4515,405
1000432,6,71492300,9596,1583
1000433,6,70715900,10028,1343
1000434,6,26019500,3656,312
1000435,6,56953560,6887,619
1000436,6,42272490,4237,748
1000437,6,55763000,6117,808
1000438,6,53703784,6410,1120
1000439,6,69980500,9393,1140
1000440,6,54255400,7033,1040
1000441,6,20446500,818,228
1000442,6,144730888,14988,609
1000443,6,57529900,8052,1205
1000444,6,69520100,9388,1149
1000445,6,55136258,5912,1010
1000446,6,54013600,7005,713
1000447,6,49652470,5287,1393
1000448,6,27925300,4307,399
1000449,6,356269140,36860,2371
1000450,6,61720790,7688,2146
1000451,6,54152100,6352,707
1000452,6,33476600,3485,935
1000453,6,137975000,18090,489
1000454,6,41705520,4663,1357
1000455,6,74229950,8789,1138
1000456,6,46947600,5975,537
1000457,6,57487000,6362,1468
1000458,6,26384600,3366,842
1000459,6,38449590,4026,987
1000460,6,55636723,5669,1116
1000461,6,72248540,9785,1096
1000462,6,70847420,8465,866
1000463,6,55454500,7423,943
1000464,6,32003500,4605,813
1000465,6,9915300,1440,262
1000466,6,42147650,5300,797
1000467,6,32824800,4732,907
1000468,6,47588160,5275,1206
1000469,6,5141000,776,178
1000470,6,18960000,2758,89
1000471,6,9814600,1022,79
1000472,6,34185960,4425,1174
1000473,6,264000,32,3
1000474,6,32097495,3495,860
1000475,6,27912799,2821,1049
1000476,6,100024717,10704,419
1000477,6,25561400,3358,516
1000478,6,50512600,6637,667
1000479,6,20830060,2753,423
1000480,6,43361000,4221,496
1000481,6,27783500,3266,502
1000482,6,,,
1000483,6,29330500,4117,710
1000484,6,11162580,1500,264
1000485,6,40979700,5778,660
1000486,6,17505500,2580,438
1000487,6,4588000,689,130
1000488,6,26704000,1669,196
1000489,6,5796500,795,132
1000490,6,7348900,978,233
1000491,6,26936400,3307,101
1000492,6,28089800,3844,778
1000493,6,31016690,3922,908
1000494,6,23066200,3186,707
1000495,6,4149100,642,139
1000496,6,27004900,3756,388
1000497,6,20617634,2302,
1000498,6,41171290,4289,904
1000499,6,10566900,1565,198
1000500,6,19860400,1928,425
1000501,6,22579900,3198,
1000502,6,13692600,1994,54
1000503,6,,,
1000504,6,26361000,3678,686
1000505,6,18535300,2453,747
1000506,6,29019300,4168,668
1000507,6,20145600,2592,422
1000508,6,20263739,2172,473
1000509,6,19527500,2407,300
1000510,6,23415600,3277,638
1000511,6,24389200,3314,637
1000512,6,23277250,3176,719
1000513,6,20219800,2252,227
1000514,6,18138800,1786,244
1000515,6,22214800,3800,468
1000516,6,35508100,5072,626
1000517,6,,,
1000518,6,15426900,1733,440
1000519,6,20227150,2377,
1000520,6,23408900,3108,676
1000521,6,16279834,1649,88
1000522,6,12969400,1424,296
1000523,6,18510400,2531,562
1000524,6,3795900,503,112
1000525,6,20610500,2909,779
1000526,6,16788700,2254,561
1000527,6,66161075,7059,486
1000528,6,7703553,969,281
1000529,6,4761000,207,88
1000530,6,9638800,1468,261
1000531,6,15994660,2068,392
1000532,6,9349000,903,225
1000533,6,,,
1000534,6,8932300,1070,296
1000535,6,14130787,1595,373
1000536,6,4696000,1174,180
1000537,6,,,
1000538,6,7737900,998,289
1000539,6,,,
1000540,6,4389000,371,131
1000541,6,5009000,683,152
1000542,6,9874796,1128,264
1000543,6,3509299,479,124
1000544,6,5143700,687,129
1000545,6,11624700,1382,
1000546,6,5121400,700,195
1000547,6,42720100,6046,193
1000548,6,,,
1000549,6,7944212,921,147
1000550,6,,,
1000551,6,2488000,279,104
1000552,6,4537770,529,195
1000553,6,5398100,781,135
1000554,6,3071000,437,120
1000555,6,5046900,529,199
1000556,6,3155500,446,100
1000557,6,6153000,852,255
1000558,6,1350000,90,26
1000559,6,12342940,1280,330
1000560,6,3581700,437,65
1000561,6,9078500,1186,168
1000562,6,4962100,715,113
1000563,6,5187300,576,236
1000564,6,7424400,1200,117
1000565,6,4737500,461,41
1000566,6,6788000,930,287
1000567,6,6591500,694,65
1000568,6,,,
1000569,6,5287000,786,319
1000570,6,4028498,482,75
1000571,6,,,
1000572,6,2214500,341,62
1000573,6,3235500,430,103
1000574,6,408000,24,6
1000575,6,,,
1000576,6,3473195,363,
1000577,6,491000,86,14
1000578,6,4253000,861,33
1000579,6,5090400,610,72
1000580,6,,,
1000581,6,1819500,192,56
1000582,6,3662200,561,56
1000583,6,3302000,630,38
1000584,6,120000,20,1
1000585,6,4153500,626,42
1000586,6,2740000,274,25
1000587,6,2948796,325,153
1000588,6,2848970,318,131
1000589,6,1962500,294,132
1000590,6,2900000,415,98
1000591,6,300000,39,14
1000592,6,931000,133,30
1000593,6,2884000,313,102
1000594,6,1939000,227,87
1000595,6,3533300,484,131
1000596,6,1844740,227,110
1000597,6,3049000,412,49
1000598,6,1076500,159,27
1000599,6,1864300,222,36
1000600,6,568000,71,19
1000601,6,2212670,260,95
1000602,6,460000,48,21
1000603,6,2144600,298,9
1000604,6,1537400,192,9
1000605,6,1795500,217,113
1000606,6,2087500,264,113
1000607,6,2323500,326,64
1000608,6,679400,82,39
1000609,6,,,
1000610,6,1714410,253,60
1000611,6,1340000,253,26
1000612,6,949700,134,15
1000613,6,1443400,185,50
1000614,6,,,
1000615,6,3391500,284,9
1000616,6,1343200,137,47
1000617,6,1018200,99,40
1000618,6,1640940,397,32
1000619,6,,,
1000620,6,857000,109,65
1000621,6,329600,42,18
1000622,6,1288760,176,75
1000623,6,1464570,168,64
1000624,6,,,
1000625,6,,,
1000626,6,959500,134,42
1000627,6,,,
1000628,6,,,
1000629,6,,,
1000630,6,,,
1000631,6,648970,105,16
1000632,6,675000,73,26
1000633,6,,,
1000634,6,931500,131,39
1000635,6,,,
1000636,6,1807000,293,5
1000637,6,404000,27,12
1000638,6,,,
1000639,6,891000,146,21
1000640,6,271800,36,17
1000641,6,1002810,168,20
1000642,6,242000,36,3
1000643,6,1020400,139,58
1000644,6,943480,119,42
1000645,6,996500,110,57
1000646,6,968000,152,18
1000647,6,816800,88,49
1000648,6,1070000,217,5
1000649,6,,,
1000650,6,272300,30,17
1000651,6,547500,52,22
1000652,6,394300,53,34
1000653,6,1099000,117,53
1000654,6,344000,46,21
1000655,6,,,
1000656,6,530000,109,3
1000657,6,1589000,229,52
1000658,6,,,
1000659,6,335400,33,18
1000660,6,225000,15,8
1000662,6,728200,117,9
1000663,6,361000,38,16
1000664,6,,,
1000665,6,30000,10,1
1000666,6,,,
1000667,6,,,
1000668,6,269000,54,11
1000669,6,320000,35,20
1000670,6,95000,19,1
1000671,6,53400,11,9
1000672,6,119500,12,8
1000673,6,277000,40,2
1000674,6,,,
1000675,6,41000,5,1
1000676,6,,,
1000677,6,40000,10,1
1000678,6,309800,44,14
1000679,6,122000,13,4
1000680,6,125000,25,5
1000681,6,330000,36,22
1000682,6,233000,31,4
1000683,6,,,
1000684,6,92500,12,6
1000685,6,222000,48,2
1000686,6,292500,79,16
1000687,6,,,
1000688,6,,,
1000001,7,2903928330,358186,10033
1000002,7,6511760400,869153,7779
1000003,7,2865738330,283576,12533
1000004,7,2159968025,232277,8604
1000005,7,3195369100,430026,7816
1000006,7,3082112642,384594,7156
1000007,7,1579667000,217631,4269
1000008,7,3681798070,389867,15700
1000009,7,3069469900,407694,5258
1000010,7,8444771950,842599,12266
1000011,7,4056513200,515945,10455
1000012,7,3022343000,401083,6953
1000013,7,3571801800,484078,8632
1000014,7,3180574500,419947,9216
1000015,7,3435665860,425745,8068
1000016,7,2984648420,369415,8491
1000017,7,9611023600,1180484,9451
1000018,7,3418285205,340705,9659
1000019,7,2144323510,233283,11377
1000020,7,1957704127,200401,9866
1000021,7,8198862750,936372,7711
1000022,7,1900986100,258062,4034
1000023,7,1022534750,135694,4177
1000024,7,1183279500,173540,3002
1000025,7,2325566700,309009,6123
1000026,7,1324284300,180295,4870
1000027,7,1643436600,217247,
1000028,7,1872795600,250253,6601
1000029,7,2030681300,269940,4545
1000030,7,1568996700,251123,4382
1000031,7,1538191800,204977,4949
1000032,7,3387916200,403114,4784
1000033,7,1554131100,202851,6054
1000034,7,3435641900,462324,5628
1000035,7,2967903300,402094,9518
1000036,7,2329892291,246033,8557
1000037,7,1076471300,144379,6215
1000038,7,7068100250,795259,6965
1000039,7,1575237100,216362,4135
1000040,7,1268990895,136330,6380
1000041,7,1464881963,146396,6456
1000042,7,1441506900,179137,6161
1000043,7,1840567900,249618,3924
1000044,7,3358409900,415335,3938
1000045,7,1189158900,156749,5500
1000046,7,1294167100,157099,6045
1000047,7,1319552764,144970,8636
1000048,7,2430181900,299991,5464
1000049,7,1686018300,227313,5136
1000050,7,1508483910,187486,7804
1000051,7,1625462500,202972,6251
1000052,7,1109602560,136687,6203
1000053,7,1517588720,182009,9794
1000054,7,2995320226,303132,3982
1000055,7,1211396000,165775,4982
1000056,7,1055543000,142017,3643
1000057,7,1109379400,146895,4874
1000058,7,1143717430,121225,6811
1000059,7,981339900,117576,10556
1000060,7,907969712,96636,6400
1000061,7,745556128,80566,4222
1000062,7,3970800300,475507,3562
1000063,7,1085874200,149371,
1000064,7,784155120,86228,4390
1000065,7,2050060400,256815,4835
1000066,7,1112397950,144472,5824
1000067,7,1169783010,148512,7159
1000068,7,2562974000,320364,4386
1000069,7,1148167950,138829,6234
1000070,7,890831280,110062,
1000071,7,1058025400,138051,3774
1000072,7,1383095300,169843,3337
1000073,7,787874300,103234,3485
1000074,7,3466680000,446819,3938
1000075,7,4530500,600,133
1000076,7,943439600,115689,4692
1000077,7,1091990500,138267,1868
1000078,7,767553100,95060,5035
1000079,7,1459225500,157539,8441
1000080,7,728527400,126570,3952
1000081,7,1009698620,125747,5126
1000082,7,604263538,65096,4991
1000083,7,808985100,136337,3363
1000084,7,888051170,111887,4783
1000085,7,873308200,106742,4173
1000086,7,805211100,107402,4614
1000087,7,897445500,123744,
1000088,7,908109100,137384,3540
1000089,7,1818951600,228072,3109
1000090,7,893602800,109251,4185
1000091,7,673013300,87577,4820
1000092,7,754890600,79351,6206
1000093,7,744052600,99727,4857
1000094,7,1539147596,154411,4998
1000095,7,709021900,94239,4693
1000096,7,840175581,83963,5857
1000097,7,859204790,106487,5203
1000098,7,1988366800,241627,3366
1000099,7,835639360,102768,4852
1000100,7,570440900,75757,4921
1000101,7,808166340,116432,3981
1000102,7,655763900,88129,2878
1000103,7,854748280,106800,5281
1000104,7,826061400,112289,2783
1000105,7,563313121,56294,4301
1000106,7,547907400,72063,2387
1000107,7,557948840,55868,4064
1000108,7,471789770,57635,4779
1000109,7,794784200,106084,4099
1000110,7,1229026336,124062,5237
1000111,7,718929030,88872,4302
1000112,7,765695800,104154,5343
1000113,7,723099600,93456,2990
1000114,7,1973468456,190290,5390
1000115,7,663399900,87182,4046
1000116,7,2323130100,257940,3651
1000117,7,972293500,128738,3513
1000118,7,451645160,48796,3073
1000119,7,461478100,63330,2875
1000120,7,498466944,54955,3673
1000121,7,2092505020,239149,3439
1000122,7,759249150,92667,3908
1000123,7,1924422950,209240,2815
1000124,7,413187165,46050,4636
1000125,7,727123800,99986,3493
1000126,7,,,
1000127,7,732264286,71696,5999
1000128,7,543848720,67098,7147
1000129,7,480535560,50036,4942
1000130,7,687076880,81681,3702
1000131,7,1472636270,162519,2540
1000132,7,660231400,86967,3038
1000133,7,389656490,46824,3876
1000134,7,869623880,106664,8338
1000135,7,464977600,78580,2198
1000136,7,587005000,83924,2165
1000137,7,1415595450,139179,5303
1000138,7,1763943100,195859,3530
1000139,7,335701650,39667,5313
1000140,7,382448430,43635,5678
1000141,7,431913316,44816,
1000142,7,389798334,41111,4804
1000143,7,508551020,63999,2927
1000144,7,337228300,45328,2116
1000145,7,473463200,64980,2928
1000146,7,362019920,38118,2577
1000147,7,454820100,63068,2185
1000148,7,553678450,93528,2824
1000149,7,670670500,83088,3962
1000150,7,757265330,95545,5424
1000151,7,527823200,68035,4084
1000152,7,746988900,102367,4284
1000153,7,522732930,54111,5843
1000154,7,1389759480,137194,6741
1000155,7,498839500,83478,2794
1000156,7,1826107700,236932,2312
1000157,7,1248260400,144828,1856
1000158,7,1106381600,130500,2064
1000159,7,359487700,47876,3711
1000160,7,581629660,79340,3697
1000161,7,306946501,32670,3323
1000162,7,375793600,53881,2524
1000163,7,470241500,70689,2559
1000164,7,470673700,64328,3699
1000165,7,454623200,60426,3232
1000166,7,363771900,48097,3115
1000167,7,532253100,72617,2866
1000168,7,362073840,43910,5188
1000169,7,143750038,16627,2196
1000170,7,506939700,68261,3942
1000171,7,616693640,74849,5713
1000172,7,235901354,25258,3882
1000173,7,319364559,34237,4394
1000174,7,416611400,54522,3753
1000175,7,416432800,57348,3315
1000176,7,599428500,82119,4327
1000177,7,393224900,53369,4101
1000178,7,365480900,48838,1733
1000179,7,461554880,56868,4280
1000180,7,509942200,64260,5239
1000181,7,307029080,45119,3410
1000182,7,384742200,51795,2060
1000183,7,320784100,40232,3546
1000184,7,489775202,52628,3786
1000185,7,437419200,58452,2948
1000186,7,300711300,39783,3259
1000187,7,456117500,58994,4255
1000188,7,437757790,55222,3147
1000189,7,577140285,61256,3224
1000190,7,1268328400,147452,3580
1000191,7,528342200,71928,3346
1000192,7,289019181,31067,3996
1000193,7,468672480,57851,3567
1000194,7,326012640,35162,4086
1000195,7,321454900,43196,
1000196,7,280945200,38029,2086
1000197,7,297390700,45182,2040
1000198,7,521971500,71611,3672
1000199,7,346817000,47480,1517
1000200,7,405078772,42348,4002
1000201,7,274045100,39288,1966
1000202,7,890569800,103250,2214
1000203,7,304439000,42570,3023
1000204,7,295699000,48417,2434
1000205,7,301424540,29878,3982
1000206,7,240701327,25449,4376
1000207,7,181013460,19871,2464
1000208,7,391603600,51877,2926
1000209,7,441099200,75302,2951
1000210,7,382501760,41612,4681
1000211,7,467675020,60121,4015
1000212,7,203660140,24560,3249
1000213,7,260923700,36846,2119
1000214,7,313230700,42212,2259
1000215,7,323563800,43303,3411
1000216,7,224531800,30414,3802
1000217,7,209989300,23159,3594
1000218,7,248734883,26733,3738
1000219,7,395788300,53266,2312
1000220,7,357537300,48889,1535
1000221,7,28554400,3849,302
1000222,7,261616850,27233,4196
1000223,7,789217200,78258,4107
1000224,7,293796100,46553,2431
1000225,7,1165186230,145488,1475
1000226,7,387591400,49925,2393
1000227,7,293646300,38326,2702
1000228,7,757565783,71816,2854
1000229,7,248205838,26438,2642
1000230,7,302179430,30991,3192
1000231,7,269553310,28029,3991
1000232,7,604859630,60982,3656
1000233,7,197844820,21270,3631
1000234,7,354346300,47616,2395
1000235,7,208416783,23332,2845
1000236,7,265200,45,15
1000237,7,260044100,36921,1354
1000238,7,294878000,38090,4120
1000239,7,230901600,31139,1866
1000240,7,279305600,34856,2994
1000241,7,494292500,61573,1535
1000242,7,95580300,14287,979
1000243,7,357894200,48804,1643
1000244,7,233395420,23750,3429
1000245,7,240762550,30590,4973
1000246,7,263490630,37382,602
1000247,7,317796000,42629,2893
1000248,7,270708210,29786,3661
1000249,7,253802950,31884,2411
1000250,7,730599150,102381,1297
1000251,7,183495853,20215,3558
1000252,7,267247400,37763,2370
1000253,7,317016000,44754,2231
1000254,7,223265546,24299,3361
1000255,7,180337690,21274,3635
1000256,7,259788100,35892,1649
1000257,7,211425350,23899,4038
1000258,7,208268000,27027,2265
1000259,7,275149030,35401,2658
1000260,7,299534310,30915,4292
1000261,7,298717300,39483,2361
1000262,7,328321360,42726,3089
1000263,7,191342550,23990,2184
1000264,7,184595400,25263,2146
1000265,7,115052490,12545,3547
1000266,7,234177824,25908,2202
1000267,7,237457900,31226,
1000268,7,262963119,28008,2433
1000269,7,171558800,22676,1866
1000270,7,8000,3,3
1000271,7,142574400,16872,2416
1000272,7,214072321,23155,3915
1000273,7,252842300,36564,2315
1000274,7,146237400,24740,1568
1000275,7,181174390,19626,3090
1000276,7,200393300,26352,1996
1000277,7,141915700,21874,1273
1000278,7,190520469,21531,3663
1000279,7,143731000,16417,1447
1000280,7,150061500,20662,1403
1000281,7,54857420,7469,1063
1000282,7,126689993,14864,1794
1000283,7,251695500,37086,1827
1000284,7,366909290,46490,3027
1000285,7,92604250,11307,2377
1000286,7,435079500,54313,1037
1000287,7,238366600,33762,2114
1000288,7,172028566,18407,2936
1000289,7,297544650,41686,943
1000290,7,211403318,23681,736
1000291,7,184956350,19727,3217
1000292,7,148679600,20226,
1000293,7,46102756,5306,582
1000294,7,211635800,28583,1954
1000295,7,163105000,18340,2656
1000296,7,186241532,20043,2974
1000297,7,138755562,14584,3417
1000298,7,167159100,22447,2340
1000299,7,203408000,28081,2611
1000300,7,232672900,29622,2285
1000301,7,215345700,29056,2041
1000302,7,205599750,25888,2486
1000303,7,176339877,20109,2470
1000304,7,151625360,16515,3830
1000305,7,251717896,27279,3150
1000306,7,176255378,19328,2577
1000307,7,160494600,19263,1499
1000308,7,127434060,15609,3312
1000309,7,178358000,24070,2350
1000310,7,150093400,20405,920
1000311,7,130690917,15822,1632
1000312,7,168110530,18520,2771
1000313,7,130383710,14511,2718
1000314,7,125907000,21438,873
1000315,7,466913000,59760,1169
1000316,7,128576980,15500,1998
1000317,7,195787300,27423,1775
1000318,7,41211237,5348,616
1000319,7,125803200,17114,2054
1000320,7,122645667,13113,1944
1000321,7,158890500,23832,775
1000322,7,195344900,25835,2022
1000323,7,126100600,16983,1618
1000324,7,222142540,29939,2219
1000325,7,151158800,20123,1575
1000326,7,144161600,20030,
1000327,7,174083000,23911,1684
1000328,7,191345900,26474,2148
1000329,7,159543600,21754,1863
1000330,7,49984400,7678,468
1000331,7,42487500,6528,601
1000332,7,159564800,21359,1931
1000333,7,134199900,17921,1002
1000334,7,103564950,12006,1210
1000335,7,167565770,16841,2530
1000336,7,52263100,7576,648
1000337,7,,,
1000338,7,124267990,14021,2627
1000339,7,87578340,10091,2591
1000340,7,122143244,12478,1205
1000341,7,95416800,15679,893
1000342,7,139388100,19292,2176
1000343,7,107258290,13088,831
1000344,7,201598100,27649,1527
1000345,7,83038200,14229,740
1000346,7,113137670,13445,2339
1000347,7,163242200,22703,1875
1000348,7,160221600,21599,1867
1000349,7,99221500,12062,2892
1000350,7,88101900,13494,1220
1000351,7,126883200,16701,1413
1000352,7,160318660,18559,2008
1000353,7,173179600,24027,1435
1000354,7,126949500,17260,2080
1000355,7,61469600,7493,240
1000356,7,135921330,16946,2035
1000357,7,152505800,20687,1732
1000358,7,141262600,18400,1688
1000359,7,149426000,20444,1501
1000360,7,152187200,19723,1999
1000361,7,129406600,18054,2352
1000362,7,106089396,11534,2483
1000363,7,98595450,12303,1600
1000364,7,151511657,17431,2639
1000365,7,58165200,9671,735
1000366,7,110310000,17345,1320
1000367,7,65660500,7316,1959
1000368,7,151850090,19508,1848
1000369,7,142929400,19560,1599
1000370,7,140016206,15323,1972
1000371,7,119626070,14973,1804
1000372,7,18646600,2345,341
1000373,7,86308100,11197,1131
1000374,7,78659262,8608,1458
1000375,7,135373220,16565,2345
1000376,7,118894600,17255,1762
1000377,7,71389747,7877,1752
1000378,7,101474160,10987,1753
1000379,7,26603398,2996,542
1000380,7,105046940,11837,1798
1000381,7,11743000,1701,304
1000382,7,89786306,9628,1539
1000383,7,47203400,6803,376
1000384,7,31459800,4052,515
1000385,7,121602600,15585,1524
1000386,7,28806600,4341,492
1000387,7,23308700,2958,295
1000388,7,31595200,3846,395
1000389,7,40626000,5479,695
1000390,7,67835170,7683,2130
1000391,7,61238200,7881,1143
1000392,7,52985300,6011,659
1000393,7,66859080,7886,1388
1000394,7,108513000,14926,1747
1000395,7,48206769,5691,1085
1000396,7,84306100,10145,1074
1000397,7,113258300,15394,1262
1000398,7,145331900,19051,1480
1000399,7,115903000,11693,767
1000400,7,83063000,2524,136
1000401,7,20236300,3151,869
1000402,7,90940200,11854,1012
1000403,7,97815850,10012,2252
1000404,7,18500,6,3
1000405,7,204024100,26085,882
1000406,7,99080580,12214,1761
1000407,7,46361280,7024,715
1000408,7,25469822,3070,455
1000409,7,26382750,3337,375
1000410,7,21333939,2684,374
1000411,7,82757900,10031,1700
1000412,7,57647550,6539,1599
1000413,7,62396300,8864,618
1000414,7,5008200,600,122
1000415,7,106411560,11234,1690
1000416,7,78437890,10965,927
1000417,7,51397330,5401,1124
1000418,7,23985980,3206,443
1000419,7,81542500,10091,825
1000420,7,41075050,5243,1027
1000421,7,49052300,7461,442
1000422,7,68776300,9999,1614
1000423,7,47095579,5477,770
1000424,7,145000,18,3
1000425,7,10881500,1544,251
1000426,7,55706140,6267,1508
1000427,7,40328932,4747,242
1000428,7,66246800,10703,773
1000429,7,93500700,12152,872
1000430,7,37781100,5583,907
1000431,7,25989600,3945,380
1000432,7,71168600,9440,1563
1000433,7,37685800,5299,680
1000434,7,106950100,13710,209
1000435,7,57999500,7087,604
1000436,7,57592940,5918,797
1000437,7,112956120,12642,961
1000438,7,53893807,6920,1094
1000439,7,68860300,9023,1072
1000440,7,44547700,5833,976
1000441,7,17270500,691,213
1000442,7,169996454,17679,584
1000443,7,50148100,7032,1148
1000444,7,67753300,9265,1146
1000445,7,65168036,7077,1057
1000446,7,51589800,7247,674
1000447,7,60163170,6806,1431
1000448,7,26948800,4186,321
1000449,7,124658000,14063,2055
1000450,7,15622160,2353,456
1000451,7,8106740,943,159
1000452,7,37892300,4373,941
1000453,7,175562500,23346,489
1000454,7,42549630,4979,1397
1000455,7,22077710,2727,817
1000456,7,40778800,5145,515
1000457,7,25261900,2926,535
1000458,7,31293500,4156,861
1000459,7,47139480,6100,954
1000460,7,41746013,4238,1013
1000461,7,19336600,3122,280
1000462,7,22519540,3233,554
1000463,7,51762800,6983,681
1000464,7,13885000,2343,246
1000465,7,5074400,795,117
1000466,7,44654350,5620,788
1000467,7,13579000,2102,202
1000468,7,37813320,3830,497
1000469,7,64007300,8979,211
1000470,7,24632600,3948,96
1000471,7,9909400,961,78
1000472,7,34602780,4413,1140
1000473,7,20000,2,1
1000474,7,52773050,6068,939
1000475,7,28504600,2970,1028
1000476,7,32972556,3777,345
1000477,7,24381900,3241,515
1000478,7,44603400,5818,641
1000479,7,10916660,1499,235
1000480,7,41868800,4129,495
1000481,7,8982900,1109,94
1000482,7,,,
1000483,7,29204600,4114,680
1000484,7,6551500,804,177
1000485,7,9580500,1539,167
1000486,7,6934200,1005,121
1000487,7,4030000,755,53
1000488,7,27600000,1725,199
1000489,7,5786200,746,128
1000490,7,6889170,926,227
1000491,7,16705600,2051,93
1000492,7,29060400,3980,770
1000493,7,27763310,3439,866
1000494,7,19257800,2695,652
1000495,7,3890600,581,137
1000496,7,36061200,5093,412
1000497,7,18621685,2290,
1000498,7,14565559,1725,600
1000499,7,6676400,1103,101
1000500,7,19024900,2170,435
1000501,7,22272500,3237,
1000502,7,7795100,1132,28
1000503,7,,,
1000504,7,24903800,3515,628
1000505,7,22175900,2966,754
1000506,7,26673900,3917,686
1000507,7,26733800,4022,447
1000508,7,37924439,4309,542
1000509,7,14479500,1745,275
1000510,7,29756400,4172,675
1000511,7,28307800,4151,629
1000512,7,22189650,3176,635
1000513,7,29221300,3651,236
1000514,7,22382800,2266,244
1000515,7,19212500,2936,470
1000516,7,18323800,2745,332
1000517,7,,,
1000518,7,18404400,2536,434
1000519,7,18017700,2292,
1000520,7,29482900,3854,681
1000521,7,8389200,887,50
1000522,7,12363900,1325,262
1000523,7,19168600,2933,538
1000524,7,4572800,646,79
1000525,7,2319500,313,59
1000526,7,16381530,2221,547
1000527,7,5950300,656,187
1000528,7,8411799,1091,289
1000529,7,4739000,207,89
1000530,7,14197000,2091,211
1000531,7,4131380,493,106
1000532,7,6543000,647,200
1000533,7,,,
1000534,7,12246700,1868,312
1000535,7,17102584,1941,352
1000536,7,3492000,873,160
1000537,7,,,
1000538,7,17312400,2323,308
1000539,7,,,
1000540,7,3244000,274,105
1000541,7,5815600,789,156
1000542,7,16916957,2287,291
1000543,7,8100000,1280,170
1000544,7,6336700,855,135
1000545,7,25457400,4154,
1000546,7,20475400,3546,245
1000547,7,1791000,283,74
1000548,7,,,
1000549,7,12115695,1486,155
1000550,7,,,
1000551,7,2576800,292,101
1000552,7,7271010,843,235
1000553,7,1975500,278,34
1000554,7,1903000,246,86
1000555,7,5403500,548,198
1000556,7,3173000,473,73
1000557,7,7025000,951,262
1000558,7,1620000,108,26
1000559,7,4658160,527,223
1000560,7,16298600,1929,91
1000561,7,4298500,537,74
1000562,7,3363800,451,59
1000563,7,10680700,1277,249
1000564,7,13320500,2424,123
1000565,7,4793500,457,40
1000566,7,6469000,864,276
1000567,7,7452870,835,63
1000568,7,,,
1000569,7,1581000,249,63
1000570,7,931500,117,13
1000571,7,,,
1000572,7,1382500,217,27
1000573,7,123000,16,10
1000574,7,663000,39,8
1000575,7,,,
1000576,7,4840250,483,
1000577,7,641500,117,11
1000578,7,7082000,1503,35
1000579,7,9664300,1202,22
1000580,7,,,
1000581,7,1942700,200,61
1000582,7,3579500,509,68
1000583,7,1246000,189,28
1000584,7,600000,100,1
1000585,7,938000,173,15
1000586,7,1240000,124,23
1000587,7,2302698,265,132
1000588,7,3113900,377,140
1000589,7,4304000,638,148
1000590,7,3300500,447,96
1000591,7,383000,52,13
1000592,7,987000,141,28
1000593,7,3112200,368,100
1000594,7,2775700,389,107
1000595,7,3598500,487,102
1000596,7,1684480,208,106
1000597,7,1490000,202,44
1000598,7,560800,89,11
1000599,7,5602600,686,40
1000600,7,400000,50,15
1000601,7,1067100,127,58
1000602,7,14000,2,1
1000603,7,722500,108,5
1000604,7,750000,94,7
1000605,7,840400,102,41
1000606,7,1554000,175,57
1000607,7,266500,32,8
1000608,7,709670,91,28
1000609,7,,,
1000610,7,693910,111,19
1000611,7,723000,138,13
1000612,7,456500,73,4
1000613,7,676800,89,15
1000614,7,,,
1000615,7,48500,5,3
1000616,7,1552500,149,51
1000617,7,701100,70,25
1000618,7,1143440,320,16
1000619,7,,,
1000620,7,366500,47,28
1000621,7,451000,66,23
1000622,7,320500,43,25
1000623,7,1764000,197,68
1000624,7,,,
1000625,7,,,
1000626,7,1111500,151,59
1000627,7,,,
1000628,7,,,
1000629,7,,,
1000630,7,,,
1000631,7,651000,106,15
1000632,7,513000,55,23
1000633,7,,,
1000634,7,745000,101,34
1000635,7,,,
1000636,7,1251000,183,3
1000637,7,,,
1000638,7,,,
1000639,7,286000,40,14
1000640,7,66500,10,6
1000641,7,635000,106,18
1000642,7,32000,5,2
1000643,7,167000,25,12
1000644,7,156000,23,14
1000645,7,479500,55,28
1000646,7,1329000,206,20
1000647,7,983200,111,48
1000648,7,520000,104,2
1000649,7,,,
1000650,7,1677100,183,23
1000651,7,556000,54,27
1000652,7,224000,25,8
1000653,7,1176228,134,54
1000654,7,446500,58,15
1000655,7,,,
1000656,7,530000,109,3
1000657,7,231000,33,16
1000658,7,,,
1000659,7,545698,57,24
1000660,7,270000,18,5
1000662,7,361000,57,11
1000663,7,125000,16,7
1000664,7,,,
1000665,7,30000,10,1
1000666,7,1060000,212,4
1000667,7,,,
1000668,7,36000,4,2
1000669,7,279500,27,16
1000670,7,105000,21,2
1000671,7,33000,7,6
1000672,7,496000,82,12
1000673,7,272000,39,2
1000674,7,,,
1000675,7,1970000,201,2
1000676,7,,,
1000677,7,,,
1000678,7,346000,51,12
1000679,7,177000,19,5
1000680,7,125000,25,5
1000681,7,7000,1,1
1000682,7,89000,16,4
1000683,7,,,
1000684,7,21400,3,2
1000685,7,130000,44,2
1000686,7,204000,84,10
1000687,7,818000,164,5
1000688,7,,,
1000001,8,3517853520,564825,7882
1000002,8,5273445400,702887,6788
1000003,8,2840694110,342272,12737
1000004,8,2712921087,346732,7833
1000005,8,3021329100,495106,5998
1000006,8,3610802621,384294,7986
1000007,8,2551589500,335504,3523
1000008,8,7173399964,784775,14172
1000009,8,2960267600,392815,5405
1000010,8,2071149302,214567,11331
1000011,8,3125803000,395474,6813
1000012,8,3336083500,494019,6863
1000013,8,2979664700,404935,6654
1000014,8,2677372100,422625,5542
1000015,8,7210821290,831644,7975
1000016,8,2470703740,306144,6267
1000017,8,7513359900,936414,9153
1000018,8,2290751101,235501,6022
1000019,8,2086508488,218067,11776
1000020,8,1400915768,142484,9726
1000021,8,2245232140,364128,5956
1000022,8,1674554300,227125,3630
1000023,8,1172426200,193551,4227
1000024,8,1748403000,266619,3078
1000025,8,4683667200,548388,6435
1000026,8,1352512500,184877,5030
1000027,8,1329337000,174979,
1000028,8,1880136850,310391,5482
1000029,8,1728758960,230231,3749
1000030,8,1448889000,189116,4559
1000031,8,1452485900,193799,4961
1000032,8,1342148600,178322,4689
1000033,8,1445057500,188303,5433
1000034,8,2372148900,319553,3673
1000035,8,1826982300,248200,4924
1000036,8,1811663514,193441,4184
1000037,8,1047686100,140417,6135
1000038,8,4761104650,655960,6354
1000039,8,1432282900,195325,4246
1000040,8,1378952123,170896,6088
1000041,8,1228217095,123185,5731
1000042,8,1431538500,177435,6283
1000043,8,1397670900,189829,3174
1000044,8,1291740500,174950,3850
1000045,8,1204847600,199750,4658
1000046,8,1124277400,137551,6072
1000047,8,1197941165,131424,7662
1000048,8,4213335700,476029,4584
1000049,8,1649817100,228623,5637
1000050,8,1301071800,211957,7520
1000051,8,1719469180,214383,5005
1000052,8,1040515010,128152,5858
1000053,8,1273953580,152497,7635
1000054,8,896271306,93571,3981
1000055,8,1173549200,162153,4584
1000056,8,902201700,122170,3477
1000057,8,1033983900,136550,4833
1000058,8,975393400,104104,6443
1000059,8,927753160,111223,9037
1000060,8,1073271998,137667,4673
1000061,8,816124339,101618,3346
1000062,8,2931689800,355169,3388
1000063,8,1175320600,201523,
1000064,8,880247950,96379,4790
1000065,8,400933000,56673,4332
1000066,8,881901150,111993,4461
1000067,8,1467645730,247398,5076
1000068,8,606761600,81974,4240
1000069,8,1073215440,130018,6040
1000070,8,1205032190,204620,
1000071,8,838665700,109707,3206
1000072,8,2515227570,286247,3436
1000073,8,711562900,92672,3020
1000074,8,801281600,110506,3573
1000075,8,725000,95,23
1000076,8,598075800,73312,2374
1000077,8,713963400,96532,1935
1000078,8,840514500,105042,5085
1000079,8,1948604780,212397,6995
1000080,8,518518100,72396,3969
1000081,8,1849710260,214444,4102
1000082,8,615135084,66612,4830
1000083,8,609911900,81339,3383
1000084,8,845121470,107579,3993
1000085,8,1016578100,169737,3535
1000086,8,922388300,123777,3860
1000087,8,1021237700,175672,
1000088,8,678930700,90688,3019
1000089,8,514034200,67897,3243
1000090,8,759763800,93526,3709
1000091,8,701735100,92046,5240
1000092,8,558410230,59334,4660
1000093,8,679487100,91473,4682
1000094,8,385694972,40336,4350
1000095,8,666833400,88210,3809
1000096,8,500643347,55982,2649
1000097,8,877936600,110065,5305
1000098,8,481728600,65039,3229
1000099,8,832188990,137357,4843
1000100,8,469843000,62284,3632
1000101,8,623382450,80798,3097
1000102,8,566544100,75708,2923
1000103,8,994175600,167791,3693
1000104,8,949180600,137833,2207
1000105,8,745245451,94906,4652
1000106,8,1214366900,143710,2492
1000107,8,336628140,33570,1350
1000108,8,381305660,48217,3717
1000109,8,762083300,128189,2974
1000110,8,236122043,25066,4140
1000111,8,604826750,75891,4261
1000112,8,431482500,59576,3228
1000113,8,658092300,97141,2580
1000114,8,503863015,59948,3878
1000115,8,457320500,60576,2661
1000116,8,1500322700,207661,3278
1000117,8,695455000,91414,2758
1000118,8,628034163,64808,3336
1000119,8,489441600,67241,2855
1000120,8,414408915,45668,3324
1000121,8,499773350,63427,3341
1000122,8,725335550,89952,3612
1000123,8,332252550,51991,2006
1000124,8,492163865,64682,3407
1000125,8,543359200,74642,2964
1000126,8,,,
1000127,8,513891247,63168,2166
1000128,8,428624500,51659,6137
1000129,8,485123510,66304,4553
1000130,8,812900970,135566,2701
1000131,8,1303525650,148122,2340
1000132,8,464770500,61808,1943
1000133,8,323579840,38927,3818
1000134,8,409442000,52204,3879
1000135,8,365275400,50155,2205
1000136,8,604850000,91287,1578
1000137,8,1272256240,126943,5049
1000138,8,397485250,49300,3311
1000139,8,421415260,67597,5036
1000140,8,422168850,47775,5529
1000141,8,425368847,43586,
1000142,8,394905681,41458,4501
1000143,8,398018680,49509,2953
1000144,8,306031400,40911,1989
1000145,8,422157800,58592,2360
1000146,8,348867652,36635,2596
1000147,8,957416800,121538,2241
1000148,8,268999550,34487,2646
1000149,8,305501790,37385,1870
1000150,8,509543380,63227,3691
1000151,8,505783050,66503,3402
1000152,8,1050917600,128812,2177
1000153,8,313391390,32526,2334
1000154,8,1316038790,131838,6832
1000155,8,378844600,50960,2832
1000156,8,1438194900,192787,2155
1000157,8,323671700,54156,1389
1000158,8,377366700,48433,2393
1000159,8,303065600,40047,3095
1000160,8,460295900,58566,3582
1000161,8,249181327,26395,2235
1000162,8,307829000,45478,2231
1000163,8,465635500,72581,1812
1000164,8,344380000,47573,2909
1000165,8,299322300,40969,2476
1000166,8,324272900,42786,2935
1000167,8,459696100,62430,2586
1000168,8,316197640,38514,5037
1000169,8,107954880,12606,1160
1000170,8,368763400,63110,2054
1000171,8,448376240,54593,3393
1000172,8,226639591,24760,3126
1000173,8,256682831,27733,2595
1000174,8,376754000,49340,3151
1000175,8,422807300,58373,3442
1000176,8,597927800,72290,1849
1000177,8,299106100,40867,3422
1000178,8,295593200,38798,1579
1000179,8,391149460,48817,3231
1000180,8,182702700,23120,1563
1000181,8,178146970,23329,2552
1000182,8,281148300,37952,1646
1000183,8,340577410,43351,3063
1000184,8,226438907,24257,2304
1000185,8,317627200,42513,2423
1000186,8,289813500,38723,2905
1000187,8,280290900,36074,2592
1000188,8,635465140,74445,2078
1000189,8,105573180,11975,2274
1000190,8,333931200,42277,3644
1000191,8,242740000,33333,1787
1000192,8,270664942,29061,2737
1000193,8,317710350,51974,1708
1000194,8,311507930,46065,3050
1000195,8,287537400,38578,
1000196,8,243188300,33554,1706
1000197,8,238358900,31806,1508
1000198,8,257311600,34776,1955
1000199,8,366358500,62460,1473
1000200,8,289473168,30199,2774
1000201,8,672830700,88458,1965
1000202,8,235408100,29896,2190
1000203,8,299600100,42040,2717
1000204,8,257967900,35143,1782
1000205,8,250426080,24743,2674
1000206,8,187838879,20128,3244
1000207,8,227540680,25032,2661
1000208,8,379360600,50609,2968
1000209,8,246642900,34428,1834
1000210,8,266991500,28172,3327
1000211,8,122180010,20222,666
1000212,8,205073280,24718,2963
1000213,8,223521900,31295,2019
1000214,8,603121300,71682,1650
1000215,8,217414200,29212,1931
1000216,8,165639100,22656,3108
1000217,8,300950670,32632,2503
1000218,8,198479217,20915,2533
1000219,8,191094100,26099,1024
1000220,8,184771000,25537,768
1000221,8,22490800,3106,203
1000222,8,256702131,26460,4090
1000223,8,764136580,76348,4239
1000224,8,227115600,32018,2176
1000225,8,111344900,16745,591
1000226,8,47501700,6072,393
1000227,8,196657700,25769,2028
1000228,8,177346028,21461,1939
1000229,8,326881347,32915,2790
1000230,8,248447782,30638,1898
1000231,8,175587720,18186,2020
1000232,8,536922410,55397,3446
1000233,8,157492095,16829,2371
1000234,8,294410000,48328,1469
1000235,8,152784915,16971,2088
1000236,8,92000,15,10
1000237,8,88918600,12872,288
1000238,8,159111000,20525,2195
1000239,8,146553200,19837,1201
1000240,8,213014600,26714,2775
1000241,8,122084000,17446,1543
1000242,8,82385400,12644,664
1000243,8,205667800,29912,741
1000244,8,202342520,20372,2148
1000245,8,23985550,3083,662
1000246,8,272351590,37449,725
1000247,8,176532500,23725,1319
1000248,8,189530560,20635,2514
1000249,8,171876700,21416,1425
1000250,8,71685560,10470,723
1000251,8,116212624,12609,1610
1000252,8,135633800,19818,1079
1000253,8,165240000,23510,1083
1000254,8,212559858,23381,2635
1000255,8,135480340,21227,2578
1000256,8,113867000,15866,653
1000257,8,149182720,16793,2223
1000258,8,170927400,22170,2004
1000259,8,172907850,28719,1110
1000260,8,120960230,15613,1697
1000261,8,152013800,19951,1092
1000262,8,148337240,19241,1343
1000263,8,149152660,24581,1804
1000264,8,178269900,24595,2117
1000265,8,85232360,9287,2488
1000266,8,240593835,26871,1895
1000267,8,80368200,10613,
1000268,8,101288480,11620,1087
1000269,8,120012400,15917,1558
1000270,8,3000,1,1
1000271,8,140093920,16457,2326
1000272,8,97992183,12472,986
1000273,8,220048100,30175,2286
1000274,8,99151500,13381,1452
1000275,8,154912440,17586,1685
1000276,8,164555300,21484,1541
1000277,8,76342500,12818,924
1000278,8,150796402,16224,1772
1000279,8,98939300,11934,1110
1000280,8,115650900,16277,1333
1000281,8,53025960,7185,633
1000282,8,72398334,8550,1102
1000283,8,157318000,22978,1133
1000284,8,102949640,13226,1055
1000285,8,80006570,9837,2226
1000286,8,61903910,8591,618
1000287,8,231427500,34060,1405
1000288,8,117967182,12580,1635
1000289,8,490861100,60574,1083
1000290,8,173504420,19268,749
1000291,8,167225470,18031,2769
1000292,8,85138000,11707,
1000293,8,25954998,3097,335
1000294,8,108324200,15051,951
1000295,8,113825610,17069,1504
1000296,8,118797823,12990,2125
1000297,8,126054650,13439,2873
1000298,8,139568600,18854,2058
1000299,8,135653600,19310,1860
1000300,8,134361200,17607,1277
1000301,8,81648200,11184,904
1000302,8,75214750,10320,797
1000303,8,131358252,14695,2063
1000304,8,102108480,12883,2293
1000305,8,288902686,28800,1768
1000306,8,115750882,12702,1367
1000307,8,100549400,11667,386
1000308,8,117816010,13901,2805
1000309,8,62205800,8513,901
1000310,8,187786400,22671,718
1000311,8,111038173,14259,1297
1000312,8,342661500,35600,1845
1000313,8,106868680,12018,2431
1000314,8,103706400,14844,876
1000315,8,130349000,17700,1370
1000316,8,95332370,11481,1449
1000317,8,201194800,30115,1137
1000318,8,32290144,4274,328
1000319,8,43569400,7058,784
1000320,8,88122097,9390,1465
1000321,8,121731000,17973,664
1000322,8,45120200,6047,600
1000323,8,85728400,11916,1350
1000324,8,149835040,21001,1148
1000325,8,38038000,5181,367
1000326,8,67192100,10820,
1000327,8,81321500,10794,959
1000328,8,162301900,22731,2104
1000329,8,103658400,14339,1068
1000330,8,40714900,6311,348
1000331,8,45264000,7569,595
1000332,8,99761100,13261,1328
1000333,8,121745300,16263,902
1000334,8,123454389,13839,1063
1000335,8,95466150,9533,1444
1000336,8,37443550,5491,464
1000337,8,,,
1000338,8,104193640,16877,1671
1000339,8,83293500,9587,2242
1000340,8,33251921,3598,872
1000341,8,58168900,8311,780
1000342,8,51848100,7233,710
1000343,8,40988480,4884,220
1000344,8,190484800,25407,1481
1000345,8,52712000,7970,596
1000346,8,102365951,13307,1727
1000347,8,142128500,19557,1849
1000348,8,111344600,15096,1812
1000349,8,82449330,10167,2388
1000350,8,37799000,5091,542
1000351,8,120363800,15965,1368
1000352,8,167154300,17918,945
1000353,8,68028400,8161,310
1000354,8,34396400,4722,831
1000355,8,41740700,4970,163
1000356,8,69805520,7853,975
1000357,8,23393300,3274,335
1000358,8,85455500,11102,906
1000359,8,64180000,8989,688
1000360,8,49718700,6715,439
1000361,8,23655100,3515,537
1000362,8,80120805,8729,1552
1000363,8,83941210,10363,1323
1000364,8,73322933,8287,1267
1000365,8,48015900,6432,731
1000366,8,55874300,7785,729
1000367,8,67638780,7421,1868
1000368,8,34418660,4610,344
1000369,8,45368100,6415,532
1000370,8,33120839,3686,334
1000371,8,79526850,10172,1106
1000372,8,179838200,20305,858
1000373,8,77446800,10038,1042
1000374,8,54206615,6009,1028
1000375,8,51673220,8176,749
1000376,8,108190300,15531,1681
1000377,8,74333845,8119,1107
1000378,8,38850000,4152,643
1000379,8,13480199,1507,278
1000380,8,91210810,10319,1643
1000381,8,9538500,1352,270
1000382,8,18363687,2039,270
1000383,8,29209100,3988,202
1000384,8,19065500,2482,356
1000385,8,26577630,3484,386
1000386,8,17320900,2277,327
1000387,8,27125600,3517,309
1000388,8,55576700,6655,366
1000389,8,8631800,1259,158
1000390,8,60073050,6825,2060
1000391,8,42193500,5420,786
1000392,8,28616300,3194,523
1000393,8,83200995,8505,1389
1000394,8,41295000,5737,672
1000395,8,22599878,2519,515
1000396,8,75097250,9043,1041
1000397,8,26619000,4322,279
1000398,8,25615300,3409,324
1000399,8,137181600,12475,518
1000400,8,57899500,1644,58
1000401,8,28640180,3641,826
1000402,8,21307900,2906,164
1000403,8,45503370,8695,1168
1000404,8,3000,1,1
1000405,8,25526600,3551,684
1000406,8,62645980,10389,762
1000407,8,62010610,7226,458
1000408,8,49548318,4927,311
1000409,8,10170020,1281,161
1000410,8,15070100,1721,282
1000411,8,28272210,4465,474
1000412,8,30425270,3393,869
1000413,8,56123000,8004,492
1000414,8,8540900,1044,159
1000415,8,48302500,5028,679
1000416,8,34788350,5196,367
1000417,8,75688480,7518,1234
1000418,8,13072520,1702,310
1000419,8,39893500,5101,403
1000420,8,6342380,814,98
1000421,8,35936600,5862,214
1000422,8,57610400,8035,1372
1000423,8,44924071,5190,738
1000424,8,236000,31,4
1000425,8,5617600,720,127
1000426,8,45663070,5116,1344
1000427,8,42155171,4827,238
1000428,8,16758500,2584,168
1000429,8,9121500,1186,95
1000430,8,3593000,546,120
1000431,8,71710800,9417,362
1000432,8,18073900,2424,389
1000433,8,17901500,2467,340
1000434,8,61868600,9012,192
1000435,8,18412330,2390,153
1000436,8,25852110,2885,172
1000437,8,27820440,3375,592
1000438,8,32575334,4397,546
1000439,8,7481500,1029,150
1000440,8,40459000,5279,909
1000441,8,125848500,5034,148
1000442,8,14727700,1702,219
1000443,8,13264300,1755,163
1000444,8,16135700,2188,242
1000445,8,37073157,4032,396
1000446,8,6560000,844,119
1000447,8,21925220,2358,641
1000448,8,17430200,2627,173
1000449,8,99405800,11178,1979
1000450,8,11563540,1366,210
1000451,8,1624980,204,56
1000452,8,23381300,2322,527
1000453,8,13788800,1932,220
1000454,8,36798820,4060,859
1000455,8,18870680,2319,749
1000456,8,17868500,2295,341
1000457,8,10350500,1195,377
1000458,8,32586700,4509,275
1000459,8,11845340,1663,181
1000460,8,4509256,480,108
1000461,8,13891640,1992,171
1000462,8,21799260,3198,495
1000463,8,3732000,536,38
1000464,8,3997500,564,90
1000465,8,5212100,782,124
1000466,8,3898650,525,95
1000467,8,7397500,1116,170
1000468,8,14486620,1641,455
1000469,8,1315500,218,33
1000470,8,15935100,2310,74
1000471,8,20544100,2017,32
1000472,8,19276980,2603,551
1000473,8,300000,30,1
1000474,8,16689309,1847,392
1000475,8,782000,106,46
1000476,8,8510659,936,75
1000477,8,7993000,1110,180
1000478,8,6255500,778,62
1000479,8,9913480,1387,193
1000480,8,5650060,568,68
1000481,8,4739200,645,56
1000482,8,,,
1000483,8,5907000,1089,35
1000484,8,2660000,361,63
1000485,8,7553000,1152,94
1000486,8,3858000,619,38
1000487,8,38560600,5405,113
1000488,8,2864000,179,10
1000489,8,2865500,386,68
1000490,8,3349100,450,99
1000491,8,17680200,2146,93
1000492,8,2773000,418,63
1000493,8,3531500,443,47
1000494,8,3371000,511,74
1000495,8,5951500,1030,117
1000496,8,1923000,269,31
1000497,8,8469147,1023,
1000498,8,3699100,517,111
1000499,8,4394800,711,52
1000500,8,9626300,1326,264
1000501,8,1213000,179,
1000502,8,7131500,1072,28
1000503,8,,,
1000504,8,1573000,265,30
1000505,8,2949500,377,46
1000506,8,29594200,4487,689
1000507,8,6005800,795,153
1000508,8,17460239,1785,102
1000509,8,6913800,854,126
1000510,8,4133000,848,19
1000511,8,4643000,741,66
1000512,8,3119500,521,58
1000513,8,5373200,578,41
1000514,8,11696000,1151,121
1000515,8,3950500,579,53
1000516,8,1098000,201,17
1000517,8,,,
1000518,8,8658300,1269,163
1000519,8,6709630,945,
1000520,8,321000,50,15
1000521,8,3180554,302,11
1000522,8,8310400,914,137
1000523,8,1329500,260,18
1000524,8,4842450,654,69
1000525,8,1530000,170,1
1000526,8,1165400,148,30
1000527,8,1240500,139,36
1000528,8,2380074,343,75
1000529,8,5394000,310,67
1000530,8,3926000,607,25
1000531,8,9791500,1007,29
1000532,8,2726000,261,73
1000533,8,,,
1000534,8,5205500,933,106
1000535,8,503500,62,12
1000536,8,4556000,1139,177
1000537,8,,,
1000538,8,1704000,221,30
1000539,8,,,
1000540,8,3677000,435,93
1000541,8,769500,96,16
1000542,8,5690598,942,62
1000543,8,1916200,340,30
1000544,8,5063500,658,124
1000545,8,1281000,162,
1000546,8,1987000,296,29
1000547,8,523000,87,21
1000548,8,,,
1000549,8,5575778,700,44
1000550,8,,,
1000551,8,772000,84,36
1000552,8,535640,79,24
1000553,8,1604500,238,21
1000554,8,2155000,280,56
1000555,8,3224000,324,106
1000556,8,2453000,346,65
1000557,8,81000,10,3
1000558,8,4694500,313,12
1000559,8,750800,121,26
1000560,8,16000,2,2
1000561,8,102000,12,5
1000562,8,1076999,190,9
1000563,8,1081400,111,30
1000564,8,1047000,158,22
1000565,8,2168000,220,45
1000566,8,,,
1000567,8,1849500,199,20
1000568,8,,,
1000569,8,726000,140,22
1000570,8,331000,31,9
1000571,8,,,
1000572,8,592500,135,5
1000573,8,985000,190,5
1000574,8,2635000,155,5
1000575,8,,,
1000576,8,325600,33,
1000577,8,5280000,880,5
1000578,8,2234000,597,13
1000579,8,23000,3,2
1000580,8,,,
1000581,8,1490000,200,3
1000582,8,189000,28,3
1000583,8,2421000,478,24
1000584,8,,,
1000585,8,429000,71,9
1000586,8,6800000,680,11
1000587,8,103000,14,5
1000588,8,635500,99,17
1000589,8,57000,8,6
1000590,8,500000,56,6
1000591,8,622500,85,23
1000592,8,672000,96,19
1000593,8,,,
1000594,8,207000,20,6
1000595,8,1319000,147,4
1000596,8,677670,79,37
1000597,8,293000,45,6
1000598,8,347500,67,3
1000599,8,93000,11,4
1000600,8,804500,101,40
1000601,8,72500,12,3
1000602,8,,,
1000603,8,710000,113,5
1000604,8,1096000,137,5
1000605,8,135000,24,9
1000606,8,168500,21,10
1000607,8,,,
1000608,8,75000,14,7
1000609,8,,,
1000610,8,779570,129,12
1000611,8,3119600,615,10
1000612,8,185500,25,5
1000613,8,2128000,306,4
1000614,8,,,
1000615,8,,,
1000616,8,663900,65,14
1000617,8,66000,5,2
1000618,8,521000,147,13
1000619,8,,,
1000620,8,143500,19,12
1000621,8,1023500,133,13
1000622,8,,,
1000623,8,56000,10,2
1000624,8,,,
1000625,8,,,
1000626,8,150000,30,1
1000627,8,,,
1000628,8,3222500,619,27
1000629,8,,,
1000630,8,,,
1000631,8,230000,35,11
1000632,8,402000,43,17
1000633,8,,,
1000634,8,60000,9,4
1000635,8,,,
1000636,8,870000,174,5
1000637,8,,,
1000638,8,,,
1000639,8,213400,30,8
1000640,8,,,
1000641,8,448880,76,15
1000642,8,84000,11,2
1000643,8,,,
1000644,8,112500,18,7
1000645,8,83000,11,7
1000646,8,686000,113,13
1000647,8,42000,4,2
1000648,8,520000,104,2
1000649,8,,,
1000650,8,200000,40,2
1000651,8,,,
1000652,8,104000,19,3
1000653,8,32000,4,2
1000654,8,,,
1000655,8,,,
1000656,8,270000,54,1
1000657,8,99000,15,5
1000658,8,,,
1000659,8,101500,12,3
1000660,8,165000,11,5
1000662,8,409000,49,4
1000663,8,28000,3,1
1000664,8,,,
1000665,8,1330000,290,4
1000666,8,1060000,212,4
1000667,8,,,
1000668,8,,,
1000669,8,360500,39,21
1000670,8,40000,8,1
1000671,8,26000,7,7
1000672,8,,,
1000673,8,,,
1000674,8,,,
1000675,8,45000,5,1
1000676,8,,,
1000677,8,,,
1000678,8,101000,16,4
1000679,8,297000,26,2
1000680,8,125000,25,5
1000681,8,,,
1000682,8,18000,3,1
1000683,8,,,
1000684,8,,,
1000685,8,172000,65,2
1000686,8,4000,2,3
1000687,8,8000,2,2
1000688,8,,,
1000001,9,2831862480,350685,7878
1000002,9,4892511700,652776,6776
1000003,9,2420006200,240641,12660
1000004,9,2205728552,241470,7700
1000005,9,2803729600,377807,6547
1000006,9,8368185017,851600,9700
1000007,9,4328169000,543227,3622
1000008,9,2348529508,250557,13777
1000009,9,3079775800,406788,4814
1000010,9,1854905561,191942,11225
1000011,9,2577443500,325130,6526
1000012,9,2517463500,335000,4676
1000013,9,2625161400,355182,6303
1000014,9,2269970500,299267,5563
1000015,9,4519273774,519720,7877
1000016,9,2239913070,277731,6439
1000017,9,2327036500,312671,8173
1000018,9,2034431528,209334,6037
1000019,9,3756184840,386734,12296
1000020,9,1269826524,128665,9484
1000021,9,2162760670,248788,6237
1000022,9,2077121600,281635,3796
1000023,9,1830307900,238425,4491
1000024,9,3054836000,405341,3423
1000025,9,6540636060,760862,6569
1000026,9,2849230562,374902,5382
1000027,9,1240939300,163429,
1000028,9,1769010700,233247,5560
1000029,9,1519688160,202170,3780
1000030,9,2034010295,247340,4909
1000031,9,2453406666,297299,5503
1000032,9,1332961800,177691,4819
1000033,9,2371501801,280280,5707
1000034,9,1945025240,263094,3584
1000035,9,1462878500,199203,4628
1000036,9,1684396825,180214,4711
1000037,9,884132400,118066,3937
1000038,9,1282889100,163516,5794
1000039,9,1215438400,167113,3846
1000040,9,1138807406,121997,5940
1000041,9,1082967909,108003,5852
1000042,9,1370107850,169783,6073
1000043,9,1348073900,183554,3270
1000044,9,1087120600,147050,3371
1000045,9,1642336400,212532,4860
1000046,9,1777483300,299941,6466
1000047,9,1152587012,127355,7606
1000048,9,1297051700,160322,4337
1000049,9,1947364180,248137,5813
1000050,9,945073180,118078,7262
1000051,9,4160776610,479598,5213
1000052,9,830923970,102196,4948
1000053,9,1157994580,138804,7544
1000054,9,767601016,80235,4004
1000055,9,1160974100,159809,4590
1000056,9,1195700446,146049,3689
1000057,9,806209300,106905,2721
1000058,9,870866710,92346,6313
1000059,9,777882220,93497,8830
1000060,9,784952401,83226,4672
1000061,9,796821052,84832,3342
1000062,9,999494600,134480,2989
1000063,9,898433200,124399,
1000064,9,839905690,91615,4973
1000065,9,407708900,57962,4235
1000066,9,852869550,108907,4044
1000067,9,1133412770,158312,5448
1000068,9,655782400,90096,3969
1000069,9,948626570,114460,4690
1000070,9,722941410,89657,
1000071,9,1079990936,130509,3303
1000072,9,765035800,121355,2693
1000073,9,756427000,98162,3115
1000074,9,702926000,96453,3444
1000075,9,1469000,170,31
1000076,9,597387200,73342,2530
1000077,9,1397842500,176875,2097
1000078,9,821960100,101536,4716
1000079,9,3290065760,340484,6323
1000080,9,928975874,119762,4219
1000081,9,601582020,75050,4010
1000082,9,531915429,57662,4789
1000083,9,934868387,111341,3611
1000084,9,719737710,90529,3403
1000085,9,806791800,98606,3731
1000086,9,618857300,81943,3740
1000087,9,726691800,100341,
1000088,9,908219006,114215,3113
1000089,9,498222700,66124,3210
1000090,9,556800700,67553,3340
1000091,9,600953900,78273,4758
1000092,9,474180100,50814,4608
1000093,9,532477600,71206,3491
1000094,9,395476687,41284,3557
1000095,9,626521300,83417,3996
1000096,9,451182289,50920,2606
1000097,9,566095920,69730,2799
1000098,9,474274400,64302,3217
1000099,9,603150480,74620,4751
1000100,9,339769100,45189,3024
1000101,9,599461310,77606,3142
1000102,9,763363690,91801,3218
1000103,9,848706180,106839,3798
1000104,9,1299883700,160371,1886
1000105,9,467119657,47653,4706
1000106,9,1978435030,231673,2943
1000107,9,342604220,33710,1390
1000108,9,296397430,37778,2856
1000109,9,577787600,76857,2954
1000110,9,211883421,22897,3921
1000111,9,714595680,81750,4438
1000112,9,405622100,56290,3182
1000113,9,583646000,75646,2563
1000114,9,355871586,36617,3702
1000115,9,638850928,80548,2746
1000116,9,505686500,62393,3284
1000117,9,612381960,81060,2727
1000118,9,1310299936,134504,3649
1000119,9,460122100,63269,2710
1000120,9,370120408,40882,3369
1000121,9,585181830,68227,3413
1000122,9,619988700,75564,3022
1000123,9,256167950,31836,1850
1000124,9,351017789,38132,3279
1000125,9,484029300,66696,2865
1000126,9,,,
1000127,9,393086726,39114,1969
1000128,9,368804680,44470,5783
1000129,9,444271690,46616,4448
1000130,9,501774930,59787,2868
1000131,9,496103840,61925,2415
1000132,9,423764200,56568,1927
1000133,9,294032010,35488,3639
1000134,9,359383840,45954,3773
1000135,9,486686800,59584,2293
1000136,9,707386000,92394,1518
1000137,9,374086560,39866,4541
1000138,9,287866850,35509,2681
1000139,9,366538300,43432,4968
1000140,9,305837930,34615,3901
1000141,9,393134062,40428,
1000142,9,384640592,40751,4517
1000143,9,613012210,70771,3324
1000144,9,354043419,44199,2041
1000145,9,704957338,93923,2064
1000146,9,355173785,37292,2813
1000147,9,502428687,66295,2228
1000148,9,354507468,41687,2657
1000149,9,244531010,30093,1724
1000150,9,387119230,48096,3601
1000151,9,492799050,65151,3168
1000152,9,630301700,86504,2163
1000153,9,298865340,31410,2253
1000154,9,369596800,39999,5714
1000155,9,598087651,76403,2957
1000156,9,229582500,31948,1823
1000157,9,297356550,39085,1435
1000158,9,334950700,43274,2238
1000159,9,265183900,35210,2390
1000160,9,324065930,40725,2513
1000161,9,239305639,25342,2304
1000162,9,440770700,59311,2350
1000163,9,609443500,83398,1607
1000164,9,480532472,60262,3039
1000165,9,221546500,29117,1642
1000166,9,252970300,33505,2591
1000167,9,384176900,52549,1892
1000168,9,242498400,29371,4589
1000169,9,838173389,92529,1799
1000170,9,224512300,30612,1972
1000171,9,377695900,46037,3172
1000172,9,225236107,24418,2992
1000173,9,381599756,42656,2528
1000174,9,298371100,39473,3076
1000175,9,371615500,51614,2607
1000176,9,263029500,35640,1565
1000177,9,247526700,33911,2596
1000178,9,436418174,53457,1647
1000179,9,330550600,41188,3134
1000180,9,231316090,28931,1618
1000181,9,132629460,17674,1769
1000182,9,429764117,51695,1711
1000183,9,254624830,32524,2526
1000184,9,181845660,19547,2136
1000185,9,443873220,52939,2536
1000186,9,304661800,41070,2718
1000187,9,364532712,42063,2650
1000188,9,194818620,24948,2011
1000189,9,115864652,13508,2270
1000190,9,175946400,22102,2405
1000191,9,217245200,29017,1757
1000192,9,201811416,21705,2652
1000193,9,238921710,30188,1689
1000194,9,302700090,32117,3012
1000195,9,367430025,44572,
1000196,9,328837600,43580,1781
1000197,9,307372800,37664,1534
1000198,9,232126100,31963,1812
1000199,9,279573700,38021,1390
1000200,9,204677234,21715,2439
1000201,9,328311449,45675,1954
1000202,9,342768951,40145,2302
1000203,9,381449366,50798,2808
1000204,9,389876700,50736,1884
1000205,9,213121890,21043,2521
1000206,9,197320593,21232,2982
1000207,9,516714140,53208,3007
1000208,9,164205600,21834,1942
1000209,9,283074460,37166,1915
1000210,9,242343850,25609,3328
1000211,9,72811890,9819,497
1000212,9,210037160,24751,2413
1000213,9,300234600,39563,2109
1000214,9,928987900,108964,1662
1000215,9,170543500,22610,1368
1000216,9,123357300,15130,1333
1000217,9,290404710,32487,2217
1000218,9,162016069,16953,2465
1000219,9,168517900,23312,999
1000220,9,235826475,30551,816
1000221,9,30314800,3648,215
1000222,9,247851018,25504,4041
1000223,9,212088190,23192,3698
1000224,9,372320533,50281,2315
1000225,9,123971100,16063,631
1000226,9,38337600,4966,332
1000227,9,247599736,29906,2096
1000228,9,135395499,13777,1815
1000229,9,452595080,45463,2175
1000230,9,218031227,21896,1894
1000231,9,149880200,15543,1975
1000232,9,146277280,15878,3006
1000233,9,139858400,14840,2282
1000234,9,173208800,22937,978
1000235,9,155254790,17287,2051
1000236,9,103000,14,7
1000237,9,80778000,11744,298
1000238,9,140423900,18316,1494
1000239,9,183981900,23462,1201
1000240,9,160464700,20053,2077
1000241,9,72813000,10589,930
1000242,9,101018500,13997,711
1000243,9,230484800,28439,491
1000244,9,183503410,18660,2131
1000245,9,21007650,2784,543
1000246,9,302281330,37693,902
1000247,9,154002000,20976,1166
1000248,9,161324100,17785,2502
1000249,9,274925000,31840,1597
1000250,9,110202320,15950,819
1000251,9,112098311,12360,1622
1000252,9,185082198,26007,1100
1000253,9,199209500,25842,1128
1000254,9,221495931,25207,2586
1000255,9,107299870,12851,2327
1000256,9,102625800,14592,616
1000257,9,125689500,14476,2079
1000258,9,253308661,30291,2100
1000259,9,107750000,14266,1041
1000260,9,102861760,10752,1557
1000261,9,173997500,21592,1121
1000262,9,97222040,12898,940
1000263,9,92588980,12296,1570
1000264,9,168443300,23368,1646
1000265,9,90923550,9780,2473
1000266,9,232294416,25699,1882
1000267,9,46688100,6284,
1000268,9,79407993,8838,967
1000269,9,67556000,8870,709
1000270,9,11000,5,5
1000271,9,160715560,17478,2403
1000272,9,73773091,7540,925
1000273,9,129523400,19003,1041
1000274,9,142981351,18224,1467
1000275,9,106556978,11638,1492
1000276,9,171501400,22568,1520
1000277,9,77592100,10318,889
1000278,9,200023534,21828,1408
1000279,9,125787900,13680,1057
1000280,9,51126600,7014,597
1000281,9,323307200,40524,1155
1000282,9,73230768,8564,1105
1000283,9,187823000,26177,1145
1000284,9,192605490,22676,963
1000285,9,54425470,6613,1473
1000286,9,56243330,7492,584
1000287,9,127750000,17537,1283
1000288,9,122646104,13245,1684
1000289,9,150542800,21225,843
1000290,9,167553618,18088,779
1000291,9,150520380,16124,2714
1000292,9,111065098,14091,
1000293,9,18691696,2271,281
1000294,9,131495900,16720,967
1000295,9,117628350,13255,1474
1000296,9,93665517,10267,2004
1000297,9,107955724,11394,2701
1000298,9,57670700,7840,900
1000299,9,71325200,10262,983
1000300,9,118842900,16013,1151
1000301,9,110424100,13489,922
1000302,9,49803100,7007,537
1000303,9,108978552,12008,1963
1000304,9,95976030,10614,2146
1000305,9,66927625,8421,1297
1000306,9,106535306,11621,1344
1000307,9,23164400,2917,391
1000308,9,115966910,13642,2697
1000309,9,75088300,9510,890
1000310,9,110783000,13898,770
1000311,9,96816212,11391,1255
1000312,9,90090430,9866,1645
1000313,9,127482240,13213,2530
1000314,9,136616900,17946,879
1000315,9,69113000,9881,775
1000316,9,117360500,13105,1602
1000317,9,83090200,11922,714
1000318,9,25698959,3384,279
1000319,9,45623400,7318,704
1000320,9,78685777,8514,1315
1000321,9,179543300,25158,687
1000322,9,47153000,5823,612
1000323,9,55390300,7630,869
1000324,9,134336660,18819,1049
1000325,9,36956500,4709,364
1000326,9,41591700,5955,
1000327,9,136722502,17423,1008
1000328,9,93068200,13530,932
1000329,9,73909200,10056,736
1000330,9,52896300,7839,396
1000331,9,41745500,6947,472
1000332,9,62848800,8358,798
1000333,9,138443300,17261,908
1000334,9,102017906,11582,1078
1000335,9,90169020,9116,1325
1000336,9,38342050,5115,437
1000337,9,,,
1000338,9,96736650,12469,1492
1000339,9,70519870,8099,1780
1000340,9,39231968,4151,908
1000341,9,77861500,9908,755
1000342,9,49319313,6574,730
1000343,9,65477700,7534,178
1000344,9,52968700,7120,383
1000345,9,66304300,9534,612
1000346,9,80688497,9454,1630
1000347,9,43685800,6182,585
1000348,9,28268400,3994,507
1000349,9,64494350,7997,1801
1000350,9,41765700,5310,561
1000351,9,91830000,12611,1141
1000352,9,92755400,10711,891
1000353,9,25934500,3661,326
1000354,9,35205300,4871,712
1000355,9,47549500,5293,172
1000356,9,89902300,10041,1003
1000357,9,24364800,3213,336
1000358,9,114333680,13733,970
1000359,9,49425300,6741,458
1000360,9,48582400,6517,429
1000361,9,38359500,5624,574
1000362,9,63972043,6824,1331
1000363,9,108628210,12429,1401
1000364,9,49435761,5755,1163
1000365,9,74774628,9522,739
1000366,9,106495267,14366,757
1000367,9,68279800,7512,1722
1000368,9,25505280,3560,292
1000369,9,75848200,9991,605
1000370,9,53108317,5247,295
1000371,9,36340450,4718,458
1000372,9,160962700,18205,885
1000373,9,56454100,7318,771
1000374,9,35656029,3910,857
1000375,9,32722990,4120,598
1000376,9,45021800,6976,381
1000377,9,55619401,6019,1077
1000378,9,35939470,3803,606
1000379,9,10760700,1235,265
1000380,9,81817310,8714,1367
1000381,9,4520200,694,123
1000382,9,15712287,1777,274
1000383,9,17219500,2457,205
1000384,9,23003000,2837,343
1000385,9,16298590,2330,306
1000386,9,16090100,1906,278
1000387,9,27249600,3288,333
1000388,9,50632600,6037,267
1000389,9,10574400,1394,181
1000390,9,68846520,7414,2128
1000391,9,37033100,4714,663
1000392,9,38622000,4079,530
1000393,9,158157565,16249,1311
1000394,9,30511400,4092,543
1000395,9,20404488,2275,511
1000396,9,11539300,1416,198
1000397,9,16914500,2478,223
1000398,9,36089000,4390,350
1000399,9,32385000,3034,384
1000400,9,61457500,1751,57
1000401,9,33274820,3876,846
1000402,9,27982700,3313,169
1000403,9,41225170,4247,901
1000404,9,77000,11,1
1000405,9,12922900,1659,135
1000406,9,9787160,1325,259
1000407,9,85677260,9556,559
1000408,9,96215715,9237,324
1000409,9,8087440,1067,139
1000410,9,21156300,2413,316
1000411,9,20268880,2482,414
1000412,9,22983230,2583,701
1000413,9,58144400,8237,486
1000414,9,152566960,18142,551
1000415,9,33662080,3540,508
1000416,9,38759500,5657,346
1000417,9,127415490,12616,1243
1000418,9,14710640,1877,280
1000419,9,41700300,5282,410
1000420,9,4341000,601,71
1000421,9,32661000,4533,203
1000422,9,14656500,2171,344
1000423,9,22064199,2564,376
1000424,9,165000,21,5
1000425,9,5543776,645,114
1000426,9,27872920,3198,736
1000427,9,47131949,5094,254
1000428,9,21092100,3376,180
1000429,9,7647300,1012,71
1000430,9,4475000,626,119
1000431,9,67282500,8720,342
1000432,9,22563100,2778,393
1000433,9,23996900,3102,349
1000434,9,133910300,17149,294
1000435,9,22632900,2999,82
1000436,9,62295640,6317,176
1000437,9,27582400,3238,578
1000438,9,27882254,3470,531
1000439,9,9324500,1154,153
1000440,9,10456500,1352,170
1000441,9,42695000,1708,135
1000442,9,12131960,1501,191
1000443,9,7546500,1186,107
1000444,9,11292500,1586,189
1000445,9,32209573,3607,400
1000446,9,10340700,1269,119
1000447,9,8660290,935,253
1000448,9,18920500,2875,160
1000449,9,72624900,8410,1120
1000450,9,8030260,936,168
1000451,9,2497380,274,49
1000452,9,20531000,2164,488
1000453,9,12336200,1685,218
1000454,9,25845120,2830,783
1000455,9,10425800,1209,290
1000456,9,9354700,1221,196
1000457,9,15900000,1880,365
1000458,9,31644100,3963,251
1000459,9,10965400,1546,173
1000460,9,4203317,464,99
1000461,9,15376830,2166,154
1000462,9,29310420,3943,544
1000463,9,1486500,215,34
1000464,9,6771900,889,101
1000465,9,5748700,788,133
1000466,9,2953150,408,78
1000467,9,13109400,1835,194
1000468,9,14882300,1649,441
1000469,9,1421000,270,29
1000470,9,22679400,3113,83
1000471,9,15061800,1396,31
1000472,9,11414300,1511,387
1000473,9,80000,8,2
1000474,9,19232500,2254,404
1000475,9,810200,100,31
1000476,9,5516256,597,73
1000477,9,1373000,194,23
1000478,9,1471000,248,19
1000479,9,11652760,1475,217
1000480,9,4368600,508,72
1000481,9,3850200,459,50
1000482,9,,,
1000483,9,2076000,285,30
1000484,9,1272800,211,31
1000485,9,4313300,564,90
1000486,9,3592000,487,33
1000487,9,8466000,1325,49
1000488,9,4784000,299,11
1000489,9,4029500,478,72
1000490,9,1989000,260,64
1000491,9,21508600,2573,94
1000492,9,1432500,234,27
1000493,9,661500,88,24
1000494,9,4781300,767,78
1000495,9,2845500,466,57
1000496,9,4281500,582,34
1000497,9,3625078,428,
1000498,9,2682100,354,87
1000499,9,5919300,914,52
1000500,9,9161000,1321,262
1000501,9,1748300,240,
1000502,9,8412000,1134,30
1000503,9,,,
1000504,9,2178000,295,14
1000505,9,537000,78,26
1000506,9,1443000,247,24
1000507,9,7261300,933,149
1000508,9,6065299,651,114
1000509,9,4908000,611,108
1000510,9,806000,124,16
1000511,9,2819500,356,64
1000512,9,2927500,408,68
1000513,9,4249700,495,37
1000514,9,11975700,1156,97
1000515,9,1524000,252,22
1000516,9,1170000,215,12
1000517,9,,,
1000518,9,5871500,755,148
1000519,9,5806270,866,
1000520,9,142000,18,4
1000521,9,3473299,332,18
1000522,9,8550200,1397,119
1000523,9,666000,111,12
1000524,9,6086600,868,85
1000525,9,1087000,171,6
1000526,9,1847000,274,17
1000527,9,1480200,152,31
1000528,9,2693369,340,89
1000529,9,3322000,146,53
1000530,9,4401100,791,32
1000531,9,11807500,1202,20
1000532,9,3052500,292,73
1000533,9,,,
1000534,9,7592500,1370,101
1000535,9,2164000,254,10
1000536,9,14236000,3559,282
1000537,9,,,
1000538,9,491000,89,15
1000539,9,,,
1000540,9,3124000,385,84
1000541,9,2319500,261,18
1000542,9,5949297,1011,56
1000543,9,2527000,417,35
1000544,9,7154000,969,108
1000545,9,2606000,416,
1000546,9,6965500,981,37
1000547,9,733500,124,24
1000548,9,,,
1000549,9,2204178,296,29
1000550,9,,,
1000551,9,800500,91,25
1000552,9,839000,94,22
1000553,9,1611500,189,17
1000554,9,1606500,182,59
1000555,9,2918000,308,102
1000556,9,2646000,356,63
1000557,9,282000,48,6
1000558,9,1800000,120,11
1000559,9,342000,70,12
1000560,9,303000,30,5
1000561,9,316000,36,10
1000562,9,165800,16,6
1000563,9,1706300,305,26
1000564,9,2324000,357,23
1000565,9,2716000,271,40
1000566,9,16000,2,1
1000567,9,3087000,324,21
1000568,9,,,
1000569,9,288000,62,9
1000570,9,299000,26,10
1000571,9,,,
1000572,9,988000,183,10
1000573,9,985000,190,5
1000574,9,1598000,94,5
1000575,9,,,
1000576,9,547500,63,
1000577,9,6036000,1006,7
1000578,9,1303000,190,13
1000579,9,23000,2,1
1000580,9,,,
1000581,9,587200,58,4
1000582,9,135000,20,3
1000583,9,1316000,234,26
1000584,9,402000,67,1
1000585,9,712000,107,8
1000586,9,1330000,133,8
1000587,9,55000,7,4
1000588,9,319000,46,17
1000589,9,336000,38,6
1000590,9,,,
1000591,9,114000,22,2
1000592,9,490000,70,16
1000593,9,27000,3,1
1000594,9,388000,59,14
1000595,9,331000,37,3
1000596,9,278970,36,13
1000597,9,394000,52,6
1000598,9,488000,79,4
1000599,9,57000,6,3
1000600,9,829000,104,42
1000601,9,111000,16,4
1000602,9,,,
1000603,9,672000,107,6
1000604,9,445000,56,4
1000605,9,298000,51,17
1000606,9,361000,41,11
1000607,9,,,
1000608,9,129000,16,7
1000609,9,,,
1000610,9,656970,104,13
1000611,9,141400,13,3
1000612,9,257000,38,4
1000613,9,31000,5,3
1000614,9,,,
1000615,9,,,
1000616,9,405200,46,13
1000617,9,30000,2,2
1000618,9,734910,188,14
1000619,9,,,
1000620,9,351000,35,21
1000621,9,647160,69,14
1000622,9,2000,2,2
1000623,9,32000,6,2
1000624,9,,,
1000625,9,,,
1000626,9,136000,25,3
1000627,9,,,
1000628,9,3743000,722,27
1000629,9,,,
1000630,9,,,
1000631,9,257000,39,12
1000632,9,224500,25,10
1000633,9,,,
1000634,9,18000,3,2
1000635,9,,,
1000636,9,870000,174,5
1000637,9,,,
1000638,9,,,
1000639,9,276900,37,11
1000640,9,,,
1000641,9,533000,89,14
1000642,9,64000,9,2
1000643,9,,,
1000644,9,99000,12,3
1000645,9,189000,19,5
1000646,9,78000,11,6
1000647,9,28000,4,2
1000648,9,270000,54,1
1000649,9,,,
1000650,9,200000,40,2
1000651,9,,,
1000652,9,187000,32,4
1000653,9,20000,3,2
1000654,9,,,
1000655,9,,,
1000656,9,270000,54,1
1000657,9,42000,6,3
1000658,9,,,
1000659,9,138000,13,6
1000660,9,150000,10,6
1000662,9,246000,33,8
1000663,9,36000,4,2
1000664,9,,,
1000665,9,600000,120,2
1000666,9,,,
1000667,9,,,
1000668,9,,,
1000669,9,256000,26,16
1000670,9,,,
1000671,9,143000,17,7
1000672,9,20000,2,1
1000673,9,53000,8,2
1000674,9,90000,20,2
1000675,9,304000,40,1
1000676,9,,,
1000677,9,,,
1000678,9,117000,17,6
1000679,9,107000,11,3
1000680,9,125000,25,5
1000681,9,,,
1000682,9,42000,6,1
1000683,9,,,
1000684,9,,,
1000685,9,40000,5,2
1000686,9,21000,4,3
1000687,9,,,
1000688,9,,,
1000001,10,4127228578,462875,8829
1000002,10,5493530692,690123,7026
1000003,10,3859805700,364472,13296
1000004,10,3153832065,323985,8573
1000005,10,4414381670,532755,7190
1000006,10,8173341068,832278,10068
1000007,10,2629532127,333668,3686
1000008,10,3695365340,380639,14654
1000009,10,5721321489,715051,5235
1000010,10,2683068569,267566,11882
1000011,10,3132666948,356267,6377
1000012,10,3143043372,394879,4675
1000013,10,3152911028,382042,6436
1000014,10,2875572996,337649,5580
1000015,10,5635004423,637591,7958
1000016,10,2811360574,318642,6859
1000017,10,2379297672,299735,8348
1000018,10,2565528184,250625,6343
1000019,10,3009151020,309695,11745
1000020,10,1825322194,177139,9825
1000021,10,4234153100,479545,6727
1000022,10,4034789493,515794,4257
1000023,10,4057287634,472221,5360
1000024,10,4198105500,546819,3791
1000025,10,7207961571,860728,6698
1000026,10,5974216561,746400,5527
1000027,10,1708090697,202189,
1000028,10,2779549256,328306,5697
1000029,10,1908601370,227431,3992
1000030,10,3898381782,464510,5697
1000031,10,5109474059,601815,6865
1000032,10,1176894500,155478,3841
1000033,10,4833266903,568317,6287
1000034,10,2261338701,273005,3688
1000035,10,1539234185,187684,4273
1000036,10,2062030630,210323,5474
1000037,10,1895461591,236352,4184
1000038,10,1471649166,170503,5982
1000039,10,1748372943,230462,4000
1000040,10,1568109803,159106,6246
1000041,10,1401672546,133324,6094
1000042,10,1988304437,225144,6410
1000043,10,1697824816,206964,3410
1000044,10,1378896447,168999,3515
1000045,10,2826186112,326785,5067
1000046,10,1153477700,142362,6337
1000047,10,1386789291,147241,8037
1000048,10,1484277136,164591,4364
1000049,10,3712403140,460104,6361
1000050,10,1124047950,130871,7355
1000051,10,1778793687,203671,4946
1000052,10,1151021620,131298,5218
1000053,10,2024411500,212994,8008
1000054,10,956906376,96092,4182
1000055,10,1670473585,210230,4825
1000056,10,2279807110,273400,3564
1000057,10,1126346723,132708,2856
1000058,10,914985380,91311,6438
1000059,10,1136041600,125091,9379
1000060,10,941706790,95842,4969
1000061,10,1274915792,128410,3527
1000062,10,1028278521,127705,3084
1000063,10,1152412273,141883,
1000064,10,1318897720,138829,5646
1000065,10,293178900,41895,2370
1000066,10,1107575296,129288,4209
1000067,10,1459400130,169103,5781
1000068,10,907787243,116036,4072
1000069,10,1395605600,153861,5030
1000070,10,1039836023,117576,
1000071,10,2127586726,252252,3450
1000072,10,863276850,97734,3005
1000073,10,992149124,117046,3349
1000074,10,930341000,117486,3612
1000075,10,1760000,206,30
1000076,10,872389203,98836,2762
1000077,10,1350514700,168728,2194
1000078,10,1174891948,131759,5008
1000079,10,850528040,92862,5932
1000080,10,1614206780,202900,4303
1000081,10,937691150,108786,4340
1000082,10,572247183,60050,3415
1000083,10,1938640180,224529,3854
1000084,10,952212478,108567,3749
1000085,10,1154871700,130680,4064
1000086,10,1024870928,128837,3880
1000087,10,985841547,123789,
1000088,10,1706434899,209996,3272
1000089,10,822411900,104006,3391
1000090,10,882179500,96627,3531
1000091,10,940223570,111319,4875
1000092,10,556305680,56454,4670
1000093,10,815284948,98154,3676
1000094,10,381556959,39779,3568
1000095,10,949823135,114375,4315
1000096,10,449693279,43958,2499
1000097,10,791943470,89967,2860
1000098,10,709803222,86702,3367
1000099,10,705231600,81956,4980
1000100,10,410459100,48309,2953
1000101,10,754247650,90479,3447
1000102,10,1620878074,192248,3516
1000103,10,1654706831,186751,3907
1000104,10,758620771,95119,1860
1000105,10,699675334,68996,5084
1000106,10,2341744428,280825,3655
1000107,10,471953140,43823,1472
1000108,10,359982490,41868,2872
1000109,10,732181628,87870,3050
1000110,10,289117999,29672,4068
1000111,10,1347457490,151160,4782
1000112,10,586398568,73706,3185
1000113,10,730535030,88251,2676
1000114,10,409897994,40310,3743
1000115,10,1242460539,153387,2807
1000116,10,648184615,72975,3369
1000117,10,822637300,97512,2849
1000118,10,1281429649,132656,3551
1000119,10,659364774,85482,2847
1000120,10,575845582,61633,3598
1000121,10,1300064990,149292,3622
1000122,10,809182593,90405,3279
1000123,10,245430950,27567,1648
1000124,10,386938622,40652,3448
1000125,10,609751200,75437,2851
1000126,10,,,
1000127,10,478744771,44967,1935
1000128,10,467173540,51860,6066
1000129,10,534049270,53740,4583
1000130,10,699483730,77570,3194
1000131,10,472598946,53774,2344
1000132,10,490341133,61586,1999
1000133,10,331588860,39821,3640
1000134,10,407187060,47705,3710
1000135,10,992209200,119639,2439
1000136,10,843934500,109312,1482
1000137,10,389093420,39165,4607
1000138,10,320063717,36003,2582
1000139,10,753040260,78986,5610
1000140,10,459538410,49214,4213
1000141,10,643941778,64258,
1000142,10,500596244,51234,4746
1000143,10,1381847590,157612,3585
1000144,10,768388932,94504,2053
1000145,10,1320421939,166212,1892
1000146,10,380329585,39988,2917
1000147,10,819667092,102188,2285
1000148,10,659745758,74884,2490
1000149,10,273949530,30661,1584
1000150,10,351958260,39950,3744
1000151,10,710310663,88605,3214
1000152,10,1055355158,130495,1996
1000153,10,373770320,37326,2290
1000154,10,333852640,34420,5514
1000155,10,1186798542,149288,3180
1000156,10,308605921,41117,1848
1000157,10,360835350,43230,1505
1000158,10,430747000,51970,2297
1000159,10,407934330,48732,2552
1000160,10,486374813,58107,2648
1000161,10,369515774,37991,2590
1000162,10,1087719700,145943,2611
1000163,10,691339758,92255,1452
1000164,10,1108031190,133987,3200
1000165,10,387985591,47559,1676
1000166,10,296606354,35745,2574
1000167,10,499050100,62936,1933
1000168,10,260371370,28561,4585
1000169,10,141195676,15704,1199
1000170,10,278548382,33664,2024
1000171,10,496631500,55810,3253
1000172,10,312860738,32493,3238
1000173,10,925382935,92583,2004
1000174,10,413970807,49664,3227
1000175,10,550422465,70332,2700
1000176,10,367265500,44484,1140
1000177,10,277932011,33716,2624
1000178,10,821453551,102702,1723
1000179,10,453462140,52001,3288
1000180,10,364797440,41588,1357
1000181,10,168461600,20692,1824
1000182,10,785410544,92677,1694
1000183,10,392160230,46922,2751
1000184,10,262004988,27966,2127
1000185,10,867863501,102101,2593
1000186,10,432108661,52957,2850
1000187,10,763666830,86145,2620
1000188,10,298349290,35178,2153
1000189,10,163440941,18616,2337
1000190,10,136060900,17225,2176
1000191,10,278263100,33454,1923
1000192,10,346897051,34498,2838
1000193,10,264320060,30253,1620
1000194,10,465744490,46986,3271
1000195,10,763525729,90935,
1000196,10,606067000,75159,1735
1000197,10,549638900,65359,1413
1000198,10,309967102,38879,1869
1000199,10,330945645,42269,1513
1000200,10,329990226,33309,2904
1000201,10,463195060,59902,1904
1000202,10,695390356,80417,2463
1000203,10,746732760,94657,3046
1000204,10,712917200,88597,1962
1000205,10,239293280,22315,2499
1000206,10,285051238,29267,3207
1000207,10,175605100,19075,2775
1000208,10,207320801,26036,1984
1000209,10,583659075,75252,1920
1000210,10,289117270,29166,3612
1000211,10,66391140,8611,414
1000212,10,254982040,27434,2588
1000213,10,678916000,80644,2303
1000214,10,1023816917,124482,1654
1000215,10,222835285,26798,1374
1000216,10,59486924,7287,1265
1000217,10,353066490,38239,2567
1000218,10,180177177,18341,2560
1000219,10,201853200,25778,1015
1000220,10,371577369,48054,799
1000221,10,49406500,5726,213
1000222,10,362378081,35358,4292
1000223,10,210459810,21662,3618
1000224,10,809596548,103668,2468
1000225,10,413464160,51681,1071
1000226,10,34799373,4267,288
1000227,10,487875955,57684,2075
1000228,10,158999858,15594,1769
1000229,10,426583671,42900,2108
1000230,10,265216884,26457,1932
1000231,10,171571350,16959,1975
1000232,10,148821010,15213,2941
1000233,10,202029156,20605,1723
1000234,10,207359700,25838,972
1000235,10,174657791,18916,2027
1000236,10,131800,19,6
1000237,10,87879300,11620,315
1000238,10,169109900,21948,1546
1000239,10,242763500,30040,860
1000240,10,197051800,22159,2071
1000241,10,76302300,10115,931
1000242,10,639400800,82557,1559
1000243,10,149272900,18455,494
1000244,10,232043340,21918,2257
1000245,10,24296800,2916,471
1000246,10,369287000,45456,1002
1000247,10,179432311,22008,1197
1000248,10,223280500,23555,2591
1000249,10,511954600,57441,1944
1000250,10,597767930,75621,1660
1000251,10,121764450,12872,1639
1000252,10,329553217,44336,952
1000253,10,302032500,38164,986
1000254,10,224315847,23973,2572
1000255,10,126288610,14017,2317
1000256,10,122338100,15577,615
1000257,10,177442950,19560,2227
1000258,10,488646371,57370,2153
1000259,10,97611900,11890,966
1000260,10,114003590,11301,1577
1000261,10,283700700,34686,1106
1000262,10,104087700,13076,942
1000263,10,100824960,12255,1587
1000264,10,251202300,31140,1819
1000265,10,136770330,14134,2812
1000266,10,273683498,29306,1984
1000267,10,56641500,6847,
1000268,10,107385082,12022,977
1000269,10,71426000,8723,704
1000270,10,11000,5,5
1000271,10,313807740,33557,2834
1000272,10,87350582,8261,914
1000273,10,165710763,23274,1088
1000274,10,246511342,30856,1375
1000275,10,150006507,15490,1662
1000276,10,203347400,24971,1442
1000277,10,140104600,17959,761
1000278,10,114263110,12435,1420
1000279,10,175217600,18629,814
1000280,10,84523100,10593,597
1000281,10,207892000,25292,1099
1000282,10,96750293,10636,1128
1000283,10,353251500,48182,1082
1000284,10,66384790,7851,847
1000285,10,49128300,6011,1266
1000286,10,261617730,33522,669
1000287,10,300641300,40662,1266
1000288,10,149724875,15577,1747
1000289,10,93835800,13291,525
1000290,10,262266899,27419,863
1000291,10,167402570,16974,2703
1000292,10,206861268,26196,
1000293,10,35307998,3847,337
1000294,10,273168900,33126,946
1000295,10,131211650,14156,1637
1000296,10,119868176,12725,2073
1000297,10,152847069,15496,2903
1000298,10,58774900,7438,826
1000299,10,87719330,10979,990
1000300,10,122624469,14741,1015
1000301,10,211117900,25071,831
1000302,10,53783650,7070,542
1000303,10,134161437,14587,2022
1000304,10,103907200,10582,2157
1000305,10,85035750,10098,1344
1000306,10,122418904,12804,1278
1000307,10,32075000,3829,343
1000308,10,118056470,13908,2787
1000309,10,125148800,15399,757
1000310,10,132183200,16051,686
1000311,10,111642363,11001,1295
1000312,10,109506680,11466,1704
1000313,10,243926880,24882,2962
1000314,10,244202600,31100,769
1000315,10,114579700,15322,828
1000316,10,207793550,22922,1793
1000317,10,111074300,16015,743
1000318,10,35619000,4545,293
1000319,10,57427864,8555,762
1000320,10,92609648,9337,1357
1000321,10,269172800,36909,701
1000322,10,67838300,8233,516
1000323,10,62295300,8045,867
1000324,10,151928320,19500,1082
1000325,10,44903000,5632,282
1000326,10,42265000,5625,
1000327,10,248316879,31448,956
1000328,10,105628000,14679,908
1000329,10,93173200,11864,729
1000330,10,308345200,40815,840
1000331,10,51957000,8351,494
1000332,10,77977100,9364,802
1000333,10,198188600,24282,713
1000334,10,117364396,12773,1158
1000335,10,101999120,9727,1415
1000336,10,197009840,24858,586
1000337,10,,,
1000338,10,122800990,14466,1577
1000339,10,98231180,10658,1928
1000340,10,43431547,4561,850
1000341,10,117118300,14710,604
1000342,10,74007395,9313,618
1000343,10,30530520,3346,169
1000344,10,82600357,10481,396
1000345,10,66805000,8764,518
1000346,10,96145473,10612,1729
1000347,10,51302100,6792,586
1000348,10,18801200,2801,398
1000349,10,82437080,9423,1911
1000350,10,62562700,8003,429
1000351,10,49545100,6497,497
1000352,10,92574000,10555,910
1000353,10,36081600,4312,328
1000354,10,39223052,5193,641
1000355,10,105269800,12407,202
1000356,10,204569000,26173,1051
1000357,10,39577700,5129,249
1000358,10,170426667,20049,900
1000359,10,50090200,6433,463
1000360,10,64174500,8111,409
1000361,10,31015200,4071,463
1000362,10,106837719,11515,1417
1000363,10,182416590,20667,1494
1000364,10,67081020,7387,1250
1000365,10,90190137,11159,594
1000366,10,219835752,28036,766
1000367,10,41680800,4392,546
1000368,10,21045560,2690,276
1000369,10,171355500,21745,612
1000370,10,19065800,2051,279
1000371,10,50024940,6842,476
1000372,10,10426400,1280,181
1000373,10,82877313,9967,815
1000374,10,34480436,3546,815
1000375,10,35221050,4063,556
1000376,10,29683900,4404,368
1000377,10,70190731,6799,1161
1000378,10,31249840,3074,542
1000379,10,16858460,1831,305
1000380,10,132672150,13994,1493
1000381,10,14681600,2042,163
1000382,10,18858691,2307,262
1000383,10,134988700,18035,493
1000384,10,28873200,3452,272
1000385,10,15145160,1933,276
1000386,10,16804800,2009,178
1000387,10,194890500,21397,834
1000388,10,40986100,4784,243
1000389,10,10752500,1439,155
1000390,10,116604570,12328,2601
1000391,10,53592000,6216,641
1000392,10,52530100,5552,459
1000393,10,143725186,14522,1255
1000394,10,43002200,5249,563
1000395,10,28262061,3079,559
1000396,10,7456400,939,148
1000397,10,17372400,2269,217
1000398,10,62312900,7425,332
1000399,10,32050700,2825,376
1000400,10,59441000,1771,60
1000401,10,42937120,4962,685
1000402,10,33929100,3937,147
1000403,10,66514810,6533,1040
1000404,10,224000,25,1
1000405,10,9184800,1134,144
1000406,10,13068710,1670,244
1000407,10,96027030,10788,651
1000408,10,122858123,12093,404
1000409,10,7399140,949,129
1000410,10,164453533,17282,654
1000411,10,24210526,2826,368
1000412,10,23719970,2492,687
1000413,10,90656900,11684,431
1000414,10,156064550,18411,539
1000415,10,36866510,3686,476
1000416,10,39507130,5597,340
1000417,10,106222840,10440,1188
1000418,10,11884000,1468,231
1000419,10,50875500,5894,407
1000420,10,4412800,531,75
1000421,10,50492800,6519,220
1000422,10,15052400,2165,313
1000423,10,18906359,2220,338
1000424,10,255500,26,4
1000425,10,7867771,945,101
1000426,10,31014920,3489,730
1000427,10,88412432,9394,396
1000428,10,37880400,5422,161
1000429,10,10259000,1240,80
1000430,10,7862500,1061,111
1000431,10,126670200,16770,370
1000432,10,28443700,3471,299
1000433,10,30734000,3731,288
1000434,10,58932300,7504,225
1000435,10,17354400,2179,107
1000436,10,48046780,4919,190
1000437,10,69174640,7819,772
1000438,10,22600224,2705,492
1000439,10,9063500,1073,113
1000440,10,8668500,1048,157
1000441,10,24099500,964,124
1000442,10,15222898,1700,212
1000443,10,3321000,480,103
1000444,10,12847500,1561,193
1000445,10,36892277,3783,400
1000446,10,19072500,2406,121
1000447,10,7389270,775,199
1000448,10,80903900,11830,188
1000449,10,53290920,6104,1072
1000450,10,8365850,972,158
1000451,10,3826420,446,50
1000452,10,23520500,2405,493
1000453,10,74391700,10032,268
1000454,10,25997470,2742,783
1000455,10,7740860,915,220
1000456,10,14106000,1638,192
1000457,10,13079100,1478,294
1000458,10,31452000,3781,245
1000459,10,10995070,1402,160
1000460,10,6423823,669,96
1000461,10,13640300,1764,114
1000462,10,53730040,6438,728
1000463,10,2017500,261,29
1000464,10,29932700,3740,119
1000465,10,93117700,12376,542
1000466,10,3611200,456,71
1000467,10,19437700,2545,159
1000468,10,15888200,1610,442
1000469,10,2196500,322,34
1000470,10,28926400,3801,68
1000471,10,14927000,1342,32
1000472,10,15035080,1766,409
1000473,10,46000,5,2
1000474,10,6259000,731,127
1000475,10,1685800,206,48
1000476,10,6509317,693,69
1000477,10,1237500,149,23
1000478,10,1677000,187,18
1000479,10,73960580,9530,400
1000480,10,6107200,659,69
1000481,10,5508400,701,47
1000482,10,,,
1000483,10,1758000,282,16
1000484,10,2232800,377,42
1000485,10,7513800,949,83
1000486,10,13092300,1719,45
1000487,10,20020000,2796,126
1000488,10,5712000,357,11
1000489,10,61174900,7355,223
1000490,10,23617750,2937,199
1000491,10,33864800,4120,104
1000492,10,7433200,903,25
1000493,10,1195600,131,20
1000494,10,5167000,659,82
1000495,10,2427400,349,59
1000496,10,1761500,255,24
1000497,10,6280439,763,
1000498,10,2405500,326,79
1000499,10,33066750,4108,130
1000500,10,10991600,1549,265
1000501,10,2540900,358,
1000502,10,15260500,1764,28
1000503,10,,,
1000504,10,171000,25,5
1000505,10,648000,82,23
1000506,10,635000,93,14
1000507,10,13462100,1670,158
1000508,10,5995939,562,109
1000509,10,4403000,533,100
1000510,10,2487500,391,18
1000511,10,5846000,934,55
1000512,10,1342800,170,46
1000513,10,5913900,708,38
1000514,10,13114000,1239,95
1000515,10,1584000,225,26
1000516,10,939000,124,12
1000517,10,,,
1000518,10,6868500,731,149
1000519,10,5573740,880,
1000520,10,308000,41,5
1000521,10,9210128,882,21
1000522,10,10160200,1727,110
1000523,10,1838500,305,14
1000524,10,23959070,2985,229
1000525,10,142000,15,3
1000526,10,691300,94,16
1000527,10,1364900,190,30
1000528,10,4318426,571,106
1000529,10,4622000,201,57
1000530,10,1770000,279,24
1000531,10,342000,53,15
1000532,10,5611000,510,84
1000533,10,,,
1000534,10,4662000,790,78
1000535,10,905599,99,10
1000536,10,14156000,3539,259
1000537,10,,,
1000538,10,996400,180,14
1000539,10,,,
1000540,10,6000000,669,109
1000541,10,3000500,371,22
1000542,10,2650000,298,62
1000543,10,3912000,555,39
1000544,10,3365000,446,60
1000545,10,1232000,133,
1000546,10,2033500,334,31
1000547,10,7040000,1093,91
1000548,10,,,
1000549,10,1808400,216,27
1000550,10,,,
1000551,10,1049000,122,30
1000552,10,942270,103,24
1000553,10,3269100,395,19
1000554,10,4181500,479,102
1000555,10,3160700,318,108
1000556,10,4560500,576,66
1000557,10,138000,25,4
1000558,10,1844500,123,11
1000559,10,602970,90,19
1000560,10,188000,19,4
1000561,10,930600,89,7
1000562,10,148600,14,8
1000563,10,740800,86,38
1000564,10,2452000,453,22
1000565,10,2664500,259,44
1000566,10,40000,4,1
1000567,10,3444500,346,19
1000568,10,,,
1000569,10,498000,100,14
1000570,10,1741300,179,27
1000571,10,,,
1000572,10,1751500,286,19
1000573,10,985000,190,5
1000574,10,867000,51,5
1000575,10,,,
1000576,10,553850,61,
1000577,10,4350000,725,5
1000578,10,1308000,192,10
1000579,10,38000,4,1
1000580,10,,,
1000581,10,290000,28,3
1000582,10,158000,23,1
1000583,10,2662000,449,18
1000584,10,474000,79,1
1000585,10,124000,19,6
1000586,10,1960000,196,8
1000587,10,28000,4,1
1000588,10,312000,50,16
1000589,10,98000,10,2
1000590,10,22000,5,2
1000591,10,960000,202,6
1000592,10,1477000,211,20
1000593,10,27000,3,1
1000594,10,264000,27,12
1000595,10,13000,2,1
1000596,10,336600,34,14
1000597,10,308000,39,5
1000598,10,317200,36,11
1000599,10,62000,6,3
1000600,10,999000,111,41
1000601,10,346000,43,8
1000602,10,948200,88,3
1000603,10,1607600,213,5
1000604,10,484000,61,4
1000605,10,277000,48,15
1000606,10,345800,43,13
1000607,10,,,
1000608,10,31000,7,6
1000609,10,,,
1000610,10,1310880,211,13
1000611,10,12800,1,1
1000612,10,1490500,178,6
1000613,10,52000,8,2
1000614,10,,,
1000615,10,1023000,93,1
1000616,10,361500,32,12
1000617,10,80000,6,2
1000618,10,876440,138,15
1000619,10,,,
1000620,10,354000,39,20
1000621,10,737500,87,15
1000622,10,2000,2,2
1000623,10,33000,6,2
1000624,10,,,
1000625,10,,,
1000626,10,115000,23,2
1000627,10,,,
1000628,10,2479500,476,27
1000629,10,,,
1000630,10,,,
1000631,10,557000,85,16
1000632,10,305500,30,10
1000633,10,,,
1000634,10,36000,5,2
1000635,10,,,
1000636,10,40000,10,1
1000637,10,,,
1000638,10,,,
1000639,10,248500,36,8
1000640,10,,,
1000641,10,390000,65,15
1000642,10,160000,21,4
1000643,10,,,
1000644,10,171500,23,6
1000645,10,239000,23,7
1000646,10,138000,22,6
1000647,10,10000,2,1
1000648,10,270000,54,1
1000649,10,,,
1000650,10,200000,40,2
1000651,10,48000,8,1
1000652,10,126000,15,3
1000653,10,48000,5,2
1000654,10,,,
1000655,10,,,
1000656,10,270000,54,1
1000657,10,85000,13,7
1000658,10,1064000,119,3
1000659,10,82198,11,5
1000660,10,45000,3,1
1000662,10,139000,18,3
1000663,10,36000,4,2
1000664,10,,,
1000665,10,,,
1000666,10,,,
1000667,10,,,
1000668,10,,,
1000669,10,386000,38,18
1000670,10,75000,15,1
1000671,10,14000,5,5
1000672,10,20000,2,1
1000673,10,,,
1000674,10,50000,10,1
1000675,10,38000,4,1
1000676,10,,,
1000677,10,810000,162,3
1000678,10,90300,10,3
1000679,10,134000,13,2
1000680,10,125000,25,5
1000681,10,,,
1000682,10,36000,4,1
1000683,10,,,
1000684,10,,,
1000685,10,178000,71,2
1000686,10,16000,3,2
1000687,10,,,
1000688,10,,,
