movie_code,movie_name,screen_national,sales_national,audience_national,production_year,release_date,running_time,age_restriction,rate_cgv,comment_cgv,rate_naver,comment_naver,synopsis
1000001,극한직업,1978,139647979516,16264944,2018,20190123,111,15세관람가,97.0,186162,9.21,15871,"낮에는 치킨장사! 밤에는 잠복근무!지금까지 이런 수사는 없었다!불철주야 달리고 구르지만 실적은 바닥, 급기야 해체 위기를 맞는 마약반!더 이상 물러설 곳이 없는 팀의 맏형 고반장은 국제 범죄조직의 국내 마약 밀반입 정황을 포착하고 장형사, 마형사, 영호, 재훈까지 4명의 팀원들과 함께 잠복 수사에 나선다.마약반은 24시간 감시를 위해 범죄조직의 아지트 앞 치킨집을 인수해 위장 창업을 하게 되고, 뜻밖의 절대미각을 지닌 마형사의 숨은 재능으로 치킨집은 일약 맛집으로 입소문이 나기 시작한다.수사는 뒷전, 치킨장사로 눈코 뜰 새 없이 바빠진 마약반에게 어느 날 절호의 기회가 찾아오는데…범인을 잡을 것인가, 닭을 잡을 것인가!2019년 새해, 출동!"
1000002,명량,1587,135748398910,17613682,2014,20140730,126,15세관람가,91.0,216336,8.88,28641,"1597년 임진왜란 6년, 오랜 전쟁으로 인해 혼란이 극에 달한 조선. 무서운 속도로 한양으로 북상하는 왜군에 의해 국가존망의 위기에 처하자 누명을 쓰고 파면 당했던 이순신 장군(최민식)이 삼도수군통제사로 재임명된다. 하지만 그에게 남은 건 전의를 상실한 병사와 두려움에 가득 찬 백성, 그리고 12척의 배 뿐. 마지막 희망이었던 거북선마저 불타고 잔혹한 성격과 뛰어난 지략을 지닌 용병 구루지마(류승룡)가 왜군 수장으로 나서자 조선은 더욱 술렁인다. 330척에 달하는 왜군의 배가 속속 집결하고 압도적인 수의 열세에 모두가 패배를 직감하는 순간, 이순신 장군은 단 12척의 배를 이끌고 명량 바다를 향해 나서는데…! 12척의 조선 vs 330척의 왜군 역사를 바꾼 위대한 전쟁이 시작된다!"
1000003,범죄도시2,2498,131293353478,12692959,2022,20220518,106,15세관람가,98.0,71641,8.94,4320,"“느낌 오지? 이 놈 잡아야 하는 거”가리봉동 소탕작전 후 4년 뒤, 금천서 강력반은 베트남으로 도주한 용의자를 인도받아 오라는 미션을 받는다.괴물형사 ‘마석도’(마동석)와 ‘전일만’(최귀화) 반장은 현지 용의자에게서 수상함을 느끼고, 그의 뒤에 무자비한 악행을 벌이는 ‘강해상’(손석구)이 있음을 알게 된다.‘마석도’와 금천서 강력반은 한국과 베트남을 오가며 역대급 범죄를 저지르는 ‘강해상’을 본격적으로 쫓기 시작하는데...나쁜 놈들 잡는 데 국경 없다!통쾌하고 화끈한 범죄 소탕 작전이 다시 펼쳐진다!"
1000004,서울의 봄,2328,127926951712,13128080,2022,20231122,141,12세관람가,98.0,57573,9.39,3676,"1979년 12월 12일, 수도 서울 군사반란 발생 그날, 대한민국의 운명이 바뀌었다 대한민국을 뒤흔든 10월 26일 이후, 서울에 새로운 바람이 불어온 것도 잠시 12월 12일, 보안사령관 전두광이 반란을 일으키고 군내 사조직을 총동원하여 최전선의 전방부대까지 서울로 불러들인다. 권력에 눈이 먼 전두광의 반란군과 이에 맞선 수도경비사령관 이태신을 비롯한 진압군 사이 일촉즉발의 9시간이 흘러 가는데…목숨을 건 두 세력의 팽팽한 대립오늘 밤, 대한민국 수도에서 가장 치열한 전쟁이 펼쳐진다!"
1000005,신과함께-죄와 벌,1912,115698654137,14410754,2017,20171220,140,12세관람가,93.0,177036,8.73,26062,"저승 법에 의하면, 모든 인간은 사후 49일 동안 7번의 재판을 거쳐야만 한다.살인, 나태, 거짓, 불의, 배신, 폭력, 천륜7개의 지옥에서 7번의 재판을 무사히 통과한 망자만이 환생하여 새로운 삶을 시작할 수 있다. “김자홍 씨께선, 오늘 예정 대로 무사히 사망하셨습니다”화재 사고 현장에서 여자아이를 구하고 죽음을 맞이한 소방관 자홍, 그의 앞에 저승차사 해원맥과 덕춘이 나타난다. 자신의 죽음이 아직 믿기지도 않는데 덕춘은 정의로운 망자이자 귀인이라며 그를 치켜세운다. 저승으로 가는 입구, 초군문에서 그를 기다리는 또 한 명의 차사 강림, 그는 차사들의 리더이자 앞으로 자홍이 겪어야 할 7번의 재판에서 변호를 맡아줄 변호사이기도 하다. 염라대왕에게 천년 동안 49명의 망자를 환생시키면 자신들 역시 인간으로 환생시켜 주겠다는 약속을 받은 삼차사들, 그들은 자신들이 변호하고 호위해야 하는 48번째 망자이자 19년 만에 나타난 의로운 귀인 자홍의 환생을 확신하지만, 각 지옥에서 자홍의 과거가 하나 둘씩 드러나면서 예상치 못한 고난과 맞닥뜨리는데…누구나 가지만 아무도 본 적 없는 곳,2017년 새로운 세계의 문이 열린다!"
1000006,파묘,2355,115148478414,11913725,2024,20240222,134,15세관람가,95.0,55893,8.23,3199,"미국 LA, 거액의 의뢰를 받은 무당 ‘화림’(김고은)과 ‘봉길’(이도현)은 기이한 병이 대물림되는 집안의 장손을 만난다.조상의 묫자리가 화근임을 알아챈 ‘화림’은 이장을 권하고, 돈 냄새를 맡은 최고의 풍수사 ‘상덕’(최민식)과 장의사 ‘영근’(유해진)이 합류한다.“전부 잘 알 거야… 묘 하나 잘못 건들면 어떻게 되는지”절대 사람이 묻힐 수 없는 악지에 자리한 기이한 묘.‘상덕’은 불길한 기운을 느끼고 제안을 거절하지만, ‘화림’의 설득으로 결국 파묘가 시작되고…나와서는 안될 것이 나왔다."
1000007,국제시장,966,110828014630,14245998,2014,20141217,126,12세관람가,93.0,169371,9.16,20234,"가장 평범한 아버지의 가장 위대한 이야기’1950년대 한국전쟁 이후로부터 현재에 이르기까지 격변의 시대를 관통하며 살아온 우리 시대 아버지 ‘덕수’(황정민 분), 그는 하고 싶은 것도 되고 싶은 것도 많았지만 평생 단 한번도 자신을 위해 살아본 적이 없다. ‘괜찮다’ 웃어 보이고 ‘다행이다’ 눈물 훔치며 힘들었던 그때 그 시절, 오직 가족을 위해 굳세게 살아온 우리들의 아버지 이야기가 지금부터 시작된다."
1000008,범죄도시4,2980,110038420734,11501621,2024,20240424,109,15세관람가,92.0,42424,7.4,2421,"신종 마약 사건 3년 뒤,괴물형사 ‘마석도’(마동석)와 서울 광수대는 배달앱을 이용한 마약 판매 사건을 수사하던 중 수배 중인 앱 개발자가 필리핀에서 사망한 사건이 대규모 온라인 불법 도박 조직과 연관되어 있음을 알아낸다.필리핀에 거점을 두고 납치, 감금, 폭행, 살인 등으로 대한민국 온라인 불법 도박 시장을 장악한 특수부대 용병 출신의 빌런 ‘백창기’(김무열)와 한국에서 더 큰 판을 짜고 있는 IT업계 천재 CEO ‘장동철’(이동휘).‘마석도’는 더 커진 판을 잡기 위해 ‘장이수’(박지환)에게 뜻밖의 협력을 제안하고 광역수사대는 물론, 사이버수사대까지 합류해 범죄를 소탕하기 시작하는데…나쁜 놈 잡는데 국경도 영역도 제한 없다!업그레이드 소탕 작전! 사정없이 싹 쓸어버린다!"
1000009,베테랑,1064,105024756250,13395400,2014,20150805,123,15세관람가,98.0,134320,6.51,2360,"한 번 꽂힌 것은 무조건 끝을 보는 행동파 ‘서도철’(황정민), 20년 경력의 승부사 ‘오팀장’(오달수), 위장 전문 홍일점 ‘미스봉’(장윤주), 육체파 ‘왕형사’(오대환), 막내 ‘윤형사’(김시후)까지 없고, 못 잡는 것 없고, 봐주는 것 없는 특수 강력사건 담당 광역수사대.오랫동안 쫓던 대형 범죄를 해결한 후 숨을 돌리려는 찰나, 서도철은 재벌 3세 ‘조태오’(유아인)를 만나게 된다. 세상 무서울 것 없는 안하무인의 조태오와 언제나 그의 곁을 지키는 오른팔 ‘최상무’(유해진). 서도철은 의문의 사건을 쫓던 중 그들이 사건의 배후에 있음을 직감한다. 건들면 다친다는 충고에도 불구하고 포기하지 않는 서도철의 집념에 판은 걷잡을 수 없이 커져가고 조태오는 이를 비웃기라도 하듯 유유히 포위망을 빠져 나가는데… 베테랑 광역수사대 VS 유아독존 재벌 3세2015년 여름, 자존심을 건 한판 대결이 시작된다!"
1000010,범죄도시3,2582,104687737771,10682813,2022,20230531,105,15세관람가,94.0,53918,7.54,2407,"대체불가 괴물형사 마석도, 서울 광수대로 발탁!베트남 납치 살해범 검거 후 7년 뒤, ‘마석도’(마동석)는 새로운 팀원들과 함께 살인사건을 조사한다.사건 조사 중, ‘마석도’는 신종 마약 사건이 연루되었음을 알게 되고 수사를 확대한다.한편, 마약 사건의 배후인 '주성철'(이준혁)은 계속해서 판을 키워가고 약을 유통하던 일본 조직과 '리키'(아오키 무네타카)까지 한국에 들어오며 사건의 규모는 점점 더 커져가는데...나쁜 놈들 잡는 데 이유 없고 제한 없다커진 판도 시원하게 싹 쓸어버린다!"
1000011,신과함께-인과 연,2235,102476768809,12253247,2017,20180801,141,12세관람가,92.0,133667,8.63,13339,"천 년 동안 48명의 망자를 환생시킨 저승 삼차사, 한 명만 더 환생시키면 그들도 새로운 삶을 얻을 수 있다. 하지만 강림(하정우)은 원귀였던 수홍(김동욱)을 자신들의 마지막 귀인으로 정하는 이해할 수 없는 선택을 한다. 저승법 상 원귀는 소멸되어야 마땅하나 염라대왕(이정재)은 저승 삼차사에게 새로운 조건을 내걸며 강림의 제안을 수락한다. 염라의 조건은 성주신(마동석)이 버티고 있어 저승 차사들이 가는 족족 실패하는 허춘삼 노인을 수홍의 재판이 끝나기 전까지 저승으로 데려오는 것. 허춘삼을 데리러 이승으로 내려간 해원맥(주지훈)과 덕춘(김향기), 하지만 성주신의 막강한 힘 앞에 속수무책으로 당하기만 하던 중 우연히 그가 천 년 전 과거에 해원맥과 덕춘을 저승으로 데려간 저승 차사였다는 사실을 알게 된다. 스스로도 기억 못 하는 과거에 대한 호기심으로 해원맥과 덕춘은 성주신과 거래를 시작하는데…이승과 저승, 현재와 과거를 오가는 천 년의 비밀이 밝혀진다!"
1000012,암살,1519,98463132781,12705700,2015,20150722,140,15세관람가,96.0,118021,9.1,21542,"“경성에서 총 쏠 일이 있는데 이 친구들 좀 찾아와”1933년 조국이 사라진 시대, 대한민국 임시정부는 일본 측에 노출되지 않은 세 명을 암살 작전에 지목한다.한국 독립군 제 3지대 저격수 안옥윤, 신흥무관학교 출신 속사포, 폭탄 전문가 황덕삼!김구의 두터운 신임을 받는 임시정부 경무국 대장 염석진은 이들을 차례로 찾아 나서기 시작한다.“제 임무가 뭡니까?”타겟은 둘. 날짜는 11월 7일.조선주둔군 사령관 카와구치 마모루와 친일파 강인국을 암살하는 것이 이들의 임무.한편, 상하이 일본영사관과 내통하는 배신자의 정보가 입수되고 그로부터 거액의 의뢰를 받은 청부살인업자 하와이 피스톨이 암살단의 뒤를 쫓는다.“실패하면 어떻게 되는 거지?”독립군들과 임시정부대원, 그들을 쫓는 청부살인업자까지 작전을 둘러싼 이들의 각기 다른 선택과 예측할 수 없는 운명이 펼쳐진다!"
1000013,택시운전사,1906,95284747049,12099971,2017,20170802,137,15세관람가,99.0,151836,9.28,18777,"1980년 5월, 서울 택시운전사. “광주? 돈 워리, 돈 워리! 아이 베스트 드라이버”택시운전사 만섭(송강호)은 외국손님을 태우고 광주에 갔다 통금 전에 돌아오면 밀린 월세를 갚을 수 있는 거금 10만원을 준다는 말에 독일기자 피터(토마스 크레취만)를 태우고 영문도 모른 채 길을 나선다.광주 그리고 사람들. “모르겄어라, 우덜도 우덜한테 와 그라는지…”어떻게든 택시비를 받아야 하는 만섭의 기지로 검문을 뚫고 겨우 들어선 광주. 위험하니 서울로 돌아가자는 만섭의 만류에도 피터는 대학생 재식(류준열)과 황기사(유해진)의 도움 속에 촬영을 시작한다. 그러나 상황은 점점 심각해지고 만섭은 집에 혼자 있을 딸 걱정에 점점 초조해지는데…"
1000014,부산행,1788,93175877048,11565078,2016,20160720,118,15세관람가,92.0,163751,8.6,31270,"전대미문의 재난이 대한민국을 덮친다!  정체불명의 바이러스가 전국으로 확산되고 대한민국 긴급재난경보령이 선포된 가운데, KTX에 몸을 실은 사람들은 단 하나의 안전한 도시 부산까지 살아가기 위한 치열한 사투를 벌이게 되는데..  서울에서 부산까지의 거리 442km 지키고 싶은, 지켜야만 하는 사람들의 극한의 사투! 살고 싶다면, 부산행 KTX에 탑승하라!"
1000015,기생충,1948,87459829095,10313086,2019,20190530,132,15세관람가,95.0,130133,9.08,7890,"“같이 잘 살면 안 될까요?”전원백수로 살 길 막막하지만 사이는 좋은 기택(송강호) 가족. 장남 기우(최우식)에게 명문대생 친구가 연결시켜 준 고액 과외 자리는 모처럼 싹튼 고정수입의 희망이다. 온 가족의 도움과 기대 속에 박사장(이선균) 집으로 향하는 기우. 글로벌 IT기업 CEO인 박사장의 저택에 도착하자 젊고 아름다운 사모님 연교(조여정)가 기우를 맞이한다.   그러나 이렇게 시작된 두 가족의 만남 뒤로, 걷잡을 수 없는 사건이 기다리고 있었으니…"
1000016,엑시트,1660,79232212162,9426051,2018,20190731,103,12세관람가,97.0,132654,9.0,4766,"짠내 폭발 청년백수, 전대미문의 진짜 재난을 만나다! 대학교 산악 동아리 에이스 출신이지만 졸업 후 몇 년째 취업 실패로 눈칫밥만 먹는 용남은 온 가족이 참석한 어머니의 칠순 잔치에서 연회장 직원으로 취업한 동아리 후배 의주를 만난다. 어색한 재회도 잠시, 칠순 잔치가 무르익던 중 의문의 연기가 빌딩에서 피어 오르며 피할 새도 없이 순식간에 서울 도심은 유독가스로 뒤덮여 일대혼란에 휩싸이게 된다. 용남과 의주는 산악 동아리 시절 쌓아 뒀던 모든 체력과 스킬을 동원해 탈출을 향한 기지를 발휘하기 시작하는데…"
1000017,검사외전,1812,77252755264,9699092,2015,20160203,126,15세관람가,91.0,126439,8.56,16214,"진실 앞에 무대뽀! 다혈질검사, 살인 누명을 쓰고 감옥에 갇히다!거친 수사 방식으로 유명한 다혈질 검사 ‘변재욱’(황정민). 취조 중이던 피의자가 변사체로 발견 되면서 살인 혐의로 체포된다. 꼼짝없이 살인 누명을 쓰게 된 변재욱은 정당방위에 의한 무죄를 약속하는 차장검사 ‘종길’(이성민)을 믿고 진실 앞에 눈감고 모든 혐의를 인정하지만 그 순간 모든 증거는 사라지고 그는 결국 15년 형을 받고 수감 된다.진실 따위 나 몰라라! 허세남발 꽃미남 사기꾼, 반격 작전에 선수로 기용되다!감옥에서 복수의 칼을 갈던 재욱. 5년 후, 자신이 누명을 쓰게 된 사건에 대해 알고 있는 허세남발 꽃미남 사기꾼 ‘치원’(강동원)을 우연히 만나게 되고, 그 순간 감옥 밖 작전을 대행해 줄 선수임을 직감한다. 검사 노하우를 총 동원, 치원을 무혐의로 내보내고 반격을 준비하는 재욱. 하지만 자유를 얻은 치원은 재욱에게서 벗어날 기회만 호시탐탐 노리는데…감옥에 갇힌 검사와 세상 밖으로 나온 사기꾼!이들의 예측불허, 반격의 한탕은 성공할 수 있을까?"
1000018,한산: 용의 출현,2223,73700628377,7264934,2022,20220727,129,12세관람가,95.0,55557,8.51,4475,"나라의 운명을 바꿀 압도적 승리의 전투가 시작된다!1592년 4월, 조선은 임진왜란 발발 후 단 15일 만에 왜군에 한양을 빼앗기며 절체절명의 위기에 놓인다.조선을 단숨에 점령한 왜군은 명나라로 향하는 야망을 꿈꾸며 대규모 병역을 부산포로 집결시킨다.한편, 이순신 장군은 연이은 전쟁의 패배와 선조마저 의주로 파천하며 수세에 몰린 상황에서도 조선을 구하기 위해 전술을 고민하며 출전을 준비한다.하지만 앞선 전투에서 손상을 입은 거북선의 출정이 어려워지고, 거북선의 도면마저 왜군의 첩보에 의해 도난당하게 되는데… 왜군은 연승에 힘입어 그 우세로 한산도 앞바다로 향하고,이순신 장군은 조선의 운명을 가를 전투를 위해 필사의 전략을 준비한다.1592년 여름, 음력 7월 8일 한산도 앞바다, 압도적인 승리가 필요한 조선의 운명을 건 지상 최고의 해전이 펼쳐진다."
1000019,베테랑2,2691,72474035814,7525339,2024,20240913,118,15세이상관람가,86.0,35250,6.51,2360,"가족들도 못 챙기고 밤낮 없이 범죄들과 싸우는 베테랑 형사 '서도철'(황정민)과 강력범죄수사대 형사들.어느 날, 한 교수의 죽음이 이전에 발생했던 살인 사건들과 연관성이 있는 것으로 밝혀지며 전국은 연쇄살인범으로 인해 떠들썩해진다. 이에 단서를 추적하며 수사를 시작한 형사들. 하지만 이들을 비웃기라도 하듯, 연쇄살인범은 다음 살인 대상을 지목하는 예고편을 인터넷에 공개하며 또 한 번 전 국민을 흔들어 놓는다.강력범죄수사대는 서도철의 눈에 든 정의감 넘치는 막내 형사 '박선우' (정해인)를 투입한다. 그리고 사건은 새로운 방향으로 흐르게 되는데..."
1000020,공조2: 인터내셔날,2389,70884583586,6979319,2022,20220907,129,15세관람가,95.0,45574,7.9,2352,"공조 이즈 백! 이번엔 삼각 공조다!남한으로 숨어든 글로벌 범죄 조직을 잡기 위해 새로운 공조 수사에 투입된 북한 형사 ‘림철령’(현빈).수사 중의 실수로 사이버수사대로 전출됐던 남한 형사 ‘강진태’(유해진)는 광수대 복귀를 위해 모두가 기피하는 ‘철령’의 파트너를 자청한다.이렇게 다시 공조하게 된 ‘철령’과 ‘진태’!‘철령’과 재회한 ‘민영’(임윤아)의 마음도 불타오르는 가운데, ‘철령’과 ‘진태’는 여전히 서로의 속내를 의심하면서도 나름 그럴싸한 공조 수사를 펼친다.드디어 범죄 조직 리더인 ‘장명준’(진선규)의 은신처를 찾아내려는 찰나, 미국에서 날아온 FBI 소속 ‘잭’(다니엘 헤니)이 그들 앞에 나타나는데…!아직도 짠내 나는 남한 형사,여전한 엘리트 북한 형사,그리고 FBI 소속 해외파 형사까지!각자의 목적으로 뭉친 그들의 짜릿한 공조 수사가 시작된다!"
1000021,백두산,1971,69825366300,8252669,2019,20191219,128,12세관람가,89.0,100713,7.47,2785,"대한민국 관측 역사상 최대 규모의 백두산 폭발 발생.갑작스러운 재난에 한반도는 순식간에 아비규환이 되고, 남과 북 모두를 집어삼킬 추가 폭발이 예측된다.사상 초유의 재난을 막기 위해 ‘전유경’(전혜진)은 백두산 폭발을 연구해 온 지질학 교수 ‘강봉래’(마동석)의 이론에 따른 작전을 계획하고, 전역을 앞둔 특전사 EOD 대위 ‘조인창’(하정우)이 남과 북의 운명이 걸린 비밀 작전에 투입된다.작전의 키를 쥔 북한 무력부 소속 일급 자원 ‘리준평’(이병헌)과 접선에 성공한 ‘인창’.하지만 ‘준평’은 속을 알 수 없는 행동으로 ‘인창’을 곤란하게 만든다.한편, ‘인창’이 북한에서 펼쳐지는 작전에 투입된 사실도 모른 채 서울에 홀로 남은 ‘최지영’(배수지)은 재난에 맞서 살아남기 위해 고군분투하고 그 사이, 백두산 마지막 폭발까지의 시간은 점점 가까워 가는데…!"
1000022,해적: 바다로 간 산적,838,66240631706,8646758,2014,20140806,130,12세관람가,87.0,70704,8.51,11520,"전국민을 시원하게 웃겨줄 액션 어드벤처!조선을 뒤흔든 최강도적들의 대격전! 조선의 국새를 고래가 삼켜버렸다?!   전대미문 국새 강탈 사건으로 조정은 혼란에 빠지고, 이를 찾기 위해 조선의 난다긴다 하는 무리들이 바다로 모여든다!   바다를 호령하다 졸지에 국새 도둑으로 몰린 위기의 해적 고래는커녕 바다도 처음이지만 의기양양 고래사냥에 나선 산적 건국을 코앞에 두고 발등에 불이 떨어진 개국세력까지!   국새를 차지하는 자, 천하를 얻을 것이다!"
1000023,공조,976,63781731326,7817446,2016,20170118,125,15세관람가,95.0,124581,8.83,13994,"비밀리에 제작된 위조 지폐 동판을 탈취하려는 내부 조직에 의해 작전 중 아내와 동료들을 잃게 된 특수 정예부대 출신의 북한 형사 ‘림철령’(현빈). 동판을 찾아야만 하는 북한은 남한으로 숨어든 조직의 리더 ‘차기성’(김주혁)을 잡기 위해 역사상 최초의 남북 공조수사를 요청하고, 그 적임자로 철령을 서울에 파견한다.한편, 북한의 속내가 의심스런 남한은 먼저 차기성을 잡기 위한 작전을 계획하고, 정직 처분 중인 생계형 형사 ‘강진태’(유해진)에게 공조수사를 위장한 철령의 밀착 감시를 지시한다.임무를 완수해야 하는 철령과 임무를 막아야만 하는 진태.그들에게 주어진 시간은 단 3일,한 팀이 될 수 없는 남북 형사의 예측 불가 공조수사가 시작된다!"
1000024,수상한 그녀,692,62696639249,8656397,2013,20140122,124,15세관람가,97.0,84448,9.09,5557,"니 눈에도 내가 처녀로 보이냐? 아들 자랑이 유일한 낙인 욕쟁이 칠순 할매 오말순(나문희分)은 어느 날, 가족들이 자신을 요양원으로 독립(?)시키려 한다는 청천벽력 같은 사실을 알게 된다. 뒤숭숭한 마음을 안고 밤길을 방황하던 할매 말순은 오묘한 불빛에 이끌려 '청춘 사진관'으로 들어간다. 난생 처음 곱게 꽃단장을 하고 영정사진을 찍고 나오는 길, 그녀는 버스 차창 밖에 비친 자신의 얼굴을 보고 경악을 금치 못한다. 오드리 헵번처럼 뽀얀 피부, 날렵한 몸매... 주름진 할매에서 탱탱한 꽃처녀의 몸으로 돌아간 것! 아무도 알아보지 못하는 자신의 젊은 모습에 그녀는 스무 살 '오두리'가 되어 빛나는 전성기를 즐겨 보기로 마음 먹는데..."
1000025,밀정,1444,61158644831,7487545,2016,20160907,140,15세관람가,94.0,113919,8.57,14677,"1920년대 일제강점기.조선인 출신 일본경찰 이정출(송강호)은 무장독립운동 단체 의열단의 뒤를 캐라는 특명으로 의열단의 리더 김우진(공유)에게 접근하고, 한 시대의 양 극단에 서 있는 두 사람은 서로의 정체와 의도를 알면서도 속내를 감춘 채 가까워진다. 출처를 알 수 없는 정보가 쌍방간에 새어나가고 누가 밀정인지 알 수 없는 가운데, 의열단은 일제의 주요 시설을 파괴할 폭탄을 경성으로 들여오기 위해, 그리고 일본 경찰은 그들을 쫓아 모두 상해에 모인다.잡아야만 하는 자들과 잡힐 수 없는 자들 사이, 자신의 목표를 위해 서로를 이용하려는 암투와 회유, 교란 작전이 숨가쁘게 펼쳐지는 긴장감 속에서 폭탄을 실은 열차는 국경을 넘어 경성으로 향하는데…"
1000026,히말라야,1009,60173583015,7759473,2015,20151216,124,12세관람가,91.0,88997,8.68,12293,"“기다려... 우리가 꼭 데리러 갈게...”해발 8,750 미터 히말라야 에베레스트 데스존인간의 접근을 허락하지 않은 신의 영역 그곳에 우리 동료가 묻혀있다.산 아래 하나였고, 또 다른 가족이었던 사람들생을 마감한 후배 대원의 시신을 찾기 위해기록도, 명예도, 보상도 없는 가슴 뜨거운 여정을 시작한다. 그 누구도 시도하지 않았던 위대한 도전엄홍길 대장과 휴먼원정대의 감동 실화가 공개된다!"
1000027,1987,1299,58165581145,7231638,2017,20171227,129,15세관람가,99.0,111813,9.32,10088,"“책상을 탁! 치니 억! 하고 죽었습니다”1987년 1월, 경찰 조사를 받던 스물두 살 대학생이 사망한다.증거인멸을 위해 박처장(김윤석)의 주도 하에 경찰은 시신 화장을 요청하지만, 사망 당일 당직이었던 최검사(하정우)는 이를 거부하고 부검을 밀어붙인다.단순 쇼크사인 것처럼 거짓 발표를 이어가는 경찰. 그러나 현장에 남은 흔적들과 부검 소견은 고문에 의한 사망을 가리키고, 사건을 취재하던 윤기자(이희준)는 ‘물고문 도중 질식사’를 보도한다. 이에 박처장은 조반장(박희순)등 형사 둘만 구속시키며 사건을 축소하려 한다.한편, 교도소에 수감된 조반장을 통해 사건의 진상을 알게 된 교도관 한병용(유해진)은 이 사실을 수배 중인 재야인사에게 전달하기 위해 조카인 연희(김태리)에게 위험한 부탁을 하게 되는데…한 사람이 죽고, 모든 것이 변화하기 시작했다.모두가 뜨거웠던 1987년의 이야기."
1000028,마스터,1501,58067927865,7150541,2016,20161221,143,15세관람가,95.0,116805,8.66,13644,"썩은 머리 이번에 싹 다 잘라낸다 화려한 언변, 사람을 현혹하는 재능, 정관계를 넘나드는 인맥으로  수만 명 회원들에게 사기를 치며 승승장구해 온 원네트워크 ‘진회장’(이병헌).  반년간 그를 추적해 온 지능범죄수사팀장 ‘김재명’(강동원)은  진회장의 최측근인 ‘박장군’(김우빈)을 압박한다.  원네트워크 전산실 위치와 진회장의 로비 장부를 넘기라는 것.  뛰어난 프로그래밍 실력과 명석한 두뇌로 원네트워크를 키워 온 브레인 박장군은  계획에 차질이 생긴 것을 감지하자 빠르게 머리를 굴리기 시작한다.    진회장은 물론 그의 뒤에 숨은 권력까지 모조리 잡기 위해 포위망을 좁혀가는 재명,  오히려 이 기회를 틈타 돈도 챙기고 경찰의 압박에서도 벗어날 계획을 세우는 장군.  하지만 진회장은 간부 중에 배신자가 있음을 눈치채고, 새로운 플랜을 가동하는데…    지능범죄수사대, 희대의 사기범, 그리고 브레인  서로 속고 속이는 추격이 시작된다!"
1000029,터널,1105,57510324417,7118592,2016,20160810,127,12세관람가,95.0,112322,7.83,12,"집으로 가는 길, 터널이 무너졌다.자동차 영업대리점의 과장 정수(하정우), 큰 계약 건을 앞두고 들뜬 기분으로 집으로 가던 중 갑자기 무너져 내린 터널 안에 홀로 갇히고 만다. 눈에 보이는 것은 거대한 콘크리트 잔해뿐. 그가 가진 것은 78% 남은 배터리의 휴대폰과 생수 두 병, 그리고 딸의 생일 케이크가 전부다.구조대는 오늘도 터널 안으로 들어오지 못했다. 대형 터널 붕괴 사고 소식에 대한민국이 들썩이고 정부는 긴급하게 사고 대책반을 꾸린다.사고 대책반의 구조대장 대경(오달수)은 꽉 막혀버린 터널에 진입하기 위해 여러 가지 시도를 해보지만 구조는 더디게만 진행된다.한편, 정수의 아내 세현(배두나)은 정수가 유일하게 들을 수 있는 라디오를 통해 남편에게 희망을 전하며 그의 무사생환에 대한 희망을 버리지 않는다. 지지부진한 구조 작업은 결국 인근 제2터널 완공에 큰 차질을 주게 되고, 정수의 생존과 구조를 두고 여론이 분열되기 시작한다."
1000030,내부자들,1075,56596582057,7071763,2015,20151119,130,19세관람가(청소년관람불가),97.0,110978,9.06,11246,"“복수극으로 가자고, 화끈하게”유력한 대통령 후보와 재벌 회장, 그들을 돕는 정치깡패 안상구(이병헌).뒷거래의 판을 짠 이는 대한민국 여론을 움직이는 유명 논설주간 이강희(백윤식)다.더 큰 성공을 원한 안상구는 이들의 비자금 파일로 거래를 준비하다 발각되고,이 일로 폐인이 되어 버려진다. “넌 복수를 원하고, 난 정의를 원한다. 그림 좋잖아?”빽 없고 족보가 없어 늘 승진을 눈 앞에 두고 주저 앉는 검사 우장훈(조승우).마침내 대선을 앞둔 대대적인 비자금 조사의 저격수가 되는 기회를 잡는다.그러나 비자금 파일을 가로챈 안상구 때문에 수사는 종결되고,우장훈은 책임을 떠안고 좌천된다. 자신을 폐인으로 만든 일당에게 복수를 계획하는 정치깡패 안상구비자금 파일과 안상구라는 존재를 이용해 성공하고 싶은 무족보 검사 우장훈그리고 비자금 스캔들을 덮어야 하는 대통령 후보와 재벌, 그들의 설계자 이강희과연 살아남는 자는 누가 될 것인가?"
1000031,럭키,1158,56361435256,6965706,2015,20161013,120,15세관람가,95.0,110889,8.76,12260,"성공률 100% 압도적인 카리스마의 완벽한 킬러!목욕탕 Key 때문에 무명배우로 삶이 뒤바뀌다?!성공률 고객 만족도 100%의 완벽한 킬러 형욱(유해진)사건 처리 후 남겨진 증거를 완벽하게 없애기 위해 들른 목욕탕에서 비누를 밟고 넘어져 기억을 잃게 된다.이를 지켜본 무명배우 재성(이준)이 형욱의 목욕탕 키를 훔치게 되고, 운명이 뒤바뀐 형욱은 자신이 재성이라고 생각한 채, 배우로 성공하기 위해 노력하는데…“잊고 있었던 중요한 무언가 떠오른 것 같습니다”타고난 액션과 눈빛 연기 속에 서서히 깨어나는 킬러 본능!형욱은 자신의 과거를 기억해내고 진짜 삶을 찾을 수 있을까?"
1000032,범죄도시,1315,56077813249,6851297,2017,20171003,121,19세관람가(청소년관람불가),98.0,123596,7.4,2421,"“오늘 밤, 다 쓸어버린다!”2004년 서울…하얼빈에서 넘어와 단숨에 기존 조직들을 장악하고 가장 강력한 세력인 춘식이파 보스 ‘황사장(조재윤 분)’까지 위협하며 도시 일대의 최강자로 급부상한 신흥범죄조직의 악랄한 보스 ‘장첸(윤계상 분)’. 대한민국을 뒤흔든 ‘장첸(윤계상 분)’ 일당을 잡기 위해 오직 주먹 한방으로 도시의 평화를 유지해 온 괴물형사 ‘마석도(마동석 분)’와 인간미 넘치는 든든한 리더 ‘전일만(최귀화 분)’ 반장이 이끄는 강력반은 나쁜 놈들을 한방에 쓸어버릴 끝.짱.나.는. 작전을 세우는데…통쾌하고! 화끈하고! 살벌하게!올 추석, 나쁜 놈들 때려잡는 강력반 형사들의 ‘조폭소탕작전’이 시작된다!"
1000033,곡성,1485,55853108382,6878264,2015,20160511,156,15세관람가,86.0,106408,8.22,16782,"낯선 외지인이 나타난 후 벌어지는 의문의 연쇄 사건들로 마을이 발칵 뒤집힌다. 경찰은 집단 야생 버섯 중독으로 잠정적 결론을 내리지만 모든 사건의 원인이 그 외지인 때문이라는 소문과 의심이 걷잡을 수 없이 퍼져 나간다. 경찰 ‘종구’(곽도원)는 현장을 목격했다는 여인 ‘무명’(천우희)을 만나면서 외지인에 대한 소문을 확신하기 시작한다. 딸 ‘효진’이 피해자들과 비슷한 증상으로 아파오기 시작하자 다급해진 ‘종구’. 외지인을 찾아 난동을 부리고, 무속인 ‘일광’(황정민)을 불러 들이는데..."
1000034,인천상륙작전,1049,55101410303,7049643,2016,20160727,120,12세관람가,90.0,89933,8.55,15609,"1950년 6월 25일 북한의 기습 남침으로 불과 사흘 만에 서울 함락, 한 달 만에 낙동강 지역을 제외한 한반도 전 지역을 빼앗기게 된 대한민국. 국제연합군 최고사령관 ‘더글라스 맥아더’(리암 니슨)는 모두의 반대 속 인천상륙작전을 계획한다. 성공확률 5000:1, 불가능에 가까운 작전. 이를 가능케 하는 것은 단 하나, 인천으로 가는 길이 확보되어야 하는 것뿐이다.   맥아더의 지시로 대북 첩보작전 ‘X-RAY’에 투입된 해군 첩보부대 대위 ‘장학수’(이정재)는 북한군으로 위장 잠입해 인천 내 동태를 살피며 정보를 수집하기 시작한다.  하지만 인천 방어사령관 ‘림계진’(이범수)에 의해 정체가 발각되는 위기에 놓인 가운데 ‘장학수’와 그의 부대원들은 전세를 바꿀 단 한번의 기회, 단 하루의 작전을 위해 인천상륙 함대를 유도하는 위험천만한 임무에 나서는데...  역사를 바꾼 비밀 연합작전 그 시작은 바로 그들이었다!"
1000035,군함도,2027,50510565168,6592151,2017,20170726,132,15세관람가,86.0,93143,7.36,9024,"1945년 일제강점기. 경성 반도호텔 악단장 ‘강옥’(황정민)과 그의 하나뿐인 딸 ‘소희’(김수안). 그리고 종로 일대를 주름잡던 주먹 ‘칠성’(소지섭), 일제 치하에서 온갖 고초를 겪어온 ‘말년’(이정현) 등 각기 다른 사연을 품은 조선인들이 일본에서 돈을 벌 수 있다는 말에 속아 군함도로 향한다. 하지만 그들이 함께 탄 배가 도착한 곳은 조선인들을 강제 징용해 노동자로 착취하고 있던 ‘지옥섬’ 군함도였다. 영문도 모른 채 끌려온 조선인들이 해저 1,000 미터 깊이의 막장 속에서 매일 가스 폭발의 위험을 감수하며 노역해야 하는 군함도. 강옥은 어떻게 하든 일본인 관리의 비위를 맞춰 딸 소희만이라도 지키기 위해 온갖 수를 다하고, 칠성과 말년은 각자의 방식으로 고통스런 하루하루를 견뎌낸다. 한편 전쟁이 막바지로 치닫자 광복군 소속 OSS 요원 ‘무영’(송중기)은 독립운동의 주요인사 구출 작전을 지시 받고 군함도에 잠입한다. 일본 전역에 미국의 폭격이 시작되고 일본의 패색이 짙어지자 일본은 군함도에서 조선인에게 저지른 모든 만행을 은폐하기 위해 조선인들을 갱도에 가둔 채 폭파하려고 한다. 이를 눈치 챈 무영은, 강옥, 칠성, 말년을 비롯한 조선인 모두와 군함도를 빠져나가기로 결심하는데...!지옥섬 군함도, 조선인들의 목숨을 건 탈출이 시작된다!"
1000036,밀수,1932,49685009003,5143219,2023,20230726,129,15세관람가,94.0,40457,7.92,2479,"열길 물속은 알아도 한길 사람 속은 모른다!평화롭던 바닷가 마을 군천에 화학 공장이 들어서면서 하루아침에 일자리를 잃은 해녀들.먹고 살기 위한 방법을 찾던 승부사 '춘자'(김혜수)는 바다 속에 던진 물건을 건져 올리기만 하면 큰돈을 벌 수 있다는 밀수의 세계를 알게 되고 해녀들의 리더 '진숙'(염정아)에게 솔깃한 제안을 한다.위험한 일임을 알면서도 생계를 위해 과감히 결단을 내린 해녀 '진숙'은 전국구 밀수왕 '권 상사'를 만나게 되면서 확 커진 밀수판에 본격적으로 빠지게 된다.그러던 어느 날, 일확천금을 얻을 수 있는 일생일대의 기회가 찾아오고 사람들은 서로를 속고 속이며 거대한 밀수판 속으로 휩쓸려 들어가기 시작하는데...물길을 아는 자가 돈길의 주인이 된다!"
1000037,사도,1210,48842902501,6246849,2015,20150916,125,12세관람가,91.0,84232,8.49,9506,"“잘하자. 자식이 잘 해야 애비가 산다!”재위기간 내내 왕위계승 정통성 논란에 시달린 영조는 학문과 예법에 있어 완벽한 왕이 되기 위해 끊임없는 노력을 기울인다. 뒤늦게 얻은 귀한 아들 세자만은 모두에게 인정받는 왕이 되길 바랐지만기대와 달리 어긋나는 세자에게 실망하게 된다. “언제부터 나를 세자로 생각하고, 또 자식으로 생각했소!”어린 시절 남다른 총명함으로 아버지 영조의 기쁨이 된 아들.아버지와 달리 예술과 무예에 뛰어나고 자유분방한 기질을 지닌 사도는영조의 바람대로 완벽한 세자가 되고 싶었지만자신의 진심을 몰라주고 다그치기만 하는 아버지를 점점 원망하게 된다. 왕과 세자로 만나 아버지와 아들의 연을 잇지 못한 운명,역사상 가장 비극적인 가족사가 시작된다."
1000038,안시성,1540,46335334026,5440186,2018,20180919,135,12세관람가,94.0,78408,8.64,10418,"우리는 물러서는 법을 배우지 못했다! 우리는 무릎 꿇는 법을 배우지 못했다! 우리는 항복이라는 걸 배우지 못했다!천하를 손에 넣으려는 당 태종은 수십만 대군을 동원해 고구려의 변방 안시성을 침공한다.20만 당나라 최강 대군 VS 5천명의 안시성 군사들.40배의 전력 차이에도 불구하고, 안시성 성주 양만춘과 전사들은 당나라에 맞서 싸우기로 결심하는데…동아시아 역사상 가장 위대한 승리를 이끈 안시성 전투가 시작된다!"
1000039,연평해전,1013,45560620330,6043458,2015,20150624,130,12세관람가,92.0,55387,9.14,6499,"한일 월드컵의 열기로 뜨거웠던 2002년 6월 연평해전 에서 해군 출신 아버지의 자랑스러운 아들이자, 참수리 357호 정장 ‘윤영하’ 대위  연평해전 에서 아내의 든든한 남편이자, 참수리 357호 조타장 ‘한상국’ 하사 연평해전 에서 어머니의 하나뿐인 아들이자, 참수리 357호 의무병 ‘박동혁’ 상병참수리 357호 대원들은 실전을 방불케 하는 고된 훈련 속에 서로를 의지하며 가족 같은 존재가 되어간다.무더운 여름과 함께 월드컵의 함성이 뜨거워지는 가운데, 한국과 터키의 3, 4위전 경기가 열리던 그날 서해 바다 한 가운데에 포성이 울리는데…"
1000040,노량: 죽음의 바다,2196,45008260375,4573398,2022,20231220,153,12세관람가,93.0,29022,8.21,1930,"임진왜란 발발로부터 7년이 지난 1598년 12월.이순신(김윤석)은 왜군의 수장이던 도요토미 히데요시가 갑작스럽게 사망한 뒤 왜군들이 조선에서 황급히 퇴각하려 한다는 것을 알게 된다.“절대 이렇게 전쟁을 끝내서는 안 된다”왜군을 완벽하게 섬멸하는 것이 이 전쟁을 올바르게 끝나는 것이라 생각한 이순신은 명나라와 조명연합함대를 꾸려 왜군의 퇴각로를 막고 적들을 섬멸하기로 결심한다.하지만 왜군의 뇌물 공세에 넘어간 명나라 도독 진린(정재영)은 왜군에게 퇴로를 열어주려 하고, 설상가상으로 왜군 수장인 시마즈(백윤식)의 살마군까지 왜군의 퇴각을 돕기 위해 노량으로 향하는데…2023년 12월, 모두를 압도할 최후의 전투가 시작된다!"
1000041,헌트,1625,44573032153,4350029,2022,20220810,125,15세관람가,95.0,39369,8.39,3298,"조직 내 숨어든 스파이를 색출하라!‘사냥꾼’이 될 것인가, ‘사냥감’이 될 것인가!망명을 신청한 북한 고위 관리를 통해 정보를 입수한 안기부 해외팀 ‘박평호’(이정재)와 국내팀 ‘김정도’(정우성)는 조직 내 숨어든 스파이 ‘동림’ 색출 작전을 시작한다.스파이를 통해 일급 기밀사항들이 유출되어 위기를 맞게 되자 날 선 대립과 경쟁 속, 해외팀과 국내팀은 상대를 용의선상에 올려두고 조사에 박차를 가한다.찾아내지 못하면 스파이로 지목이 될 위기의 상황, 서로를 향해 맹렬한 추적을 펼치던 ‘박평호’와 ‘김정도’는 감춰진 실체에 다가서게 되고, 마침내 ‘대한민국 1호 암살 작전’이라는 거대한 사건과 직면하게 되는데……하나의 목표, 두 개의 총구의심과 경계 속 두 남자의 신념을 건 작전이 시작된다"
1000042,완벽한 타인,1313,44356752474,5294119,2018,20181031,115,15세관람가,96.0,80800,9.08,9380,"우리 게임 한 번 해볼까? 다들 핸드폰 올려봐저녁 먹는 동안 오는 모든 걸 공유하는 거야전화, 문자, 카톡, 이메일 할 것 없이 싹!오랜만의 커플 모임에서 한 명이 게임을 제안한다.바로 각자의 핸드폰을 테이블 위에 올려두고 통화 내용부터 문자와 이메일까지 모두 공유하자고 한 것.흔쾌히 게임을 시작하게 된 이들의 비밀이 핸드폰을 통해 들통나면서 처음 게임을 제안했던 것과는 전혀 다른 상상치 못한 결말로 흘러가는데….상상한 모든 예측이 빗나간다!"
1000043,덕혜옹주,964,44344141109,5593551,2016,20160803,127,12세관람가,95.0,80673,8.72,11983,"역사가 잊고 나라가 감췄던 대한제국의 마지막 황녀! 고종황제(백윤식)의 외동딸로 태어나 대한제국의 사랑을 받은 덕혜옹주(손예진). 전국민의 애정 속에 그녀가 독립 운동의 구심점으로 성장하려는 조짐이 보이자, 일제는 만 13세의 어린 덕혜옹주를 강제 일본 유학길에 오르게 한다. 매일같이 고국 땅을 그리워하며 살아가던 덕혜옹주 앞에 어린 시절 친구로 지냈던 장한(박해일)이 나타나고, 덕혜옹주와 그녀를 둘러싼 사람들은 대한제국의 독립을 위한 비밀스러운 임무를 시작하는데..."
1000044,청년경찰,1102,44241099316,5636259,2017,20170809,108,15세관람가,97.0,88822,9.03,7496,"현장경험 전무, 수사는 책으로 배웠다!“그냥 우리가 잡아볼게요”의욕충만 경찰대생 기준(박서준) X 이론백단 경찰대생 희열(강하늘)둘도 없는 친구인 두 사람은 외출을 나왔다 우연히 납치 사건을 목격하게 된다.목격자는 오직 두 사람 뿐! 기준과 희열은 학교에서 배운 대로 지체 없이 경찰에 신고한다.하지만 복잡한 절차와 부족한 증거로 수사는 전혀 진행될 기미가 보이지 않는 상황!1분 1초가 급박한 상황에서 아까운 시간만 흘러가자, 기준과 희열은 직접 발로 뛰는 수사에 나서기로 하고예측 불가능한 상황을 마주하게 되는데…전공지식 총동원! 파릇파릇한 놈들의 혈기왕성 실전수사가 시작된다!"
1000045,더 킹,1310,43486078535,5316325,2016,20170118,157,15세관람가,93.0,22295,8.39,9979,"대한민국의 왕은 누구인가?무소불위 권력을 쥐고 폼 나게 살고 싶었던 태수는 우여곡절 끝에 권력의 설계자 한강식을 만나 핵심 라인을 타고 승승장구 하게 된다정권이 교체되는 중요한 시기, 새로운 판을 짜며 기회를 노리던 이들 앞에 예상치 못한 위기가 닥치는데…2017년, 대한민국이 속 시원하게 뒤집힌다!"
1000046,독전,1357,43484892913,5063620,2018,20180522,123,15세관람가,93.0,82590,0.0,,"아시아 최대 마약 조직, 실체 없는 적을 추적하라!의문의 폭발 사고 후, 오랫동안 마약 조직을 추적해온 형사 ‘원호’(조진웅)의 앞에 조직의 후견인 ‘오연옥’(김성령)과 버림받은 조직원 ‘락’(류준열)이 나타난다.그들의 도움으로 아시아 마약 시장의 거물 ‘진하림’(김주혁)과 조직의 숨겨진 인물 ‘브라이언’(차승원)을 만나게 되면서 그 실체에 대한 결정적 단서를 잡게 되는데… 끝까지 의심하라!독한 자들의 전쟁이 시작된다!"
1000047,파일럿,1956,43204079201,4718036,2023,20240731,111,12세이상관람가,92.0,25805,7.43,1909,"하루 아침에 인생 추락한 스타 파일럿제 2의 인생 이륙 준비 중!최고의 비행 실력을 갖춘 스타 파일럿이자 뜨거운 인기로 유명 TV쇼에도 출연할 만큼 고공행진 하던 한정우(조정석)는 순간의 잘못으로 하루아침에 모든 것을 잃고 실직까지 하게 된다.블랙 리스트에 오른 그를 다시 받아줄 항공사는 어느 곳도 없었고 궁지에 몰린 한정우는 여동생의 신분으로 완벽히 변신, 마침내 재취업에 성공한다.그러나 기쁨도 잠시! 또다시 예상치 못한 난관에 부딪히게 되는데…인생 순항을 꿈꾸던 그의 삶은 무사히 이륙할 수 있을까?"
1000048,공작,1317,42759410176,4971261,2017,20180808,137,12세관람가,92.0,74498,7.86,6540,"북으로 간 스파이, 암호명 흑금성1993년, 북한 핵 개발을 둘러싸고 한반도의 위기가 고조된다.  정보사 소령 출신으로 안기부에 스카우트된 박석영(황정민)은 ‘흑금성’이라는 암호명으로  북핵의 실체를 캐기 위해 북의 고위층 내부로 잠입하라는 지령을 받는다.  안기부 해외실장 최학성(조진웅)과 대통령 외에는 가족조차도 그의 실체를 모르는 가운데  대북사업가로 위장해 베이징 주재 북 고위간부 리명운(이성민)에게 접근한 흑금성.  그는 수 년에 걸친 공작 끝에, 리명운과 두터운 신의를 쌓고  그를 통해서, 북한 권력층의 신뢰를 얻는데 성공한다.  그러나, 1997년. 남의 대선 직전에 흑금성은 남과 북의 수뇌부 사이 은밀한 거래를 감지한다.  조국을 위해 굳은 신념으로 모든 것을 걸고 공작을 수행했던 그는 걷잡을 수 없는 갈등에 휩싸이는데…"
1000049,검은 사제들,1088,42395347092,5440945,2015,20151105,108,15세관람가,92.0,94653,8.55,7446,"2015년 서울  뺑소니 교통사고 이후 의문의 증상에 시달리는 한 소녀(박소담).  잦은 돌출 행동으로 교단의 눈 밖에 난 ‘김신부’(김윤석)는 모두의 반대와 의심 속, 소녀를 구하기 위한 자신만의 계획을 준비한다.    이를 위해선 모든 자격에 부합하는 또 한 명의 사제가 필요한 상황,  모두가 기피하는 가운데 신학생인 ‘최부제’(강동원)가 선택되고, 그는 ‘김신부’를 돕는 동시에 감시하라는 미션을 받게 된다.    그리고 마침내 소녀를 구할 수 있는 단 하루의 기회,  김신부와 최부제는 모두의 목숨을 잃을 수도 있는 위험한 예식을 시작하는데…  “절대 쳐다보지마. 이제부터 넌 여기 없는 거야”"
1000050,남산의 부장들,1659,41223596650,4750104,2019,20200122,114,15세관람가,93.0,67699,8.46,2028,"“각하, 제가 어떻게 하길 원하십니까”1979년 10월 26일, 중앙정보부장 김규평(이병헌)이 대한민국 대통령을 암살한다.이 사건의 40일전, 미국에서는 전 중앙정보부장 박용각(곽도원)이 청문회를 통해 전 세계에 정권의 실체를 고발하며 파란을 일으킨다.그를 막기 위해 중앙정보부장 김규평과 경호실장 곽상천(이희준)이 나서고, 대통령 주변에는 충성 세력과 반대 세력들이 뒤섞이기 시작하는데…흔들린 충성, 그 날의 총성"
1000051,봉오동 전투,1476,40514276538,4779501,2019,20190807,135,15세관람가,96.0,69293,9.07,2559,"임무는 단 하나! 달리고 달려, 일본군을 죽음의 골짜기로 유인하라!1919년 3.1운동 이후 봉오동 일대에서 독립군의 무장항쟁이 활발해진다.일본은 신식 무기로 무장한 월강추격대를 필두로 독립군 토벌 작전을 시작하고, 독립군은 불리한 상황을 이겨내기 위해 봉오동 지형을 활용해 유인책을 펼치기로 한다.항일대도를 휘두르는 비범한 칼솜씨의 해철(유해진)과 발 빠른 독립군 1분대장 장하(류준열) 그리고 해철의 오른팔이자 날쌘 저격수 병구(조우진)는 일본군의 빗발치는 총탄과 포위망을 뚫고 죽음의 골짜기로 맹렬히 돌진한다.계곡과 능선을 넘나들며 귀신같은 움직임과 예측할 수 없는 지략을 펼치는 독립군의 활약에 일본군은 당황하기 시작하는데... 1920년 6월, 역사에 기록된 독립군의 첫 승리봉오동 죽음의 골짜기에 묻혔던 이야기가 지금부터 시작된다."
1000052,나쁜 녀석들: 더 무비,1511,39560195124,4573902,2019,20190911,115,15세관람가,92.0,68057,8.15,1960,"죄수들이 탈출했다!교도소 호송차량이 전복되고 최악의 범죄자들이 탈주하는 사상 초유의 사건이 발생한다.이에 경찰은 수감 중인 범죄자가 흉악범을 잡는 극비 프로젝트인 ‘특수범죄수사과’를 다시 소집한다.미친개... 다시 풉시다!‘오구탁’(김상중) 반장은 과거 함께 활약했던 전설의 주먹 ‘박웅철’(마동석)을 찾아가고, 감성 사기꾼 ‘곽노순’(김아중)과 전직 형사 ‘고유성’(장기용)을 영입해 새로운 팀을 구성한다.새로운 멤버들이 합류해 더욱 강력하고 치밀하고 독해진 나쁜 녀석들.이 사건을 파헤칠수록 배후에 거대한 범죄조직이 있다는 것을 직감한 그들은더 나쁜 놈들을 소탕하기 위해 움직이기 시작하는데…나쁜 녀석들의 법 없는 검거작전!놈들처럼 생각하고 놈들처럼 행동할 그들이 온다!"
1000053,다만 악에서 구하소서,1998,38554527990,4352669,2020,20200805,108,15세관람가,92.0,59628,8.55,2257,"태국에서 충격적인 납치사건이 발생하고 마지막 청부살인 미션을 끝낸 암살자 인남(황정민)은 그것이 자신과 관계된 것임을 알게 된다.인남은 곧바로 태국으로 향하고, 조력자 유이(박정민)를 만나 사건을 쫓기 시작한다.한편, 자신의 형제가 인남에게 암살당한 것을 알게 된 레이(이정재). 무자비한 복수를 계획한 레이는 인남을 추격하기 위해 태국으로 향하는데...처절한 암살자 VS 무자비한 추격자멈출 수 없는 두 남자의 지독한 추격이 시작된다!"
1000054,콘크리트 유토피아,1731,37388022232,3847066,2023,20230809,130,15세관람가,89.0,31176,8.17,2035,"“아파트는 주민의 것”대지진으로 하루아침에 폐허가 된 서울.모든 것이 무너졌지만 단 한 곳, 황궁 아파트만은 그대로다.소문을 들은 외부 생존자들이 황궁 아파트로 몰려들자 위협을 느끼기 시작하는 입주민들.생존을 위해 하나가 된 그들은 새로운 주민 대표 ‘영탁’을 중심으로 외부인의 출입을 철저히 막아선 채 아파트 주민만을 위한 새로운 규칙을 만든다.덕분에 지옥 같은 바깥 세상과 달리 주민들에겐 더 없이 안전하고 평화로운 유토피아 황궁 아파트.하지만 끝이 없는 생존의 위기 속 그들 사이에서도 예상치 못한 갈등이 시작되는데...! 살아남은 자들의 생존 규칙 따르거나떠나거나"
1000055,판도라,1166,35965733064,4571142,2015,20161207,136,12세관람가,93.0,73529,8.78,6982,"대한민국을 뒤덮은 사상 초유의 재난! 역대 최대 규모의 강진이 대한민국을 덮친 순간, 노후 된 채 가동되던 원자력 발전소 ‘한별 1호기’의 폭발사고가 발생한다. 예고 없이 찾아온 초유의 재난 앞에 한반도는 일대 혼란에 휩싸이고 믿고 있던 컨트롤 타워마저 사정없이 흔들린다 방사능 유출의 공포는 점차 극에 달하고 해결 방안을 찾기 위해 모든 방법들이 총동원된다. 그러나 아직 최악의 사태를 유발할 2차 폭발의 위험이 남아 있던 것!발전소 직원인 ‘재혁’과 그의 동료들은 더 큰 참사를 막기 위해 목숨 건 사투를 시작하는데…!우리가 해야 한다.반드시 막을 수 있다!"
1000056,강철비,1426,35477912466,4451336,2017,20171214,140,15세관람가,96.0,83593,8.73,7189,"북한 쿠데타 발생북 권력 1호가 넘어왔다!쿠데타 발생 직후 최정예요원 '엄철우'(정우성)는 치명상을 입은 북한 1호와 함께 남한으로 피신한다.그 사이 북한은 전 세계를 상대로 선전포고를, 남한은 계엄령을 선포한다.이때 북한 1호가 남한으로 넘어왔다는 정보를 입수한 외교안보수석 '곽철우'(곽도원)는 전쟁을 막기 위해 이들에게 긴밀한 접근을 시도하는데....일.촉.즉.발 핵전쟁 위기막아야 한다!"
1000057,아가씨,1171,35114332791,4277071,2016,20160601,145,19세관람가(청소년관람불가),81.0,81729,7.69,9377,"어릴 적 부모를 잃고 후견인 이모부(조진웅)의 엄격한 보호 아래 살아가는 귀족 아가씨(김민희). 그녀에게 백작이 추천한 새로운 하녀가 찾아온다. 매일 이모부의 서재에서 책을 읽는 것이 일상의 전부인 외로운 아가씨는  순박해 보이는 하녀에게 조금씩 의지하기 시작한다.   하지만 하녀의 정체는 유명한 여도둑의 딸로, 장물아비 손에서 자란 소매치기 고아 소녀 숙희(김태리). 막대한 재산을 상속받게 될 아가씨를 유혹하여 돈을 가로채겠다는 사기꾼 백작(하정우)의 제안을 받고 아가씨가 백작을 사랑하게 만들기 위해 하녀가 된 것. 드디어 백작이 등장하고, 백작과 숙희는 자신만의 방식으로 아가씨의 마음을 흔들기 시작하는데…   돈과 마음을 뺏기 위해 서로 속고 속이는 매혹적인 그들의 이야기가 시작된다!"
1000058,모가디슈,1688,34558297730,3613984,2021,20210728,121,15세관람가,97.0,40919,8.62,2054,"내전으로 고립된 낯선 도시, 모가디슈 지금부터 우리의 목표는 오로지 생존이다!대한민국이 UN가입을 위해 동분서주하던 시기 1991년 소말리아의 수도 모가디슈에서는 일촉즉발의 내전이 일어난다.통신마저 끊긴 그 곳에 고립된 대한민국 대사관의 직원과 가족들은 총알과 포탄이 빗발치는 가운데, 살아남기 위해 하루하루를 버텨낸다.그러던 어느 날 밤, 북한 대사관의 일행들이 도움을 요청하며 문을 두드리는데…목표는 하나, 모가디슈에서 탈출해야 한다!"
1000059,반도,2575,33071341280,3812080,2020,20200715,116,15세관람가,79.0,57739,7.17,1679,"전대미문의 재난 그 후 4년폐허의 땅으로 다시 들어간다!4년 전, 나라 전체를 휩쓸어버린 전대미문의 재난에서 가까스로 탈출했던 ‘정석’(강동원).바깥세상으로부터 철저히 고립된 반도에 다시 들어가야 하는 피할 수 없는 제안을 받는다. 제한 시간 내에 지정된 트럭을 확보해 반도를 빠져 나와야 하는 미션을 수행하던 중 인간성을 상실한 631부대와 4년 전보다 더욱 거세진 대규모 좀비 무리가 정석 일행을 습격한다.절체절명의 순간, 폐허가 된 땅에서 살아남은 ‘민정’(이정현) 가족의 도움으로 위기를 가까스로 모면하고 이들과 함께 반도를 탈출할 수 있는 마지막 기회를 잡기로 한다.되돌아온 자, 살아남은 자 그리고 미쳐버린 자필사의 사투가 시작된다!"
1000060,올빼미,1541,32860420124,3329547,2022,20221123,118,15세관람가,98.0,32013,8.7,2818,"그날 밤, 세자가 죽었다.맹인이지만 뛰어난 침술 실력을 지닌 ‘경수’는 어의 ‘이형익’에게 그 재주를 인정받아 궁으로 들어간다.그 무렵, 청에 인질로 끌려갔던 ‘소현세자’가 8년 만에 귀국하고, ‘인조’는 아들을 향한 반가움도 잠시 정체 모를 불안감에 휩싸인다.그러던 어느 밤, 어둠 속에서는 희미하게 볼 수 있는 ‘경수’가 ‘소현세자’의 죽음을 목격하게 되고 진실을 알리려는 찰나 더 큰 비밀과 음모가 드러나며 목숨마저 위태로운 상황에 빠진다.아들의 죽음 후 ‘인조’의 불안감은 광기로 변하여 폭주하기 시작하고 세자의 죽음을 목격한 ‘경수’로 인해 관련된 인물들의 민낯이 서서히 드러나게 되는데…"
1000061,영웅,1314,32293415750,3273771,2022,20221221,120,12세관람가,93.0,287,8.37,2032,"어머니 ‘조마리아’(나문희)와 가족들을 남겨둔 채 고향을 떠나온 대한제국 의병대장 ‘안중근’(정성화).동지들과 함께 네 번째 손가락을 자르는 단지동맹으로 조국 독립의 결의를 다진 안중근은 조선 침략의 원흉인 ‘이토 히로부미’를 3년 내에 처단하지 못하면 자결하기로 피로 맹세한다.그 약속을 지키기 위해 블라디보스토크를 찾은 안중근.오랜 동지 ‘우덕순’(조재윤), 명사수 ‘조도선’(배정남), 독립군 막내 ‘유동하’(이현우), 독립군을 보살피는 동지 ‘마진주’(박진주)와 함께 거사를 준비한다.한편 자신의 정체를 감춘 채 이토 히로부미에게 접근해 적진 한복판에서 목숨을 걸고 정보를 수집하던 독립군의 정보원 ‘설희’(김고은)는 이토 히로부미가 곧 러시아와의 회담을 위해 하얼빈을 찾는다는 일급 기밀을 다급히 전한다.드디어 1909년 10월 26일,이날만을 기다리던 안중근은 하얼빈역에 도착한 이토 히로부미를 향해 주저 없이 방아쇠를 당긴다.현장에서 체포된 그는 전쟁 포로가 아닌 살인의 죄목으로, 조선이 아닌 일본 법정에 서게 되는데…누가 죄인인가, 누가 영웅인가!"
1000062,타짜-신의 손,890,32267244827,4001813,2014,20140903,147,19세관람가(청소년관람불가),79.0,49190,7.77,4785,"화투판에는 영원한 친구도, 영원한 원수도 없다!  어린 시절부터 삼촌 '고니'를 닮아 도박에 타고난 소질을 보이던 '대길'은 고향을 떠나 서울 강남의 하우스에서 심부름꾼으로 일하며 호시탐탐 판에 끼어들 기회를 노린다. 충청도에서 원정 온 호구들을 상대로 화려하게 데뷔한 '대길'은 하우스의 판돈을 몽땅 끌어 모으며 타짜로서 나날이 승승장구하던 도중, 가장 친했던 고향 친구의 배신으로 모든 것을 잃게 된다. 강남 하우스를 떠나 전국을 떠돌던 '대길'은 '고니'의 옛 파트너 '고광렬'을 만나게 되고, 다시금 재기를 노리는데...목숨 줄이 오가는 타짜들의 한판 승부가 시작된다!"
1000063,꾼,1314,31313568795,4018341,2017,20171122,117,15세관람가,93.0,74173,8.32,4293,"‘희대의 사기꾼’을 잡기 위해 사기‘꾼’들이 뭉쳤다!“판 다시 짜야죠, 팀플레이로!” 대한민국을 발칵 뒤집어 놓은 ‘희대의 사기꾼’ 장두칠이 돌연 사망했다는 뉴스가 발표된다.그러나 그가 아직 살아있다는 소문과 함께 그를 비호했던 권력자들이 의도적으로 풀어준 거라는 추측이 나돌기 시작한다 사기꾼만 골라 속이는 사기꾼 지성(현빈)은 장두칠이 아직 살아있다며사건 담당 검사 박희수(유지태)에게 그를 확실하게 잡자는 제안을 한다.박검사의 비공식 수사 루트인 사기꾼 3인방 고석동(배성우), 춘자(나나), 김 과장(안세하)까지 합류시켜 잠적한 장두칠의 심복 곽승건(박성웅)에게 접근하기 위한 새로운 판을 짜기 시작한다. 하지만 박검사는 장두칠 검거가 아닌 또 다른 목적을 위해 은밀히 작전을 세우고,이를 눈치 챈 지성과 다른 꾼들도 서로 속지 않기 위해 각자만의 계획을 세우기 시작하는데…이 판에선 누구도 믿지 마라!진짜 ‘꾼’들의 예측불가 팀플레이가 시작된다!"
1000064,소방관,1414,31098404290,3310323,2024,20241204,106,12세이상관람가,93.0,17707,7.86,1346,"살리기 위해, 살아남기 위해 하루하루가 마지막 현장인 소방관 팀은 열악한 환경 속에서도 화재 진압과 전원 구조라는 단 하나의 목표로 의기투합한다.어느 날, 다급하게 119 신고 전화로 홍제동에 화재가 발생했다는 긴급 상황이 접수되자 팀원들은 위기를 직감하는데…누군가의 가족, 친구, 사랑하는 사람우리가 기억해야 할 그 이름 소방관 2001년 가장 빛났던 그들의 이야기를 기억하겠습니다."
1000065,남한산성,1229,31067321992,3829891,2017,20171003,140,15세관람가,90.0,62456,8.17,4771,"1636년 인조 14년 병자호란.청의 대군이 공격해오자 임금과 조정은 적을 피해 남한산성으로 숨어든다.추위와 굶주림, 절대적인 군사적 열세 속 청군에 완전히 포위된 상황, 대신들의 의견 또한 첨예하게 맞선다.순간의 치욕을 견디고 나라와 백성을 지켜야 한다는 이조판서 ‘최명길’(이병헌)과청의 치욕스런 공격에 끝까지 맞서 싸워 대의를 지켜야 한다는 예조판서 ‘김상헌’(김윤석).그 사이에서 ‘인조’(박해일)의 번민은 깊어지고, 청의 무리한 요구와 압박은 더욱 거세지는데...나아갈 곳도 물러설 곳도 없는 고립무원의 남한산성나라의 운명이 그곳에 갇혔다!"
1000066,국가부도의 날,1180,30891765837,3754983,2018,20181128,114,12세관람가,95.0,60695,8.71,2894,"“모든 투자자들은 한국을 떠나라. 지금 당장”1997년, 대한민국 최고의 경제 호황을 믿어 의심치 않았던 그때,곧 엄청난 경제 위기가 닥칠 것을 예견한 한국은행 통화정책팀장 ‘한시현’(김혜수)은 이 사실을 보고하고, 정부는 뒤늦게 국가부도 사태를 막기 위한 비공개 대책팀을 꾸린다.한편, 곳곳에서 감지되는 위기의 시그널을 포착하고 과감히 사표를 던진 금융맨 ‘윤정학’(유아인)은 국가부도의 위기에 투자하는 역베팅을 결심, 투자자들을 모으기 시작한다. 이런 상황을 알 리 없는 작은 공장의 사장이자 평범한 가장 ‘갑수’(허준호)는 대형 백화점과의 어음 거래 계약서에 도장을 찍고 소박한 행복을 꿈꾼다. 국가부도까지 남은 시간 단 일주일. 대책팀 내부에서 위기대응 방식을 두고 시현과 ‘재정국 차관’(조우진)이 강하게 대립하는 가운데, 시현의 반대에도 불구하고 ‘IMF 총재’(뱅상 카셀)가 협상을 위해 비밀리에 입국하는데…위기를 막으려는 사람과 위기에 베팅하는 사람, 그리고 회사와 가족을 지키려는 평범한 사람,1997년, 서로 다른 선택을 했던 사람들의 이야기가 시작된다!"
1000067,82년생 김지영,1486,30305744310,3679019,2019,20191023,119,12세관람가,96.0,67469,9.12,2142,"1982년 봄에 태어나 누군가의 딸이자 아내, 동료이자 엄마로 2019년 오늘을 살아가는 ‘지영’(정유미).때론 어딘가 갇힌 듯 답답하기도 하지만 남편 ‘대현’(공유)과 사랑스러운 딸, 그리고 자주 만나지 못해도 항상 든든한 가족들이 ‘지영’에겐 큰 힘이다.하지만 언젠가부터 마치 다른 사람이 된 것처럼 말하는 ‘지영’.‘대현’은 아내가 상처 입을까 두려워 그 사실을 털어놓지 못하고 ‘지영’은 이런 ‘대현’에게 언제나 “괜찮다”라며 웃어 보이기만 하는데… 모두가 알지만 아무도 몰랐던 당신과 나의 이야기  82년생 김지영"
1000068,역린,1054,29893297890,3849433,2014,20140430,135,15세관람가,78.0,45048,7.43,3903,"逆賊之子 不爲君王역적의 아들은 왕이 될 수 없다 역적으로 몰려 뒤주에 갇혀 죽은 사도세자의 아들로 왕위에 올라숨막히는 암살의 위험 속에 살아야 했던 왕 '정조'그런 정조 곁을 그림자처럼 지키는 상책과 금위영 대장 홍국영정조를 위협하는 노론의 수장 정순왕후와 아들을 지키려는 혜경궁 홍씨말 못할 비밀을 품고 궁에 들어온 세답방 나인 월혜자신을 살수로 길러낸 광백의 잔인한 제안에 왕을 암살하려는 살수今日殺主오늘 왕을 죽여라!왕의 암살을 둘러싼 살아야 하는 자, 죽여야 하는 자, 살려야 하는 자들의 숨막히는 24시간역사 속에 감춰졌던 그날의 이야기가 마침내 드러난다!"
1000069,악인전,1307,29128292150,3364079,2019,20190515,110,19세관람가(청소년관람불가),95.0,55965,8.53,2106,"우연히 연쇄살인마의 표적이 되었다 살아난 조직 보스 장동수와 범인잡기에 혈안이 된 강력반 미친개 정태석. 타협할 수 없는 두 사람이 연쇄살인마 K를 잡기 위해 손잡는다. 표적은 하나, 룰도 하나!먼저 잡는 놈이 갖는다!"
1000070,돈,1431,28869614062,3389035,2018,20190320,115,15세관람가,97.0,30,8.38,3885,"“부자가 되고 싶었다”오직 부자가 되고 싶은 꿈을 품고 여의도 증권가에 입성한 신입 주식 브로커 조일현(류준열). 빽도 줄도 없는 지방대 출신, 수수료 O원의 그는 곧 해고 직전의 처지로 몰린다. 위기의 순간, 베일에 싸인 신화적인 작전 설계자 번호표(유지태)를 만나게 되고, 막대한 이익을 챙길 수 있는 거래 참여를 제안 받는다. 위험한 제안을 받아들인 후 순식간에 큰 돈을 벌게 되는 일현. 승승장구하는 일현 앞에 번호표의 뒤를 쫓던 금융감독원의 사냥개 한지철(조우진)이 나타나 그를 조여 오기 시작하는데…"
1000071,신의 한 수,794,28777712256,3562123,2014,20140703,117,19세관람가(청소년관람불가),91.0,38460,8.41,3723,"범죄로 변해버린 신들의 놀음판, 목숨을 건 한 수가 시작된다!프로 바둑기사 태석(정우성)은 내기바둑판에서 살수(이범수)팀의 음모에 의해 형을 잃는다. 심지어 살인 누명을 쓰고 교도소에서 복역하기에 이르고, 몇 년 후 살수와의 대결을 위해 전국의 내로라하는 선수들을 모은다.각자의 복수와 마지막 한판 승부를 위해 모인 태석(정우성), 주님(안성기), 꽁수(김인권), 허목수(안길강)는 승부수를 띄울 판을 짠다. 단 한번이라도 지면 절대 살려두지 않는 악명 높은 살수(이범수)팀을 향한 계획된 승부가 차례로 시작되고……범죄로 인해 곪아버린 내기바둑판에서 꾼들의 명승부가 펼쳐진다!"
1000072,시동,1515,28098934360,3317038,2019,20191218,102,15세관람가,92.0,57866,8.61,1725,"학교도 싫고 집도 싫고 공부는 더더욱 싫다며 '엄마'(염정아)에게 1일 1강스파이크를 버는 반항아 '택일'(박정민).절친 '상필'(정해인)이 빨리 돈을 벌고 싶다며 사회로 뛰어들 때, 무작정 집을 뛰쳐나간 '택일'은 우연히 찾은 장품반점에서 남다른 포스의 주방장 '거석이형'(마동석)을 만나게 된다.강렬한 첫 인사를 나누자마자 인생 최대 적수가 된 '거석이형'과 '택일'.세상 무서울 것 없던 '택일'은 장품반점에서 상상도 못한 이들을 만나 진짜 세상을 맛보게 되는데⋯인생 뭐 있어?일단 한번 살아보는 거야!"
1000073,그것만이 내 세상,862,27441213382,3417629,2017,20180117,120,12세관람가,97.0,61240,9.17,5406,"한때는 WBC 웰터급 동양 챔피언이었지만 지금은 오갈 데 없어진 한물간 전직 복서 '조하'(이병헌).우연히 17년 만에 헤어진 엄마 '인숙'(윤여정)과 재회하고, 숙식을 해결하기 위해 따라간 집에서 듣지도 보지도 못했던 뜻밖의 동생 '진태'(박정민)와 마주한다.난생처음 봤는데… 동생이라고?!라면 끓이기, 게임도 최고로 잘하지만 무엇보다 피아노에 천재적 재능을 지닌 서번트증후군 진태.조하는 입만 열면  네~  타령인 심상치 않은 동생을 보자 한숨부터 나온다.하지만 캐나다로 가기 위한 경비를 마련하기 전까지만 꾹 참기로 결심한 조하는 결코 만만치 않은 불편한 동거생활을 하기 시작하는데…살아온 곳도, 잘하는 일도, 좋아하는 것도 다른 두 형제가 만났다!"
1000074,귀향,876,27245051990,3586523,2015,20160224,127,15세관람가,96.0,48477,,,"여기가 지옥이다 야”1943년, 천진난만한 열네 살 '정민'(강하나 분)은 영문도 모른 채 일본군 손에 이끌려 가족의 품을 떠난다.'정민'은 함께 끌려온 '영희'(서미지 분), 그리고 수많은 아이들과 함께 기차에 실려 알 수 없는 곳으로 향한다.제2차 세계대전, 차디찬 전장 한가운데 버려진 '정민'과 아이들...그곳에서 그들을 맞이한 것은 일본군만 가득한 끔찍한 고통과 아픔의 현장이었다.2월 24일, 잊혀지지 말아야 할 우리의 아픈 역사가 공개된다!"
1000075,마녀,1117,27242029463,3189091,2014,20140911,93,19세관람가(청소년관람불가),,,8.58,4717,"오늘 밤 8시까지 마감 못하면 손가락 하나 자를 수 있어? 평소와 다름 없던 사무실, 깐깐한 팀장 '이선'은 신입 사원 '세영'의 보고서를 보고 홧김에 손가락 하나를 건 내기를 한다. 당돌한 '세영'은 '이선'에게도 손가락을 걸라고 제안하고, 덜컥 내기를 수락한 '이선'은 오피스 내 떠도는 '세영'의 무서운 소문을 듣고 오싹함을 느낀다. 마침내 마감 시간이 다가오고, 제 때 일을 마친 '세영'은 한 손에 서류를, 다른 한 손에 가위를 든 채 '이선'과 마주한다.그 날 이후, '이선'은 괴기스러운 '세영'의 태도와 갑작스런 남자친구의 연락두절에 의구심을 품고 그녀의 정체를 쫓기 시작하는데… 사람들이 절 뭐라고 부르는지 아세요? 마녀래요."
1000076,마녀,1117,27242029463,3189091,2018,20180627,126,15세관람가,58.0,433,8.58,4717,"10년 전 의문의 사고가 일어난 시설에서 홀로 탈출한 후 모든 기억을 잃은 ‘자윤’. 나이도, 이름도 모르는 자신을 거두고 키워준 노부부의 보살핌으로 씩씩하고 밝은 여고생으로 자라났다. 어려운 집안사정을 돕기 위해 상금이 걸린 오디션 프로그램에 출연한 자윤, 방송이 나간 직후부터 의문의 인물들이 그녀 앞에 나타난다.  자윤의 주변을 맴돌며 날카롭게 지켜보는 남자 ‘귀공자’, 그리고 과거 사고가 일어난 시점부터 사라진 아이를 찾던 ‘닥터 백’과 ‘미스터 최’까지 자신은 전혀 기억하지 못하는 그들의 등장으로, 자윤은 혼란에 휩싸이게 되는데...!그들이 나타난 후 모든 것이 바뀌었다."
1000077,끝까지 간다,645,27006007900,3450143,2013,20140529,111,15세관람가,94.0,66329,8.83,3204,"완벽하게 숨긴 줄 알았다…! 어머니의 장례식 날, 급한 연락을 받고 경찰서로 향하던 형사 '고건수'(이선균). 아내의 이혼 통보, 갑작스런 내사 소식까지, 스트레스 폭발 직전의 건수는 실수로 사람을 치는 사고를 일으키고 만다.  되돌릴 수 없는 상황! 어떻게든 모면해야 하는 건수는누구도 찾을 수 없는 곳, 바로 어머니의 관 속에 시체를 숨긴다.   끝났다고 생각한 순간, 놈이 나타났다!하지만 곧 경찰 내부에서 실종 및 뺑소니 사건에 대한 수사가 시작되고범인이 다름아닌 자기 자신인 건수는 이를 은폐하기 위해 애쓴다. 그러던 어느 날, 사건의 모든 걸 알고 있다는 정체불명의 목격자 '박창민'(조진웅)이 등장하고,목적을 감춘 채 건수를 조여오는 창민의 협박 속  건수의 상황은 예측할 수 없는 위기로 치달아 가는데…! 절체절명 형사의 마지막 반격되돌릴 수 없다면, 끝까지 간다!"
1000078,탐정: 리턴즈,1041,26865721678,3148038,2018,20180600,117,15세관람가,96.0,53105,8.99,3648,"대한민국 최초 탐정사무소 신!장!개!업! 전국민을 웃긴 추리 콤비 ‘혹’ 달고 돌아왔다!역대급 미제사건을 해결한 추리 콤비, 셜록 덕후 만화방 주인 ‘강대만’(권상우)과 광역수사대 레전드 형사 ‘노태수’(성동일)! 드디어 대한민국 최초 탐정사무소를 개업하고, 전직 사이버 수사대 에이스 ‘여치’(이광수)까지 영입하며 탐정으로서의 첫 발을 내딛는다. 하지만 꿈과 현실은 다른 법! 기다리는 사건 대신 파리만 날리고, 생활비 압박에 결국 경찰서까지 찾아가 몰래 영업을 뛰기 시작한다.  드디어 기다림 끝에 찾아온 첫 의뢰인. 게다가 성공보수는 무려 5천만원!  자신만만하게 사건을 받아 든 세 사람은 파헤칠수록 꼬리에 꼬리를 무는 의심스러운 증거들로 혼란에 빠지기 시작하는데…   우리가 가는 길 미제사건이란 없다"
1000079,하얼빈,2125,26249028320,2755236,2024,20241224,114,15세이상관람가,90.0,29169,8.08,2589,"1908년 함경북도 신아산에서 안중근이 이끄는 독립군들은 일본군과의 전투에서 큰 승리를 거둔다.대한의군 참모중장 안중근은 만국공법에 따라 전쟁포로인 일본인들을 풀어주게 되고, 이 사건으로 인해 독립군 사이에서는 안중근에 대한 의심과 함께 균열이 일기 시작한다.1년 후, 블라디보스토크에는 안중근을 비롯해 우덕순, 김상현, 공부인, 최재형, 이창섭 등 빼앗긴 나라를 되찾기 위해 마음을 함께하는 이들이 모이게 된다.이토 히로부미가 러시아와 협상을 위해 하얼빈으로 향한다는 소식을 접한 안중근과 독립군들은 하얼빈으로 향하고, 내부에서 새어 나간 이들의 작전 내용을 입수한 일본군들의 추격이 시작되는데…진심과 의심 사이,우리는 반드시 하얼빈으로 간다"
1000080,아이 캔 스피크,1140,25532214986,3280243,2017,20170921,119,12세관람가,99.0,65830,9.24,4381,"꼭…하고 싶은 말이 있고, 듣고 싶은 말이 있다!온 동네를 휘저으며 무려 8천 건에 달하는 민원을 넣어 도깨비 할매라고 불리는 ‘옥분’. 20여 년간 누구도 막을 수 없었던 그녀 앞에 원칙주의 9급 공무원 ‘민재’가 나타나면서 팽팽한 긴장감이 흐른다. 민원 접수만큼이나 열심히 공부하던 영어가 좀처럼 늘지 않아 의기소침한 ‘옥분’은 원어민 수준의 영어를 구사하는 ‘민재’를 본 후 선생님이 되어 달라며 시간과 장소를 불문하고 부탁하기에 이른다. 둘만의 특별한 거래를 통해 결코 어울리지 않을 것 같았던 두 사람의 영어 수업이 시작되고, 함께하는 시간이 계속 될수록 서로를 이해하고 소통하게 되면서 친구이자 가족이 되어 간다. ‘옥분’이 영어 공부에 매달리는 이유가 내내 궁금하던 ‘민재’는 어느 날, 그녀가 영어로 꼭 하고 싶은 말이 있다는 것을 알게 되는데..."
1000081,가장 보통의 연애,1073,24822316930,2917213,2019,20191002,110,15세관람가,95.0,57804,8.54,1265,"헤어진 여친에 미련을 못 버린 ‘재훈’(김래원). 여느 때처럼 숙취로 시작한 아침, 모르는 번호의 누군가와 밤새 2시간이나 통화한 기록을 발견하게 되고 그 상대가 바로! 통성명한지 24시간도 채 되지 않은 직장 동료 ‘선영’임을 알게 된다. 남친과 뒤끝 있는 이별 중인 ‘선영’(공효진). 새로운 회사로 출근한 첫날, 할말 못할 말 쏟아내며 남친과 헤어지던 현장에 하필이면! 같은 직장의 ‘재훈’이 있던 것을 알게 된다. 만난지 하루만에 일보다 서로의 연애사를 더 잘 알게 된 두 사람. 하지만 미묘한 긴장과 어색함도 잠시 ‘한심하다’, ‘어이없다’ 부딪히면서도 마음이 쓰이는 건 왜 그럴까?"
1000082,탈주,1234,24102444596,2547035,2024,20240703,94,12세관람가,,17,7.82,1579,"“내 앞 길 내가 정했습니다”휴전선 인근 북한 최전방 군부대.10년 만기 제대를 앞둔 중사 ‘규남’(이제훈)은 미래를 선택할 수 없는 북을 벗어나 원하는 것을 해 볼 수 있는 철책 너머로의 탈주를 준비한다.그러나, ‘규남’의 계획을 알아챈 하급 병사 ‘동혁’(홍사빈)이 먼저 탈주를 시도하고, 말리려던 ‘규남’까지 졸지에 탈주병으로 체포된다.“허튼 생각 말고 받아들여. 이것이 니 운명이야”탈주병 조사를 위해 부대로 온 보위부 소좌 ‘현상’(구교환)은 어린 시절 알고 지내던 ‘규남’을 탈주병을 체포한 노력 영웅으로 둔갑시키고 사단장 직속보좌 자리까지 마련해주며 실적을 올리려 한다.하지만 ‘규남’이 본격적인 탈출을 감행하자 ‘현상’은 물러설 길 없는 추격을 시작한다."
1000083,프리즌,1047,23790276987,2931897,2016,20170323,125,19세관람가(청소년관람불가),91.0,55366,8.25,4569,"흔적도 증거도 없다! 감옥에서 시작되는 완전 범죄밤이 되면 죄수들이 밖으로 나가 대한민국 완전범죄를 만들어내는 교도소그 교도소의 권력 실세이자 왕으로 군림하는 익호(한석규).그 곳에 검거율 100%로 유명한 전직 경찰 유건(김래원)이 뺑소니, 증거인멸, 경찰 매수의 죄목으로 입소하게 되고, 특유의 깡다구와 다혈질 성격으로 익호의 눈에 띄게 된다.익호는 유건을 새로운 범죄에 앞세우며 점차 야욕을 내보이는데 …세상을 움직이는 놈들은 따로 있다감옥 문이 열리면 큰 판이 시작된다!"
1000084,말모이,1203,23682638520,2812444,2018,20190109,135,12세관람가,98.0,50751,9.19,4127,"까막눈 판수, 우리말에 눈뜨다! vs 조선어학회 대표 정환, ‘우리’의 소중함에 눈뜨다!1940년대 우리말이 점점 사라져가고 있던 경성.극장에서 해고된 후 아들 학비 때문에 가방을 훔치다 실패한 판수.하필 면접 보러 간 조선어학회 대표가 가방 주인 정환이다.사전 만드는데 전과자에다 까막눈이라니!그러나 판수를 반기는 회원들에 밀려 정환은 읽고 쓰기를 떼는 조건으로 그를 받아들인다.돈도 아닌 말을 대체 왜 모으나 싶었던 판수는 난생처음 글을 읽으며 우리말의 소중함에 눈뜨고,정환 또한 전국의 말을 모으는 ‘말모이’에 힘을 보태는 판수를 통해 ‘우리’의 소중함에 눈뜬다.남은 시간 한달, 바짝 조여오는 일제의 감시를 피해 ‘말모이’를 끝내야 하는데…우리말이 금지된 시대, 말과 마음이 모여 사전이 되다"
1000085,너의 결혼식,962,23670604369,2820029,2017,20180822,110,12세관람가,95.0,43775,9.0,5252,"기억하나요? 당신의 첫사랑 고3 여름, 전학생 ‘승희’(박보영)를 보고 첫눈에 반한 ‘우연’(김영광). 승희를 졸졸 쫓아다닌 끝에 마침내 공식커플로 거듭나려던 그때! 잘 지내라는 전화 한 통만 남긴 채 승희는 사라져버리고, 우연의 첫사랑은 그렇게 막을 내리는 듯했다. 1년 뒤, 승희의 흔적을 쫓아 끈질긴 노력으로 같은 대학에 합격한 우연. 그런데 그의 앞을 가로막은 건… 다름 아닌 그녀의 남.자.친.구!예술로 빗나가는 타이밍 속 다사다난한 그들의 첫사랑 연대기는 계속된다!"
1000086,스물,926,23558988686,3044134,2014,20150325,115,15세관람가,86.0,37210,8.62,2694,"인기만 많은 놈 ‘치호’생활력만 강한 놈 ‘동우’ 공부만 잘하는 놈 ‘경재’ 아무것도 하지 않는 잉여의 삶을 지향하는 인기절정의 백수, 만화가가 되겠다는 꿈을 위해 쉴 틈 없이 준비하는 생활력 강한 재수생,대기업 입사가 목표인 최강 스펙의 엄친아이지만 술만 마시면 돌변하는 새내기 대학생까지인생의 가장 부끄러운 순간을 함께 한 스무살 동갑내기 세 친구의 자체발광 코미디!"
1000087,형,993,23129111893,2982022,2016,20161124,110,12세관람가,84.0,1241,8.92,3983,"“살다 보니까 니가 내 인생에 도움이 되는 날이 온다?” 뻔뻔한 사기꾼, 동생 핑계로 가석방의 기회를 물었다! 유도 국가대표 고두영(도경수)은 경기 도중 불의의 사고를 당하게 되고이 소식을 들은 사기전과 10범의 형 고두식(조정석)은 눈물의 석방 사기극을 펼친다! “형은 개뿔, 제발 내 인생에서 꺼져!” 형이 돌아오고 인생이 더 깜깜해졌다! 하루 아침에 앞이 깜깜해진 동생을 핑계로 1년간 보호자 자격으로 가석방 된 두식!.15년 동안 단 한번도 연락이 없던 뻔뻔한 형이 집으로 돌아오고 보호자는커녕 ‘두영’의 삶을 더 엉망 진창으로 만드는데….남보다 못한 형제의 예측불허 동거가 시작된다!"
1000088,극비수사,894,22389535897,2860786,2015,20150618,108,15세관람가,88.0,40568,8.35,2765,"1978년 부산에서 일어난 실제 이야기한 아이가 유괴된 후, 수사가 시작되고 아이 부모의 특별 요청으로 담당이 된 공길용 형사는 아이를 보호하기 위해 극비 수사를 진행하기로 한다. 한편, 가족들은 유명한 점술집을 돌아다니며 아이의 생사여부를 확인하지만 이미 아이가 죽었다는 절망적인 답만 듣게 되고, 마지막으로 도사 김중산을 찾아간다. “분명히 살아 있습니다”아이의 사주를 풀어보던 김도사는 아직 아이가 살아있고, 보름 째 되는 날 범인으로부터 첫 연락이 온다고 확신한다. 보름째 되는 날, 김도사의 말대로 연락이 오고, 범인이 보낸 단서로 아이가 살아있음을 확신한 공형사는 김도사의 말을 믿게 된다. 하지만 한 달이 지나도록 수사는 진전되지 않고, 모두가 아이의 생사 보다 범인 찾기에 혈안이 된 상황 속에 공형사와 김도사 두 사람만이 아이를 살리기 위한 수사를 계속 진행하는데…“6월, 도사는 예언하고 형사는 움직인다”"
1000089,표적,665,22256359300,2841788,2013,20140430,98,15세관람가,80.0,35799,8.06,2409,"그날 밤 모든 것이 시작되었다! 한 밤 중에 벌어진 의문의 살인 사건.누명을 쓰고 쫓기던 여훈 (류승룡)은 교통사고로 병원에 긴급 후송된다.여훈의 담당의사 태준 (이진욱)은 그 날 이후 갑작스런 괴한의 습격을 받게 되고,납치된 아내를 구하기 위해 병원에서 여훈을 빼돌려 위험한 동행을 시작하게 된다한편, 사건의 음모를 직감한 여형사 영주(김성령)와 범인 검거율 100 %인 광역수사대 송반장(유준상)이 새롭게 사건에 개입하게 되는데.. 살인용의자 여훈!그와 동행하는 공범자 태준!각기 다른 목적으로 그들을 쫓는 두 명의 추격자!36시간의 숨막히는 추격!쫓는 자도 쫓기는 자도 모두 표적이다!"
1000090,목격자,1021,21732042597,2524086,2017,20180815,111,15세관람가,88.0,38459,7.56,2614,"“살려주세요!”모두가 잠든 새벽, 비명소리를 듣고 베란다에 나간 ‘상훈’(이성민)은 살인사건을 목격하게 된다.신고를 하려던 순간, 손가락을 까딱거리며 자신의 아파트 층수를 세는 범인 ‘태호’(곽시양)와 눈이 마주치게 되는데… 살인을 목격한 순간, 나는 놈의 다음 타겟이 되었다.올 여름, 단 1초도 멈출 수 없는 추격이 시작된다!"
1000091,곤지암,1124,21442114144,2675559,2017,20180328,94,15세관람가,79.0,31853,7.5,2439,"공포 체험의 성지 ‘곤지암 정신병원’1979년 환자 42명의 집단 자살과 병원장의 실종 이후, 섬뜩한 괴담으로 둘러싸인 곤지암 정신병원으로 공포체험을 떠난 7명의 멤버들 원장실, 집단 치료실, 실험실, 열리지 않는 402호 괴담의 실체를 담아내기 위해 병원 내부를 촬영하기 시작하던 멤버들에게 상상도 못한 기이하고 공포스러운 일들이 실제로 벌어지기 시작 하는데…   가지 말라는 곳에는 반드시 이유가 있다. 소름 끼치는 ‘곤지암 정신병원’ 의 실체를 체험하라!"
1000092,싱크홀,1603,21395652690,2195683,2019,20210811,114,12세관람가,87.0,22832,6.81,561,"사.상.초.유! 도심 속 초대형 재난 발생!서울 입성과 함께 내 집 마련의 꿈을 이룬 가장 ‘동원(김성균)’ 이사 첫날부터 프로 참견러 ‘만수’(차승원)와 사사건건 부딪힌다. ‘동원’은 자가취득을 기념하며 직장 동료들을 집들이에 초대하지만 행복한 단꿈도 잠시, 순식간에 빌라 전체가 땅 속으로 떨어지고 만다. 마주치기만 하면 투닥거리는 빌라 주민 ‘만수’와 ‘동원’‘동원’의 집들이에 왔던 ‘김대리’(이광수)와 인턴사원 ‘은주’(김혜준)까지!지하 500m 싱크홀 속으로 떨어진 이들은 과연 무사히 빠져나갈 수 있을까?“한 500m 정도는 떨어진 것 같아”“우리… 나갈 수 있을까요?”"
1000093,살인자의 기억법,1064,21361479492,2656694,2016,20170906,118,15세관람가,89.0,53902,8.17,3348,"예전에는 연쇄살인범이었지만 지금은 알츠하이머에 걸린 병수. 우연히 접촉사고로 만나게 된 남자 태주에게서 자신과 같은 눈빛을 발견하고 그 역시 살인자임을 직감한다. 병수는 경찰에 그를 연쇄살인범으로 신고하지만 태주가 그 경찰이었고, 아무도 병수의 말을 믿지 않는다. 태주는 은희 곁을 맴돌며 계속 병수의 주변을 떠나지 않고, 병수는 혼자 태주를 잡기 위해 필사적으로 기록하고 쫓지만 기억은 자꾸 끊기고, 오히려 살인 습관들이 되살아나며 망상과 실제 사이에서 혼란스러워진다. 다시 시작된 연쇄 살인사건, 놈의 짓이 맞을까! 니 기억은 믿지 마라! 그 놈은 살인자다!"
1000094,30일,1226,21079830749,2146902,2023,20231003,119,12세관람가,93.0,19132,7.95,1231,"“완벽한 저에게 신은 저 여자를 던지셨죠”지성과 외모 그리고 찌질함까지 타고난, '정열'(강하늘).“모기 같은 존재죠. 존재의 이유를 모르겠는?”능력과 커리어 그리고 똘기까지 타고난, '나라'(정소민).영화처럼 만나 영화같은 사랑을 했지만 서로의 찌질함과 똘기를 견디다 못해 마침내 완벽한 남남이 되기로 한다.그러나!완벽한 이별을 딱 D-30 앞둔 이들에게 찾아온 것은... 동반기억상실?올 추석,기억도 로맨스도 날리고 웃음만 남긴 이들의 제대로 터지는 코미디가 온다!"
1000095,지금 만나러 갑니다,1163,20800916128,2602273,2017,20180314,132,12세관람가,97.0,45231,8.99,2472,"세상을 떠난 그녀가 다시 돌아왔다.모든 기억을 잃은 채.비가 오는 날 다시 돌아오겠다는 믿기 힘든 약속을 남기고 세상을 떠난 ‘수아’. 그로부터 1년 뒤 장마가 시작되는 어느 여름 날, 세상을 떠나기 전과 다름없는 모습의 ‘수아’가 나타난다. 하지만 ‘수아’는 ‘우진’이 누구인지조차도 기억하지 못한다. 난, 너와 다시 사랑에 빠졌어.   자신을 기억하지 못해도 그녀가 곁에 있다는 사실만으로 행복에 젖은 ‘우진’과 자신이 기억하지 못하는 그와의 이야기가 궁금한 ‘수아’. ‘우진’이 들려주는 첫 만남, 첫 사랑, 첫 데이트, 첫 행복의 순간을 함께 나누며 ‘수아’는 ‘우진’과 다시 사랑에 빠지는데…   기다려 주세요 지금 만나러 갑니다"
1000096,비상선언,1734,20778871412,2042999,2022,20220803,140,12세관람가,81.0,30022,6.17,2261,"‘비상선언’: 항공기가 재난 상황에 직면한 항공기가 더 이상 정상적인 운항이 불가능하여, 무조건 적인 착륙을 요청하는 비상사태를 뜻하는 항공 용어베테랑 형사 팀장 인호(송강호)는 비행기 테러 예고 영상 제보를 받고 사건을 수사하던 중 용의자가 실제로 KI501 항공편에 타고 있음을 파악한다. 딸의 치료를 위해 비행 공포증임에도 불구하고 하와이로 떠나기로 한 재혁(이병헌)은 주변을 맴돌며 위협적인 말을 하는 낯선 이가 신경 쓰인다. 인천에서 하와이로 이륙한 KI501 항공편에서 원인불명의 사망자가 나오고, 비행기 안은 물론 지상까지 혼란과 두려움의 현장으로 뒤바뀐다. 이 소식을 들은 국토부 장관 숙희(전도연)는 대테러센터를 구성하고 비행기를 착륙시킬 방법을 찾기 위해 긴급회의를 소집하는데…"
1000097,블랙머니,1117,20747796510,2465678,2019,20191113,113,12세관람가,96.0,43014,8.75,853,"고발은 의무! 수사는 직진!할말은 하고 깔 건 깐다!일명 서울지검 ‘막프로’! 검찰 내에서 거침없이 막 나가는 문제적 검사로 이름을 날리는 ‘양민혁’은 자신이 조사를 담당한 피의자가 자살하는 사건으로 인해 하루 아침에 벼랑 끝에 내몰린다. 억울한 누명을 벗기 위해 내막을 파헤치던 그는 피의자가 대한은행 헐값 매각사건의 중요 증인이었음을 알게 된다.근거는 의문의 팩스 5장! 자산가치 70조 은행이 1조 7천억원에 넘어간 희대의 사건 앞에서 ‘양민혁’ 검사는 금융감독원, 대형 로펌, 해외펀드 회사가 뒤얽힌 거대한 금융 비리의 실체와 마주하게 되는데…대한민국 최대의 금융스캔들, 사건은 아직 끝나지 않았다!"
1000098,보안관,1091,20697532509,2571491,2016,20170503,115,15세관람가,93.0,41848,8.27,4007,"과잉 수사로 잘리고 낙향한 전직 형사 대호(이성민).보안관을 자처하며 바다만큼 드넓은 오지랖으로 기장 평화를 수호한다.평화롭던 동네에 비치타운 건설을 위해 성공한 사업가 종진(조진웅)이 서울에서 내려온 그때,인근 해운대에 마약이 돌기 시작한다. 종진의 모든 행보가 의심스러운 대호는 그를 마약사범으로 의심해형사의 직감을 부르짖으며 처남 덕만(김성균)을 조수로 ‘나 홀로 수사’에 나선다.허나, 민심은 돈 많고 세련되고, 대호의 공격에도 그를 은인으로 모시는 겸손함까지 갖춘 종진에게로 옮겨간 지 오래. 대호는 점점 낙동강 오리알이 되는데…두고 봐라, 이래 당하고만 있겠나. 게임은 인자 시작이다!"
1000099,히트맨,1122,20614278000,2406232,2019,20200122,110,15세관람가,90.0,42222,7.16,1998,"웹툰 작가가 되고 싶어 국정원을 탈출한 비밀 프로젝트 방패연 출신 전설의 암살요원 '준'.그러나 현실은 연재하는 작품마다 역대급 악플만 받을 뿐이다.술김에 그리지 말아야 할 1급 기밀을 그려버리고 예상치 않게 웹툰은 하루아침에 초대박이 나지만, 그로 인해 '준'은 국정원과 테러리스트의 더블 타깃이 되는데...웹툰 작가가 된 전설의 암살요원, 그의 히트 본능이 깨어난다!2020년을 강타할 짠내 폭발 X 대환장 코믹 액션 탄생!"
1000100,아수라,1278,20576226662,2594028,2016,20160928,132,19세관람가(청소년관람불가),64.0,54533,6.54,6179,"지옥 같은 세상, 살아남기 위해 싸우는 악인들의 전쟁  아수라 강력계 형사 한도경(정우성)은 이권과 성공을 위해 각종 범죄를 저지르는 악덕시장 박성배(황정민)의 뒷일을 처리해주는 대가로 돈을 받는다. 악에 계속 노출되는 사이, 말기 암 환자인 아내의 병원비를 핑계로 돈 되는 건 뭐든 하는 악인의 길로 들어서게 된 한도경. 그의 약점을 쥔 독종 검사 김차인(곽도원)과 특검팀 형사 개눈 도창학(정만식)은 그를 협박하고 이용해 박성배의 비리와 범죄 혐의를 캐려 한다. 각자의 이익과 목적을 위해 한도경의 목을 짓누르는 검찰과 박성배. 그 사이 태풍의 눈처럼 되어 버린 한도경은, 자신을 친형처럼 따르는 후배 형사 문선모(주지훈)를 박성배의 수하로 들여보내고, 살아남기 위해 혈안이 된 나쁜 놈들 사이 물지 않으면 물리는 지옥도가 펼쳐진다."
1000101,증인,1047,20312348931,2516128,2018,20190213,129,12세관람가,99.0,49586,9.16,2459,"“목격자가 있어. 자폐아야”신념은 잠시 접어두고 현실을 위해 속물이 되기로 마음먹은 민변 출신의 대형 로펌 변호사 ‘순호’(정우성).파트너 변호사로 승진할 수 있는 큰 기회가 걸린 사건의 변호사로 지목되자  살인 용의자의 무죄를 입증하기 위해 유일한 목격자인 자폐 소녀 ‘지우’(김향기)를 증인으로 세우려 한다.“아저씨도 나를 이용할 겁니까?”자기만의 세계에 빠져 의사소통이 어려운 ‘지우’.‘순호’는 사건 당일 목격한 것을 묻기 위해 ‘지우’를 찾아가지만, 제대로 된 인사조차 나누지 못한다.하지만 그날의 이야기를 듣기 위해 지우에게 다가가려 노력하는 ‘순호’, 시간이 흐를수록 조금씩 ‘지우’에 대해 이해하게 되지만 이제 두 사람은 법정에서 변호사와 증인으로 마주해야 하는데…마음을 여는 순간, 진실이 눈앞에 다가왔다"
1000102,조작된 도시,1019,20119979587,2512572,2017,20170209,126,15세관람가,93.0,55070,8.57,3952,"범죄액션의 신세계가 열린다!새롭게 즐겨라!게임 세계 속에서는 완벽한 리더지만 현실에서는 평범한 백수인 ‘권유’(지창욱).PC방에서 우연히 휴대폰을 찾아 달라는 낯선 여자의 전화를 받게 되고 이후, 영문도 모른 채 그녀를 잔인하게 살해한 범인으로 몰리게 된다모든 증거는 짜맞춘 듯 권유를 범인이라 가리키고,아무도 그의 결백을 믿어주지 않는 가운데 권유의 게임 멤버이자 천재 해커인 ‘여울’(심은경)은 이 모든 것이 단 3분 16초 동안, 누군가에 의해 완벽하게 조작되었음을 알게 된다.특수효과 전문 ‘데몰리션’(안재홍)을 비롯 게임 멤버가 모두 모여 환상의 팀웍으로 사건의 실체를 추적해나가기 시작하고, 그들은 자신들만의 새로운 룰로 조작된 세상에 맞서기 위한 짜릿한 반격에 나서는데...!살인자로 조작된 시간, 단 3분 16초그들이 짜놓은 세상, 우리가 뒤집는다!"
1000103,사바하,1174,20002183194,2397792,2018,20190220,123,15세관람가,85.0,52326,7.45,1953,"신흥 종교 비리를 찾아내는 종교문제연구소 ‘박목사’(이정재).최근 사슴동산이라는 새로운 종교 단체를 조사 중이다.영월 터널에서 여중생이 사체로 발견되는 사건이 발생하고 이를 쫓던 경찰과 우연히 사슴동산에서 마주친 박목사는 이번 건이 심상치 않음을 직감한다.터널 사건 유력 용의자의 자살, 그리고 실체를 알 수 없는 정비공 ‘나한’(박정민)과 16년 전 태어난 쌍둥이 동생 ‘금화’(이재인)의 존재까지,사슴동산에 대해 파고들수록 박목사는 점점 더 많은 미스터리와 마주하게 되는데…!그것이 태어나고 모든 사건이 시작되었다"
1000104,기술자들,641,19894297783,2564340,2014,20141224,116,15세관람가,86.0,49211,7.91,3281,"뛰어난 두뇌의 금고털이이자 작전의 설계는 물론 모든 위조에 능한 멀티플레이어 지혁, 절친한 형이자 인력 조달 전문 바람잡이 구인과 함께 어떤 보안 시스템도 순식간에 뚫어버리는 업계 최연소 해커 종배와 손잡고 기막힌 솜씨로 철통 보안을 자랑하는 보석상을 털며 순식간에 업계에 이름을 날린다. 이들을 눈 여겨 본 재계의 검은 손 조사장은 자신이 벌일 큰 판에 지혁 일당을 끌어들인다. 조사장이 설계한 작전은 동북아 최고의 보안 시스템을 자랑하는 인천 세관에 숨겨진 고위층의 검은 돈 1,500억. 주어진 시간은 단 40분.클래스가 다른 기술자들의 역대급 비즈니스가 지금 시작된다!"
1000105,육사오(6/45),1159,19791166880,1980769,2022,20220824,113,12세관람가,95.0,21613,8.02,1509,"“45개 번호 중에 6개 맞히면 1등인 육사오라는 종이쪼가리, 내가 주웠지 말입니다”우연히 1등 당첨 로또를 주운 말년 병장 ‘천우’.심장이 터질듯한 설렘도 잠시, 순간의 실수로 바람을 타고 군사분계선을 넘어간 로또.바사삭 부서진 멘탈을 부여잡고…기필코 다시 찾아야 한다!우연히 남쪽에서 넘어온 1등 당첨 로또를 주운 북한 병사 ‘용호’.이거이 남조선 인민의 고혈을 쥐어 짜내는 육사오라는 종이쪼가리란 말인가?근데 무려 당첨금이 57억이라고?!당첨금을 눈앞에서 놓칠 위기에 처한 ‘천우’와 북에선 한낱 종이쪼가리일 뿐일 로또를 당첨금으로 바꿔야 하는 ‘용호’.여기에 예상치 못한 멤버들(?)까지 합류하고 57억을 사수하기 위한 3:3팀이 결성되는데…주운 자 VS 또 주운 자아슬아슬 선 넘는 지분 협상이 시작된다!"
1000106,조선명탐정: 흡혈괴마의 비밀,1249,19690818764,2424330,2017,20180208,120,12세관람가,89.0,41732,7.52,2000,"목에 난 두 개의 이빨 자국, 심장을 관통한 화살촉에 새겨진 글자. “범인은 뭔가 말하고 싶어한다. 그렇다면 이것은 … 예고살인?!” 기이한 불에 사람들이 타 죽는 미스터리한 사건이 계속되자 명탐정 김민과 파트너 서필이 다시 뭉친다. 그러던 중 사건 현장에서 자꾸 의문의 여인과 마주치게 되고, 직감적으로 그녀와 사건이 관련되어 있음을 느낀 명탐정 콤비는 의문의 여인과 함께 사건을 쫓기 시작한다.범인이 남긴 단서들로 다음 목표물을 찾아낸 세 사람, 하지만 정체를 알 수 없는 남자 흑도포와 의문의 자객들이 세 사람의 수사를 방해하기 시작하는데…모든 귀(鬼)들의 힘이 가장 세지는 보름! 만월에 열리는 달맞이 연회에 일어날 다섯 번째 살인을 막아라!"
1000107,헤어질 결심,1374,19678744478,1897784,2022,20220629,138,15세관람가,93.0,28683,8.97,4059,"산 정상에서 추락한 한 남자의 변사 사건.담당 형사 '해준'(박해일)은 사망자의 아내 '서래'(탕웨이)와 마주하게 된다. 산에 가서 안 오면 걱정했어요, 마침내 죽을까 봐. 남편의 죽음 앞에서 특별한 동요를 보이지 않는 '서래'.경찰은 보통의 유가족과는 다른 '서래'를 용의선상에 올린다.'해준'은 사건 당일의 알리바이 탐문과 신문, 잠복수사를 통해 '서래'를 알아가면서 그녀에 대한 관심이 점점 커져가는 것을 느낀다.한편, 좀처럼 속을 짐작하기 어려운 '서래'는 상대가 자신을 의심한다는 것을 알면서도 조금의 망설임도 없이 '해준'을 대하는데….진심을 숨기는 용의자용의자에게 의심과 관심을 동시에 느끼는 형사그들의  헤어질 결심"
1000108,타짜: 원 아이드 잭,1429,19673441214,2227671,2018,20190911,140,19세관람가(청소년관람불가),82.0,35132,6.76,1480,"전설적인 타짜 ‘짝귀’의 아들이자 고시생인 ‘일출’(박정민)은 공부에는 흥미가 없지만 포커판에서는 날고 기는 실력자다. 포커판에서 우연히 알게 된 ‘마돈나’(최유화)의 묘한 매력에 빠져든 일출은 그녀의 곁을 지키는 ‘이상무’(윤제문)에게 속아 포커의 쓴맛을 제대로 배운다. 돈도 잃고 자존심까지 무너진 채 벼랑 끝에 몰린 도일출, 그의 앞에 정체불명의 타짜 ‘애꾸’(류승범)가 나타난다.거액이 걸린 거대한 판을 설계한 애꾸는 전국에서 타짜들을 불러모은다. 일출을 시작으로 셔플의 제왕 까치(이광수), 남다른 연기력의 영미(임지연), 숨은 고수 권원장(권해효)까지 무엇이든 될 수 있고, 누구든 이길 수 있는 ‘원 아이드 잭’ 팀으로 모인 이들, 인생을 바꿀 새로운 판에 뛰어드는데…베팅을 할 때는 인생을 걸어야지! 타짜니까!"
1000109,재심,935,19263100637,2420729,2016,20170215,119,15세관람가,96.0,52943,8.71,3818,"돈 없고 빽 없는 벼랑 끝 변호사, 10년을 살인자로 살아온 청년진실을 찾기 위한 두 남자의 진심 어린 사투가 시작된다!대한민국을 뒤흔든 택시기사 살인사건 발생! 유일한 목격자였던 10대 소년 현우는 경찰의 강압적인 수사에 누명을 쓰고 10년을 감옥에서 보내게 된다한편, 돈도 빽도 없이 빚만 쌓인 벼랑 끝 변호사 준영은 거대 로펌 대표의 환심을 사기 위한 무료 변론 봉사 중 현우의 사건을 알게 되고 명예와 유명세를 얻기에 좋은 기회라는 본능적 직감을 하게 된다. 그러나 실제로 현우를 만난 준영은 다시 한번 정의감에 가슴이 뜨거워지는 자신을 발견하게 되고 현우는 준영의 도움으로 다시 한번 세상을 믿어볼 희망을 찾게 되는데..2017년 2월, 다시 심장을 뛰게 만들 진심을 만나라!"
1000110,천박사 퇴마 연구소: 설경의 비밀,1511,18635492555,1916429,2023,20230927,98,12세관람가,88.0,21877,6.86,1392,대대로 마을을 지켜 온 당주집 장손이지만 정작 귀신은 믿지 않는 가짜 퇴마사 ‘천박사’(강동원). 사람의 마음을 꿰뚫는 통찰력으로 온갖 사건을 해결해온 그에게 귀신을 보는 의뢰인 ‘유경’(이솜)이 찾아와 1억원이라는 수임료로 거절하기 힘든 제안을 한다. ‘천박사’는 파트너 ‘인배’(이동휘)와 함께 ‘유경’의 집으로 향하고 그곳에서 벌어지는 사건을 쫓으며 자신과 얽혀 있는 부적인 ‘설경’의 비밀을 알게 되는데… 귀신을 믿지 않는 가짜 퇴마사! 그의 세계를 흔드는 진짜 사건이 나타났다!
1000111,신의 한 수: 귀수편,1246,18390955050,2146764,2019,20191107,106,15세관람가,91.0,38460,8.66,1262,"“세상은 둘 중 하나야놀이터가 되던가, 생지옥이 되던가”바둑으로 모든 것을 잃은 아이 ‘귀수’유일하게 기대던 스승 허일도(김성균)마저 잃고 홀로 살아남아 세상을 향한 복수를 계획한다.운명의 선택은 神의 놀음판에 있다!자신을 사지로 내몬 냉혹한 내기바둑판으로 뛰어든 귀수(권상우)는 전국을 돌아다니며 귀신 같이 바둑을 두는 자들과 대결을 펼치는데…사활을 건 대결!신의 한 수를 다시 두시겠습니까?"
1000112,박열,1176,18093543795,2359174,2017,20170628,129,12세관람가,95.0,53623,8.48,3196,"조선인에게는 영웅, 우리한텐 원수로 적당한 놈을 찾아. 1923년, 관동대지진 이후 퍼진 괴소문으로 6천여 명의 무고한 조선인이 학살된다. 사건을 은폐하기 위해, 관심을 돌릴 화젯거리가 필요했던 일본내각은 '불령사'를 조직해 항일운동을 하던 조선 청년 '박열'을 대역사건의 배후로 지목한다.  그들이 원하는 영웅이 돼줘야지  일본의 계략을 눈치챈 '박열'은 동지이자 연인인 가네코 후미코와 함께 일본 황태자 폭탄 암살 계획을 자백하고, 사형까지 무릅쓴 역사적인 재판을 시작하는데.... 조선인 최초의 대역죄인! 말 안 듣는 조선인 중 가장 말 안 듣는 조선인! 역사상 가장 버릇없는 피고인! 일본 열도를 발칵 뒤집은 사상 초유의 스캔들! 그 중심에 '박열'이 있었다!"
1000113,강남 1970,841,17717971499,2192172,2014,20150121,135,19세관람가(청소년관람불가),74.0,29220,7.76,2999,"1970년, 강남땅을 향한 위험한 욕망이 춤추기 시작한다!호적도 제대로 없는 고아로, 넝마주이 생활을 하며 친형제처럼 살던 종대(이민호)와 용기(김래원). 유일한 안식처였던 무허가촌의 작은 판자집마저 빼앗기게 된 두 사람은 건달들이 개입된 전당대회 훼방 작전에 얽히게 되고 그 곳에서 서로를 잃어버린다.  땅 종대, 돈 용기! 끝까지 한번 가 보자!  3년 후, 자신을 가족으로 받아 준 조직 두목 출신 길수(정진영)의 바람과 달리, 잘 살고 싶다는 꿈 하나로 건달 생활을 하게 되는 종대. 정보와 권력의 수뇌부에 닿아있는 복부인 민마담(김지수)과 함께 강남 개발의 이권다툼에 뛰어든 종대는 명동파의 중간보스가 된 용기와 재회하고, 두 사람은 정치권까지 개입된 의리와 음모, 배신의 전쟁터. 그 한 가운데에 놓이게 되는데…"
1000114,교섭,1289,17460908740,1721100,2020,20230118,108,12세관람가,81.0,17852,6.17,1579,"“어떤 경우라도 희생자를 안 만드는 게 이 협상의 기조 아닙니까?”분쟁지역 아프가니스탄에서 한국인들이 탈레반에게 납치되는 최악의 피랍사건이 발생한다.교섭 전문이지만 아프가니스탄은 처음인 외교관 재호(황정민)가 현지로 향하고, 국정원 요원 대식(현빈)을 만난다.원칙이 뚜렷한 외교관과 현지 사정에 능통한 국정원 요원.입장도 방법도 다르지만, 두 사람은 인질을 살려야 한다는 목표를 향해 함께 나아간다.살해 시한은 다가오고, 협상 상대, 조건 등이 시시각각 변하는 상황에서 교섭의 성공 가능성은 점점 희박해져 가는데..."
1000115,악의 연대기,776,17360123332,2192243,2015,20150514,102,15세관람가,83.0,31588,8.23,2207,"특급 승진을 앞둔 최반장은 회식 후 의문의 괴한에게 납치를 당한다. 위기를 모면하려던 최반장은 우발적인 살인을 저지르는데, 승진을 위해 사건을 은폐하기로 결심한다.“내가 죽인 시체가 다시 내 눈 앞에 나타났다”이튿날 아침, 최반장이 죽인 시체가 경찰서 앞 공사장 크레인에 매달려 공개되고 대한민국이 발칵 뒤집힌다. 자신이 진범인 사건을 담당하게 된 최반장은 좁혀오는 수사망에 불안감을 느낀다.“진짜는 지금부터야. 네가 어떤 놈인지 왜 그랬는지 내가 알아야 되겠어”최반장은 자신의 실수를 덮기 위해 사건을 조작하고 재구성한다. 어느 날, 경찰서로 의문의 전화가 걸려오고, 그의 앞에는 더 큰 위험을 몰고 올 거대한 사건을 예고하는데……"
1000116,협상,919,17032133166,1967721,2018,20180919,114,15세관람가,91.0,43414,8.16,1782,"어떠한 상황에서도 냉철함을 잃지 않던 최고의 협상가 ‘하채윤’은긴급 투입된 현장에서 인질과 인질범 모두 사망하는 사건을 겪고 충격에 휩싸인다. 그로부터 10일 후, 경찰청 블랙리스트에 오른 국제 범죄조직의 무기 밀매업자 ‘민태구’가 태국에서 한국 경찰과 기자를 납치하고 그녀를 협상 대상으로 지목한다. 이유도 목적도 조건도 없이 사상 최악의 인질극을 벌이는 ‘민태구’와그를 멈추기 위해 한치도 물러설 수 없는 협상가 ‘하채윤’ 남은 시간 12시간,목숨을 건 일생일대의 협상이 시작된다!"
1000117,굿바이 싱글,841,16912706195,2108273,2016,20160629,120,15세관람가,95.0,45318,8.43,3087,"대한민국 대표 독거스타의 임신 스캔들!이번엔 제대로 사고쳤다!  온갖 찌라시와 스캔들의 주인공인 톱스타 ‘주연’(김혜수) 그러나 점차 내려가는 인기와 남자친구의 공개적 배신에 충격을 받고,영원한 내 편을 만들기 위해 대책 없는 계획에 돌입하게 되는데!  대표 독거스타의 임신 발표는 전국민 스캔들로 일이 커지고, ‘주연’(김혜수)의 불알친구이자 스타일리스트인 ‘평구’(마동석)와 소속사 식구들이 안절부절하며 뒷수습에 동분서주 하는데… 통제불능 여배우! 그녀의 무모한 계획은 계속 될까?!"
1000118,하이재킹,1155,16840813086,1773716,2024,20240621,100,12세관람가,95.0,20249,0.0,,"1971년 겨울 속초공항여객기 조종사 태인(하정우)과 규식(성동일)은 김포행 비행에 나선다.승무원 옥순(채수빈)의 안내에 따라 탑승 중인 승객들의 분주함도 잠시, 이륙한지 얼마 되지 않아 사제폭탄이 터지며 기내는 아수라장이 된다. 지금부터 이 비행기 이북 간다 여객기를 통째로 납치하려는 용대(여진구)는 조종실을 장악하고 무작정 북으로 기수를 돌리라 협박한다.폭발 충격으로 규식은 한 쪽 시력을 잃고 이제 여객기를 조종할 수 있는 사람은 태인 뿐.이들은 여객기를 무사히 착륙시키기 위한 사투를 시작하는데... 대한민국 상공 여객기 납치 사건이 비행에 모두가 목숨을 걸었다! 하이재킹"
1000119,나의 사랑 나의 신부,629,16592056305,2135614,2014,20141008,111,15세관람가,85.0,51198,8.39,1929,"해도 후회, 안 해도 후회?정말 결혼하면 다 이래?!4년의 연애 끝에 결혼에 골인한 대한민국 보통 커플, 영민(조정석)과 미영(신민아). 마냥 행복할 줄만 알았던 달콤한 신혼생활도 잠시. 사소한 오해와 마찰들이 생기며 '결혼의 꿈'은 하나 둘씩 깨지기 시작하는데….이 결혼, 과연 잘 한 걸까?도대체 말이 안 통하는 철부지 남편 '영민'사사건건 잔소리만 늘어가는 아내 '미영'정말 사랑해서 결혼했는데 왜 이렇게 힘든 걸까?   상상하고 꿈꿔 온 결혼, 그 이상의 '속' 깊은 이야기가 펼쳐진다!"
1000120,핸섬가이즈,965,16579544601,1774398,2023,20240626,101,15세관람가,93.0,20404,8.23,1837,"“우리가 뭐 빠지는 게 있노? 집도 있고 차도 있고 인물도 훤칠한데.”자칭 터프가이 ‘재필’(이성민)과 섹시가이 ‘상구’(이희준)현실은 잊지 못할 첫인상으로 이사 첫날부터 동네 경찰 ‘최 소장’(박지환)과 ‘남 순경’(이규형)의 특별 감시 대상이 되지만, 꿈꾸던 유럽풍 드림하우스에서 새출발한다는 것에 그저 행복하기만 하다.그러나 행복도 잠시, 물에 빠질뻔한 ‘미나’(공승연)을 구해주려다 오히려 납치범으로 오해받는 상황이 이어진다.한편 ‘미나’를 찾으러 온 불청객들을 시작으로 지하실에 봉인되어 있던 악령이 깨어나며 어두운 기운이 집안을 둘러싸기 시작하는데…“왜 다들 우리집에 와서 죽고 난리야!”"
1000121,천문: 하늘에 묻는다,1198,16502543020,2000490,2018,20191226,133,12세관람가,93.0,39832,8.78,1236,역사상 가장 위대한 왕 세종관노로 태어나 종3품 대호군이 된 천재 과학자 장영실20년간 꿈을 함께하며 위대한 업적을 이뤄낸 두 사람이었지만 임금이 타는 가마 안여(安與)가 부서지는 사건으로 세종은 장영실을 문책하며 하루아침에 궁 밖으로 내치고 그 이후 장영실은 자취를 감추는데...조선의 시간과 하늘을 만들고자 했던 세종과 장영실! 그들의 숨겨진 이야기가 밝혀진다!
1000122,내안의 그놈,1041,16293580567,1901684,2018,20190109,122,15세관람가,95.0,34462,8.76,1706,"제대로 바뀐 아재와 고딩, 웃음 대환장 파티!옥상에서 떨어진 고등학생 동현(진영)이 길을 가던 엘리트 아재 판수(박성웅)를 덮치면서 제대로 바뀐다!? 게다가 판수는 동현의 몸으로 첫사랑 미선(라미란)과 존재도 몰랐던 딸 현정(이수민)을 만나게 되는데… 대유잼의 향연, 넌 이미 웃고 있다!"
1000123,마약왕,1297,16222446942,1864076,2017,20181219,139,19세관람가(청소년관람불가),73.0,33310,7.16,3091,"국가는 범죄자, 세상은 왕이라 불렀다“애국이 별게 아니다! 일본에 뽕 팔믄 그게 바로 애국인기라!” 마약도 수출하면 애국이 되던 1970년대 대한민국, 하급 밀수업자였던 이두삼은 우연히 마약 밀수에 가담했다가 마약 제조와 유통 사업에 본능적으로 눈을 뜨게 되면서 사업에 뛰어든다. “이 나라는 내가 먹여 살렸다 아이가” 뛰어난 눈썰미, 빠른 위기대처능력, 신이 내린 손재주로 단숨에 마약업을 장악한 이두삼 사업적인 수완이 뛰어난 로비스트 김정아(배두나)가 합류하면서 그가 만든 마약은 '메이드인 코리아'라는 브랜드를 달게 된다. 마침내 이두삼은 대한민국을 넘어 아시아까지 세력을 확장하며 백색 황금의 시대를 열게 된다 한편, 마약으로 인해 세상은 점점 불안해지기 시작하고 승승장구하는 이두삼을 주시하는 한 사람 김인구(조정석)가 움직이기 시작하는데…"
1000124,시민덕희,1272,16174180097,1715064,2021,20240124,114,15세관람가,96.0,16023,8.17,1055,"내 돈을 사기 친 그 놈이 구조 요청을 해왔다! 세탁소 화재로 인해 대출상품을 알아보던 생활력 만렙 덕희에게 어느 날, 거래은행의 손대리가 합리적인 대출상품을 제안하겠다며 전화를 걸어온다. 대출에 필요하다며 이런저런 수수료를 요구한 손대리에게 돈을 보낸 덕희는 이 모든 과정이 보이스피싱이었음을 뒤늦게 인지하고 충격에 빠진다.전 재산을 잃고 아이들과 거리로 나앉게 생긴 덕희에게 어느 날 손대리가 다시 전화를 걸어오는데… 이번엔 살려달라는 전화다!경찰도 포기한 사건, 덕희는 손대리도 구출하고 잃어버린 돈도 찾겠다는 일념으로 필살기 하나씩 장착한 직장 동료들과 함께 중국 칭다오로 직접 날아간다."
1000125,봉이 김선달,942,16172133642,2044564,2016,20160706,120,12세관람가,89.0,36990,8.27,2686,"천재적 지략과 당대 최고의 뻔뻔함! 두둑한 배포에 수려한 외모까지 갖춘 희대의 천재사기꾼 김선달(유승호). 신출귀몰, 나타났다 하면 전설을 만들어 내는 김선달은 늘 인생 최고의 판을 기다린다.그는 위장 전문 보원(고창석), 복채 강탈 전문 윤보살(라미란), 사기 꿈나무 견이(시우민)과 함께 온갖 기상천외한 사기 행각을 벌이며 조선 최고의 사기패로 조선 팔도에서 명성을 떨친다.조선에서 가장 비싼 값에 거래된다는 담파고(담배) 탈취라는 새로운 판을 준비하던 그들은, 그 배후에 당대 최고의 권력가 성대련(조재현)이 있음을 알게 되고, 그를 속이기 위해 ‘주인 없는 대동강’을 미끼로 인생 최대의 판을 꾸미게 되는데…조선 팔도를 뒤흔든 대동강 사기 한 판!올 여름을 여는 초대형 사기극이 시작된다!"
1000126,뷰티 인사이드,648,16152717131,2053947,2015,20150820,126,12세관람가,91.0,44371,8.26,2812,"남자, 여자, 아이, 노인.. 심지어 외국인까지! 매일 다른 모습으로 변하는 남자, ‘우진’. 자주 가는 가구점에서 우연히 ‘이수’를 보고 첫눈에 반했다. 드디어 D-DAY! ‘우진’은 ‘이수’에게 고백하기로 하는데…초밥이 좋아요? 스테이크가 좋아요?사실.. 연습 엄청 많이 했어요. 오늘 꼭 그쪽이랑 밥 먹고 싶어서…매일 모습이 바뀌는 연인, 당신은 사랑할 수 있나요?7월, 처음 만나는 판타지 로맨스가 옵니다!"
1000127,외계+인 1부,1959,15987826548,1538504,2022,20220720,142,12세관람가,86.0,30638,6.8,2184,"“아주 오래전부터 외계인은 그들의 죄수를 인간의 몸에 가두어 왔다”2022년 현재, ‘가드’(김우빈)’와 ‘썬더’는 인간의 몸에 가두어진 외계인 죄수를 관리하며 지구에 살고 있다.어느 날, 서울 상공에 우주선이 나타나고 형사 ‘문도석’(소지섭)은 기이한 광경을 목격하게 되는데..한편, 630년 전 고려시대 얼치기 도사 ‘무륵’(류준열)과 천둥 쏘는 처자 ‘이안’(김태리)이 엄청난 현상금이 걸린 신검을 차지하기 위해 서로를 속고 속이는 가운데 신검의 비밀을 찾는 두 신선 ‘흑설’(염정아)과 ‘청운’(조우진), 가면 속의 ‘자장’(김의성)도 신검 쟁탈전에 나선다.그리고 우주선이 깊은 계곡에서 빛을 내며 떠오르는데…2022년 인간 속에 수감된 외계인 죄수를 쫓는 이들1390년 고려 말 소문 속의 신검을 차지하려는 도사들시간의 문이 열리고모든 것이 바뀌기 시작했다!"
1000128,#살아있다,1882,15965329900,1903703,2020,20200624,98,15세관람가,73.0,34830,6.89,924,"원인불명 증세의 사람들의 공격에 통제불능에 빠진 도시. 영문도 모른 채 잠에서 깬 ‘준우’(유아인)는 아무도 없는 집에 혼자 고립된 것을 알게 된다. 데이터, 와이파이, 문자, 전화 모든 것이 끊긴 채 고립된 상황. 연락이 두절된 가족에 이어 최소한의 식량마저 바닥이 나자 더 이상 버티기 힘들어진 ‘준우’. 하지만 그 순간 건너편 아파트에서 누군가 시그널을 보내온다. 또 다른 생존자 ‘유빈’(박신혜)이 아직 살아있음을 알게 된 ‘준우’는 함께 살아남기 위한 방법을 찾아 나서는데...! 꼭 살아남아야 한다"
1000129,인질,1288,15585244870,1638439,2021,20210818,94,15세관람가,91.0,20578,7.01,678,"배우 황정민 '인질'로 잡혔다!평소와 똑같던 어느 새벽, 서울 한복판에서 증거도, 목격자도 없이 대한민국 톱배우 '황정민'이 납치된다.한 치 앞을 알 수 없는 상황 속 살기 위한 극한의 탈주가 시작되는데…올여름, 관객들을 사로잡을 리얼리티 액션스릴러가 온다!"
1000130,변신,975,15417922925,1804112,2019,20190821,113,15세관람가,80.0,27758,7.89,1195,"“어제 밤에는 아빠가 두 명이었어요”사람의 모습으로 변신하는 악마가 우리 가족 안에 숨어들면서 기이하고 섬뜩한 사건들이 벌어진다.서로 의심하고 증오하고 분노하는 가운데 구마 사제인 삼촌 '중수'가 예고없이 찾아오는데…2019년 극강의 공포스릴러, 절대 믿지도 듣지도 마라"
1000131,뺑반,1285,15222811848,1826714,2018,20190130,133,15세관람가,85.0,39158,7.15,1430,"Hit and Run 상황 발생, 순마 출동합니다! 경찰 내 최고 엘리트 조직 내사과 소속 경위 ‘은시연’(공효진). 조직에서 유일하게 믿고 따르는 ‘윤과장’(염정아)과 함께 F1 레이서 출신의 사업가 ‘정재철’(조정석)을 잡기 위해 수사망을 조여가던 시연은 무리한 강압 수사를 벌였다는 오명을 쓰고 뺑소니 전담반으로 좌천된다. 알고 보면 경찰대 수석 출신, 만삭의 리더 ‘우계장’(전혜진)과 차에 대한 천부적 감각을 지닌 에이스 순경 ‘서민재’(류준열). 팀원은 고작 단 두 명, 매뉴얼도 인력도 시간도 없지만 뺑소니 잡는 실력만큼은 최고인 ‘뺑반’. 계속해서 재철을 예의주시하던 시연은 뺑반이 수사 중인 미해결 뺑소니 사건의 유력한 용의자가 재철임을 알게 된다. 뺑소니 친 놈은 끝까지 쫓는 뺑반 에이스 민재와 온갖 비리를 일삼는 재철을 잡기 위해 모든 것을 건 시연. 하나의 목표를 향해 힘을 합친 그들의 팀플레이가 시작되는 가운데 방법을 가리지 않고 수사망을 빠져 나가려는 통제불능 스피드광 재철의 반격 역시 점점 과감해지는데…!뺑소니 전담반 vs 통제불능 스피드광2019년 새해 포문을 통쾌하게 열 ‘뺑반’이 온다!"
1000132,오늘의 연애,709,14924654487,1891993,2014,20150114,118,15세관람가,78.0,37541,7.78,1883,"해 달라는 대로 다 해주는데 100일도 못 가 항상 여자친구에게 차이는 초등학교 교사 준수(이승기). 그에게 여자의 마음은 영원히 풀리지 않는 숙제다.그런 준수(이승기)에게는 특별한 썸녀가 있다. 바로 요즘 가장 인기 있는 기상캐스터 현우(문채원). 매일 밥 먹고 영화보고 데려다 주고 손도 잡고 위급할 때마다 도와주고 오피스텔 비번까지 아는 사이지만 애인은 아닌, 술 먹자고 불러내면 다른 남자 때문에 우는 그녀. 준수의 어린 시절 고백 따위는 묻어두는 쿨한…. 18년(!) 친구다.현우는 임자 있는 회사 선배(이서진)부터 적극적인 연하남(정준영)까지 얽히고 설킨 남자들이 넘쳐나고, 그녀의 썸 뒷바라지나 해야 하는 준수는 더 이상 참을 수가 없는데…18년동안 정리도 안 되고 진전도 없는 사이당신에게도 설명이 필요한 사이가 있나요? 썸타느라 속타는 당신을 위한 2015년 첫 로맨스!"
1000133,담보,1342,14749476550,1719592,2019,20200929,113,12세관람가,96.0,22293,9.16,512,"빚 떼려다 혹 붙였다!책임지고 받아(X) 키워 드립니다!1993년 인천거칠고 까칠한 사채업자 두석(성동일)과 종배(김희원)는 떼인 돈 받으러 갔다가 얼떨결에 9살 승이(박소이)를 담보로 맡게 된다.“담보가 무슨 뜻이에요?”뜻도 모른 채 담보가 된 승이와 승이 엄마의 사정으로 아이의 입양까지 책임지게 된 두석과 종배.하지만 부잣집으로 간 줄 알았던 승이가 엉뚱한 곳에 있다는 것을 알게 된 두 사람은 승이를 데려와 돌보게 된다.예고 없이 찾아온 아이에게 인생을 담보 잡힌 두석과 종배.빚 때문에 아저씨들에게 맡겨진 담보 승이.두석, 종배, 승이 세 사람은 어느덧 서로에게 특별한 존재가 되는데..돈 받으러 갔다가 인생의 보물을 만났다!올 가을, 담보가 보물이 됩니다!"
1000134,강철비2: 정상회담,2137,14655366110,1790797,2020,20200729,132,15세관람가,86.0,34930,7.92,936,"남북미 정상회담 중, 북한 내 쿠데타로 세 정상이 납치된다!북미 평화협정 체결을 위한 대한민국 대통령(정우성), 북한의 최고지도자인 위원장(유연석)과 미국 대통령(앵거스 맥페이든)간의 남북미 정상회담이 북한 원산에서 열린다. 북미 사이 좀처럼 이견이 좁혀지지 않는 가운데, 핵무기 포기와 평화체제 수립에 반발하는 북 호위총국장(곽도원)의 쿠데타가 발생하고, 납치된 세 정상은 북한 핵잠수함에 인질로 갇힌다. 그리고, 좁디 좁은 함장실 안, 예기치 못한 진정한 정상회담이 벌어지게 되는데…동북아시아의 운명이 핵잠수함에 갇혔다!과연, 남북미 세 지도자는 전쟁 위기를 막을 수 있을 것인가?"
1000135,노무현입니다,775,14554935612,1854867,2017,20170525,110,12세관람가,99.0,34901,9.49,3264,"국회의원, 시장 선거 등 출마하는 선거마다 번번이 낙선했던 만년 꼴찌 후보 노무현이 2002년 대선 당시 대한민국 정당 최초로 도입된 새천년민주당 국민참여경선에 당당히 출사표를 던진다. 제주를 시작으로 전국 16개 도시에서 치러진 대국민 이벤트. 쟁쟁한 후보들과 엎치락뒤치락하며 제주 경선 3위, 울산 1위, 그리고 광주까지 석권한 지지율 2%의 꼴찌 후보 노무현이 전국을 뒤흔들기 시작한다.지지율 2%의 꼴찌 후보에서 대선후보 1위, 국민의 대통령이 되기까지2002년 전국을 뒤흔들었던 노무현, 그 기적의 역전 드라마"
1000136,남자가 사랑할 때,531,14510222300,1979311,2013,20140122,120,,89.0,21847,8.48,1548,"나이만 먹었을 뿐, 대책 없는 이 남자.아직도 형 집에 얹혀 살며 조카한테 삥 뜯기는 이 남자. 빌려준 돈은 기필코 받아오는 이 남자.목사라고 인정사정 봐 주지 않는 이 남자.여자한테 다가갈 땐 바지부터 내리고 보는 막무가내 이 남자.평생 사랑과는 멀었던 한 남자가 사랑에 눈 뜨다!일생에 단 한 번 '남자가 사랑할 때'"
1000137,보이스,1296,14025546720,1426357,2021,20210915,109,15세관람가,96.0,20896,7.84,498,"단 한 통의 전화!걸려오는 순간 걸려들었다!부산 건설현장 직원들을 상대로 걸려온 전화 한 통.보이스피싱 전화로 인해 딸의 병원비부터 아파트 중도금까지, 당일 현장에서는 수많은 사람들이 목숨 같은 돈을 잃게 된다.현장작업반장인 전직형사 서준(변요한)은 가족과 동료들의 돈 30억을 되찾기 위해 보이스피싱 조직을 추적하기 시작한다.마침내 중국에 위치한 본거지 콜센터 잠입에 성공한 서준,개인정보확보, 기획실 대본입고, 인출책 섭외, 환전소 작업, 대규모 콜센터까지!체계적으로 조직화된 보이스피싱의 스케일에 놀라고, 그곳에서 피해자들의 희망과 공포를 파고드는 목소리의 주인공이자 기획실 총책 곽프로(김무열)를 드디어 마주한다.그리고 그가 300억 규모의 새로운 총력전을 기획하는 것을 알게 되는데..상상이상으로 치밀하게 조직화된 보이스피싱의 실체!끝까지 쫓아 반드시 되찾는다!"
1000138,PMC: 더 벙커,1081,14024838424,1671548,2018,20181226,125,15세관람가,75.0,38463,6.52,1153,"“전쟁도 비즈니스다”국적도 명예도 없는 글로벌 군사 기업 PMC, 작전개시!글로벌 군사 기업 (PMC) 블랙리저드 팀은 CIA로부터 거액의 프로젝트를 의뢰 받는다.지금까지 모든 작전을 성공적으로 이끌어온 캡틴 에이헵(하정우)은 그를 따르는 크루들과 함께 작전 장소로 향하는데…DMZ 지하 30m 비밀벙커에서 드디어 공개된 타깃과 함께, 블랙리저드 팀이 맡게 된 비밀 작전의 실체가 드러난다.제한시간 90분! 거부할 수 없는 미션이 펼쳐진다!"
1000139,삼진그룹 영어토익반,1615,13985885870,1571774,2019,20201021,110,12세관람가,96.0,32662,9.01,682,"마이 드림 이즈 커리어우먼”1995년, 토익 600점만 넘기면 대리가 될 수 있다!입사 8년차 동기인 말단 여직원들이 ‘삼진그룹 영어토익반’에 모인다!실무 능력 퍼펙트, 현실은 커피 타기 달인인 생산관리3부 오지랖 ‘이자영’(고아성), 추리소설 마니아로 뼈 때리는 멘트의 달인 마케팅부 돌직구 ‘정유나’(이솜), 수학 올림피아드 우승 출신, 실체는 가짜 영수증 메꾸기 달인 회계부 수학왕 ‘심보람’(박혜수)은 대리가 되면 진짜 ‘일’을 할 수 있을 것이라는 희망에 부푼다.내부고발이라도 하게? 나서지 마. 우리만 다쳐잔심부름을 하러 간 공장에서 검은 폐수가 유출되는 것을 목격한 ‘자영’은 ‘유나’, ‘보람’과 함께 회사가 무엇을 감추고자 하는지, 결정적 증거를 찾으려 한다.불가능해 보이는 싸움, 세 친구는 해고의 위험을 무릅쓰고 고군분투를 시작하는데…아이 캔 두 잇, 유 캔 두 잇, 위 캔 두 잇! 회사와 맞짱 뜨는 용감한 세 친구!"
1000140,도굴,1635,13947969670,1543813,2020,20201104,115,12세관람가,92.0,28830,0.0,,"“고물인 줄 알았는데 보물이었다?!”땅 파서 장사하는 도굴꾼들이 온다!흙 맛만 봐도 보물을 찾아내는 타고난 천재 도굴꾼 강동구(이제훈).자칭 한국의 '인디아나 존스'로 불리는 고분벽화 도굴 전문가 존스 박사(조우진), 전설의 삽질 달인 삽다리(임원희)를 만나 환상(?)의 팀플레이를 자랑하며 위험천만하고도 짜릿한 도굴의 판을 키운다.한편, 그의 재능을 알아본 고미술계 엘리트 큐레이터 윤실장(신혜선)은 강동구에게 매력적이면서도 위험한 거래를 제안하는데...!황영사 금동불상, 고구려 고분벽화 그리고 서울 강남 한복판 선릉까지!팔수록 판이 커지는 도굴의 세계!"
1000141,잠,1231,13817855033,1462621,2022,20230906,94,15세관람가,89.0,13566,7.79,1073,"행복한 신혼부부 ‘현수’(이선균)와 ‘수진’(정유미).어느 날, 옆에 잠든 남편 ‘현수’가 이상한 말을 중얼거린다.“누가 들어왔어”그날 이후, 잠들면 마치 다른 사람처럼 변하는 ‘현수’.깨어나면 아무것도 기억하지 못하는 ‘현수’는 잠들면 가족들을 해칠까 두려움을 느끼고 ‘수진’은 매일 잠드는 순간 시작되는 끔찍한 공포 때문에 잠들지 못한다.치료도 받아보지만 ‘현수’의 수면 중 이상 행동은 점점 더 위험해져가고 ‘수진’은 곧 태어날 아이까지 위험에 빠질지도 모른다는 생각에 갖은 노력을 다해보는데…"
1000142,외계+인 2부,1390,13792326337,1430121,2023,20240110,122,12세관람가,92.0,,7.84,1200,"반드시 돌아가야 한다. 모두를 지키기 위해인간의 몸속에 가둬진 외계인 죄수의 탈옥을 막으려다 과거에 갇혀버린 ‘이안’(김태리)은 우여곡절 끝에 시간의 문을 열 수 있는 ‘신검’을 되찾고, ‘썬더’(김우빈)를 찾아 자신이 떠나온 미래로 돌아가려고 한다.한편 이안을 위기의 순간마다 도와주는 ‘무륵’(류준열)은 자신의 몸속에 느껴지는 이상한 존재에 혼란을 느낀다.그런 ‘무륵’ 속에 요괴가 있다고 의심하는 삼각산 두 신선 ‘흑설’(염정아)과 ‘청운’(조우진), 소문 속 신검을 빼앗아 눈을 뜨려는 맹인 검객 ‘능파’(진선규), 신검을 차지하려는 ‘자장’(김의성)까지 ‘이안’과 ‘무륵’을 쫓기 시작한다.현재,탈옥한 외계인 죄수 ‘설계자’가 폭발 시킨 외계물질 ‘하바’로 인해 수많은 사람들이 죽고, 우연히 외계인을 목격한 ‘민개인’(이하늬)은 이것이 시작에 불과함을 알게 된다.모든 하바가 폭발하기까지 남은 시간은 단 48분, 마침내 시간의 문을 열고 무륵, 썬더, 두 신선과 함께 현재로 돌아온 이안.외계인에 맞서 하바의 폭발을 막고 사람들을 구해야만 한다!"
1000143,걸캅스,973,13772604134,1625037,2018,20190509,107,15세관람가,93.0,38227,9.01,943,"민원실 퇴출 0순위 전직 전설의 형사 '미영'과 민원실로 밀려난 현직 꼴통 형사 '지혜'집에서는 눈만 마주쳐도 으르렁 대는 시누이 올케 사이인 두 사람은 민원실에 신고접수를 하기 위해 왔다가 차도에 뛰어든 한 여성을 목격하고 그녀가 48시간 후 업로드가 예고된 디지털 성범죄 사건의 피해자란 사실을 알게 된다.강력반, 사이버 범죄 수사대, 여성청소년계까지 경찰 내 모든 부서들에서 복잡한 절차와 인력 부족을 이유로 사건이 밀려나자 ‘미영’과 ‘지혜’는 비공식 수사에 나서기로 결심한다. 누가 시켜야 잡냐? 나쁜 놈이니까 잡지!수사가 진전될수록 형사의 본능이 꿈틀대는 ‘미영’과 정의감에 활활 불타는 ‘지혜’는 드디어 용의자들과 마주할 기회를 잡게 되는데… 시작할까요? 일망타진!걸크러시 콤비의 비공식 합동 수사가 펼쳐진다!"
1000144,쎄시봉,829,13509581911,1707487,2014,20150205,122,15세관람가,88.0,24175,7.95,1557,"한국 음악계에 포크 열풍을 일으킨 조영남, 이장희, 윤형주, 송창식 등을 배출한 음악감상실 '쎄시봉', 젊음의 거리 무교동 최고의 핫플레이스였던 그곳에서 '마성의 미성' 윤형주와 '타고난 음악천재' 송창식이 평생의 라이벌로 처음 만나게 된다. '쎄시봉' 사장은 이들의 가수 데뷔를 위해 트리오 팀 구성을 제안하고, 자칭 '쎄시봉'의 전속 프로듀서 이장희는 우연히 오근태의 중저음 목소리를 듣고 그가 두 사람의 빈틈을 채워줄 '숨은 원석'임을 직감한다. 기타 코드조차 제대로 잡지 못하는 '통영촌놈' 오근태는 이장희의 꼬임에 얼떨결에 '트리오 쎄시봉'의 멤버로 합류하게 되고 그 시절, 모든 남자들의 마음을 사로잡은 '쎄시봉'의 뮤즈 민자영에게 첫눈에 반해 그녀를 위해 노래를 부르기로 결심하는데....그 시절, 젊음의 거리 무교동을 주름잡던 음악감상실 '쎄시봉'`모두의 마음을 사로잡은 단 한명의 뮤즈 그리고 잊지 못할 가슴 시린 첫사랑의 기억..."
1000145,대호,892,13489904632,1762742,2015,20151216,140,12세관람가,80.0,28270,8.22,3012,"1925년, 조선 최고의 명포수로 이름을 떨치던 ‘천만덕’(최민식)은 더 이상 총을 들지 않은 채, 지리산의 오두막에서 늦둥이 아들 ‘석’(성유빈)과 단둘이 살고 있다. ‘만덕’은 약초를 캐며 근근이 생활을 이어가고, 어린 아들 ‘석’은 한 때 최고의 포수였지만 지금은 사냥에 나서지 않는 아버지에게 불만을 품는다.  한편, 마을은 지리산의 산군(山君)으로 두려움과 존경의 대상이자, 조선의 마지막 호랑이인 ‘대호’를 찾아 몰려든 일본군 때문에 술렁이고, 도포수 ‘구경’(정만식)은 ‘대호’ 사냥에 열을 올린다. 조선 최고의 전리품인 호랑이 가죽에 매혹된 일본 고관 ‘마에조노’(오스기 렌)는 귀국 전에 ‘대호’를 손에 넣기 위해 일본군과 조선 포수대를 다그치고 ‘구경’과 일본군 장교 ‘류’(정석원)는 자취조차 쉽게 드러내지 않는 ‘대호’를 잡기 위한 마지막 수단으로 명포수 ‘만덕’을 포수대로 영입하고자 아들 ‘석’에게 접근하는데…모두가 원했지만 누구도 잡을 수 없었던 ‘대호’‘천만덕’과 ‘대호’의 운명적인 만남!"
1000146,달짝지근해: 7510,884,13445519901,1388309,2022,20230815,119,12세관람가,94.0,17596,7.6,1366,"타고난 미각 100%, 현실 감각은 0% 제과 연구원 ‘치호’(유해진).과자밖에 모르는 ‘치호’ 앞에 직진밖에 모르는 세상 긍정 마인드 ‘일영’(김희선)이 나타나고, ‘치호’는 인생의 새로운 맛을 알아가기 시작한다.여기에 염치없고 철까지 없는 형 ‘석호’(차인표), 자아도취 제과회사 사장 ‘병훈’(진선규), 예측불가한 과몰입러 ‘은숙’(한선화)까지 제대로 엮이게 된 ‘치호’.매일 쳇바퀴 같은 삶을 살던 그의 인생이 버라이어티한 변화로 뒤덮이기 시작하는데...OMG 세상에 이런 맛이!올여름, 달짝지근해진 그가 온다!"
1000147,제보자,676,13371522302,1735640,2014,20141002,113,12세관람가,84.0,24796,8.32,1292,"제가 줄기세포를 연구하는 이유는 난치병 환자들에게 희망이 되기 위해서 입니다.세계 최초로 인간배아줄기세포 추출에 성공한 '이장환' 박사의 연구 결과가 국민적인 관심사로 떠오르고 있는 가운데 PD추적 '윤민철' PD는 익명의 제보자로부터 한 통의 전화를 받게 된다.전 아무런 증거도 없습니다. 그래도 제 말을 믿으시겠습니까?얼마 전까지 '이장환' 박사와 함께 줄기세포 연구를 해오던 '심민호' 팀장은 '윤민철' PD에게 논문이 조작되었다는 사실과 함께 줄기세포 실험 과정에서 벌어진 비윤리적 행위에 대해 양심 선언하게 된다. 이 방송 꼭 내보낼겁니다.제보자의 증언 하나만을 믿고 사건에 뛰어든 '윤민철' PD는 '이장환' 박사를 비판하는 것은 국익에 반하는 것이라는 여론과 언론의 거센 비판에 한계를 느끼게 되고, 결국 방송이 나가지 못하게 되는 위기에 처하게 되는데…2014년 10월, 대한민국을 뒤흔든 줄기세포 스캔들의 전말이 밝혀진다."
1000148,창궐,1351,13275772490,1599290,2018,20181025,121,15세관람가,77.0,28134,6.45,1295,"야귀떼가 온 세상을 집어삼켰다!밤에만 활동하는 산 자도 죽은 자도 아닌 ‘야귀(夜鬼)‘가 창궐한 세상, 위기의 조선으로 돌아온 왕자 ‘이청’(현빈)은 도처에 창궐한 야귀떼에 맞서 싸우는 최고의 무관 ‘박종사관’(조우진) 일행을 만나게 되고, 야귀떼를 소탕하는 그들과 의도치 않게 함께하게 된다. 한편, 조선을 집어삼키려는 절대악 ‘김자준’(장동건)은 이 세상을 뒤엎기 위한 마지막 계획을 감행하는데…조선필생 VS 조선필망세상을 구하려는 자와 멸망시키려는 자! 오늘 밤, 세상에 없던 혈투가 시작된다!"
1000149,사자,1405,12917306145,1609737,2018,20190731,129,15세관람가,85.0,29349,7.9,1176,"어릴 적 아버지를 잃은 뒤 세상에 대한 불신만 남은 격투기 챔피언 ‘용후’(박서준). 어느 날 원인을 알 수 없는 깊은 상처가 손바닥에 생긴 것을 발견하고, 도움을 줄 누군가가 있다는 장소로 향한다.그곳에서 바티칸에서 온 구마사제 ‘안신부’(안성기)를 만나 자신의 상처 난 손에 특별한 힘이 있음을 깨닫게 되는 ‘용후’. 이를 통해 세상을 혼란에 빠뜨리는 악(惡)의 존재를 알게 되고, 강력한 배후이자 악을 퍼뜨리는 검은 주교 ‘지신’(우도환)을 찾아 나선 ‘안신부’와 함께 하게 되는데...!악의 편에 설 것인가 악에 맞설 것인가 2019년 여름, 신의 사자가 온다!"
1000150,정직한 후보,1187,12765456530,1525718,2019,20200212,104,12세관람가,94.0,28547,6.87,1354,"어제까진 뻥쟁이, 오늘부턴 정직한 후보?!거짓말이 제일 쉬운 3선 국회의원 ‘주상숙’에게 청천벽력이 떨어진다.하루아침에 거짓말은 1도 할 수 없는 ‘진실의 주둥이’를 갖게 된 것!최고의 무기인 ‘거짓말’을 잃자 그녀의 인생은 송두리째 흔들리게 되는데…웃음 빵! 속이 뻥! 뚫리는 통쾌한 웃음 폭격이 시작된다!"
1000151,도어락,954,12694612486,1545442,2018,20181205,102,15세관람가,91.0,24361,7.69,1118,"오피스텔에 혼자 살고 있는 평범한 직장인 경민(공효진). 퇴근 후 집에 돌아온 경민은 원룸의 도어락 덮개가 열려있는 것을 발견한다. 불안한 마음에 도어락 비밀번호를 변경해보지만 그날 밤, 잠들기 전 문 밖에서 들리는 소리 '삐-삐-삐-삐- 잘못 누르셨습니다' 공포감에 휩싸인 경민은 경찰에 신고를 하지만 그들은 경민의 잦은 신고를 귀찮아 할 뿐, 대수롭지 않게 여긴다. 그리고 얼마 뒤, 경민의 원룸에서 낯선 사람의 침입 흔적과 함께 의문의 살인 사건이 발생하고 자신도 안전하지 않음을 직감한 경민은 직접 사건의 실체를 쫓게 되는데..! 열려 있는 도어락 덮개, 지문으로 뒤덮인 키패드, 현관 앞 담배꽁초 혼자 사는 원룸, 이곳에 누군가 숨어있다!"
1000152,임금님의 사건수첩,1054,12648793723,1634403,2016,20170426,114,12세관람가,89.0,,8.05,2538,"모든 사건은 직접 파헤쳐야 직성이 풀리는 총명한 왕 ‘예종’(이선균).그를 보좌하기 위해 학식, 가문, 외모(?)는 물론  한 번 본 것은 절대 잊지 않는 비상한 재주까지 겸비한 신입사관 ‘이서’가 임명된다. 하지만 의욕과 달리 어리바리한 행동을 일삼던 이서는 예종의 따가운 눈총을 한 몸에 받으며 고된 궁궐 생활을 시작한다. 때마침 한양에 괴이한 소문이 돌기 시작하고, 예종은 모든 소문과 사건이 심상치 않음을 직감한다.예종과 이서는 모든 과학적 지식과 견문을 총동원, 괴소문의 실체를 파헤치기 위해 나서는데…! 사건 쫓는 임금 X 임금 쫓는 신입사관궁 넘고 담 넘는 유쾌한 과학수사가 시작된다"
1000153,브로커,1594,12566618030,1258891,2022,20220608,129,12세관람가,82.0,19275,6.53,1542,"세탁소를 운영하지만 늘 빚에 시달리는 ‘상현’(송강호)과 베이비 박스 시설에서 일하는 보육원 출신의 ‘동수’(강동원).거센 비가 내리는 어느 날 밤, 그들은 베이비 박스에 놓인 한 아기를 몰래 데려간다.하지만 이튿날, 생각지 못하게 엄마 ‘소영’(이지은)이 아기 ‘우성’을 찾으러 돌아온다.아기가 사라진 것을 안 소영이 경찰에 신고하려 하자 솔직하게 털어놓는 두 사람.우성이를 잘 키울 적임자를 찾아 주기 위해서 그랬다는 변명이 기가 막히지만 소영은 우성이의 새 부모를 찾는 여정에 상현, 동수와 함께하기로 한다.한편 이 모든 과정을 지켜본 형사 ‘수진’(배두나)과 후배 ‘이형사’(이주영).반 년째 이어온 수사를 마무리할 수 있는 결정적 증거를 포착하기 위해 이들의 뒤를 조용히 쫓는다.베이비 박스,그곳에서 의도치 않게 만난 이들의예기치 못한 특별한 여정이 시작된다."
1000154,해적: 도깨비 깃발,1708,12523963990,1339242,2022,20220126,126,12세관람가,80.0,18574,6.09,1062,"“가자, 보물 찾으러!” 자칭 고려 제일검인 의적단 두목 ‘무치’(강하늘)와 바다를 평정한 해적선의 주인 ‘해랑’(한효주).  한 배에서 운명을 함께하게 된 이들이지만 산과 바다, 태생부터 상극으로 사사건건 부딪히며 바람 잘 날 없는 항해를 이어간다. 그러던 어느 날, 왜구선을 소탕하던 이들은 흔적도 없이 사라진 왕실의 보물이 어딘가 숨겨져 있다는 사실을 알게 되고 해적 인생에 다시없을 최대 규모의 보물을 찾아 위험천만한 모험에 나서기 시작한다. 하지만 사라진 보물을 노리는 건 이들뿐만이 아니었으니! 원하는 것을 얻기 위해 수단과 방법을 가리지 않는 역적 ‘부흥수’(권상우) 또한 보물을 차지하기 위해 바다에 뛰어드는데...! 해적과 의적, 그리고 역적 사라진 보물! 차지하는 자가 주인이 된다!"
1000155,더 폰,794,12309164568,1593694,2015,20151022,114,15세관람가,85.0,26855,8.06,1474,"“1년 전 사건을 바꿀 수 있는 기회가 찾아온다면?” 2014년 5월 16일 서초동 주택가 살인사건 발생아내가 살해당한 지 1년 후, 그녀가 내게 전화를 걸어왔다!모든 것을 되돌릴 단 한 번의 기회!동호(손현주)는 과거로부터 걸려온 전화를 통해 1년 전 그날을 바꿀 수 있는 기회를 얻게 되는데…"
1000156,두근두근 내 인생,629,12191623034,1611519,2014,20140903,110,12세관람가,83.0,26250,7.51,1618,"얼굴은 80살, 마음은 16살 소년 우리 아이는 세상에서 가장 특별합니다 한 때 헛발 왕자로 불리던 태권도 유망주 '대수'와 아이돌을 꿈꾸던 당찬 성격의 '미라'.하지만 17살에 아이를 가져 불과 서른 셋의 나이에 16살 아들 '아름'이의 부모가 되어 있다.남들보다 빨리 늙는 선천성 조로증인 아름이의 신체 나이는 여든 살.어리고 철없는 부모지만 대수와 미라는 아름이와 씩씩하고 밝게 살아간다.그러던 어느 날 그들의 사연이 세상에 알려지고,하루하루 늙어가는 것이 전부였던 아름이에게 두근거리는 일들이 생기기 시작하는데..."
1000157,스윙키즈,984,12077312892,1470753,2018,20181219,133,12세관람가,93.0,34900,8.93,1468,"“여기서 댄스단 하나 만들어 보는 거 어때? 포로들로”1951년 한국전쟁, 최대 규모의 거제 포로수용소.새로 부임해 온 소장은 수용소의 대외적 이미지 메이킹을 위해 전쟁 포로들로 댄스단을 결성하는 프로젝트를 계획한다. 수용소 내 최고 트러블메이커 ‘로기수’(도경수),무려 4개 국어가 가능한 무허가 통역사 ‘양판래’(박혜수),잃어버린 아내를 찾기 위해 유명해져야 하는 사랑꾼 ‘강병삼’(오정세),반전 댄스실력 갖춘 영양실조 춤꾼 ‘샤오팡’(김민호),그리고 이들의 리더, 전직 브로드웨이 탭댄서 ‘잭슨’(자레드 그라임스)까지우여곡절 끝에 한 자리에 모인 그들의 이름은 ‘스윙키즈’!각기 다른 사연을 갖고 춤을 추게 된 그들에게 첫 데뷔 무대가 다가오지만, 국적, 언어, 이념, 춤 실력, 모든 것이 다른 오합지졸 댄스단의 앞날은 캄캄하기만 한데…!2018년 12월, 온 세상을 들썩이게 할 영화가 온다!"
1000158,차이나타운,551,11989400678,1472006,2014,20150429,109,19세관람가(청소년관람불가),81.0,28108,7.57,1696,지하철 보관함 10번에 버려져 이름이 ‘일영’(김고은)인 아이. 아이는 오직 쓸모 있는 자만이 살아남는 차이나타운에서 ‘엄마’(김혜수)라 불리는 여자를 만난다.엄마는 일영을 비롯해 자신의 필요에 의해 아이들을 거둬들이고 식구를 만들어 차이나타운을 지배한다. 돈이 되는 일이라면 어떤 일도 마다하지 않는 엄마가 일영에게는 유일하게 돌아갈 집이었다. 그리고 일영은 엄마에게 없어서는 안될 아이로 자란다.그러던 어느 날 일영은 엄마의 돈을 빌려간 악성채무자의 아들 석현을 만난다. 그는 일영에게 엄마와는 전혀 다른 따뜻하고 친절한 세상을 보여준다. 일영은 처음으로 차이나타운이 아닌 또 다른 세상이 궁금해진다. 그런 일영의 변화를 감지한 엄마는 그녀에게 위험천만한 마지막 일을 준다. “증명해 봐. 네가 아직 쓸모 있다는 증명.”
1000159,리틀 포레스트,884,11924818185,1505560,2018,20180228,103,전체관람가,98.0,38239,9.01,2097,"“잠시 쉬어가도, 달라도, 평범해도 괜찮아!모든 것이 괜찮은 청춘들의 아주 특별한 사계절 이야기”시험, 연애, 취업… 뭐하나 뜻대로 되지 않는 일상을 잠시 멈추고  고향으로 돌아온 혜원은 오랜 친구인 재하와 은숙을 만난다.  남들과는 다른, 자신만의 삶을 살기 위해 고향으로 돌아온 ‘재하’,  평범한 일상에서의 일탈을 꿈꾸는 ‘은숙’과 함께 직접 키운 농작물로 한끼 한끼를 만들어 먹으며 겨울에서 봄, 그리고 여름, 가을을 보내고 다시 겨울을 맞이하게 된 혜원.그렇게 특별한 사계절을 보내며 고향으로 돌아온 진짜 이유를 깨닫게 된 혜원은 새로운 봄을 맞이하기 위한 첫 발을 내딛는데…"
1000160,나의 특별한 형제,936,11835049574,1441813,2018,20190501,114,12세관람가,97.0,24009,9.14,820,"머리 좀 쓰는 형 x 몸 좀 쓰는 동생!세상엔 이런 형제도 있다!비상한 두뇌를 가졌지만 동생 '동구' 없이는 아무 데도 못 가는 형 '세하'(신하균), 뛰어난 수영실력을 갖췄지만 형 '세하' 없이는 아무것도 못 하는 동생 '동구'(이광수). 이들은 피 한 방울 섞이지 않았지만 20년 동안 한 몸처럼 살아온 '특별한 형제'다.   어느 날 형제의 보금자리 '책임의 집'을 운영하던 신부님이 돌아가시자 모든 지원금이 끊기게 되고, 각각 다른 장애를 가진 두 사람은 헤어질 위기에 처하고 만다. 세하는 '책임의 집'을 지키고 동구와 떨어지지 않기 위해 구청 수영장 알바생이자 취준생 '미현'(이솜)을 수영코치로 영입하고, 동구를 수영대회에 출전시켜 사람들의 이목을 집중시키는 데 성공한다. 헤어지지 않을 수 있다는 희망을 본 것도 잠시, 예상치 못한 인물이 형제 앞에 등장하면서 형제는 새로운 위기를 겪게 되는데...!"
1000161,그녀가 죽었다,1008,11805001596,1236662,2020,20240515,103,15세관람가,94.0,13700,8.12,451,"“나쁜 짓은 절대 안 해요. 그냥 보기만 하는 거예요.”고객이 맡긴 열쇠로 그 집에 들어가 남의 삶을 훔쳐보는 취미를 지닌 공인중개사 ‘구정태’.편의점 소시지를 먹으며 비건 샐러드 사진을 포스팅하는 SNS 인플루언서 ‘한소라’에게 흥미를 느끼고 관찰하기 시작한다.“관찰 152일째, 그녀가… 죽었습니다.”급기야 ‘한소라’의 집까지 드나들던 ‘구정태’는어느 날, 그녀가 소파에 죽은 채 늘어져 있는 모습을 발견하게 된다.그 후 그가 ‘한소라’ 집에 들어간 것을 알고 있는 누군가가 협박을 시작하고, 사건을 맡은 강력반 형사 ‘오영주’의 수사망이 그를 향해 좁혀온다.스스로 범인을 찾아야 하는 ‘구정태’는 ‘한소라’의 SNS를 통해 주변 인물들을 뒤지며 진범을 찾아 나서는데…"
1000162,우아한 거짓말,555,11694011300,1613392,2013,20140313,117,12세관람가,88.0,35159,8.24,802,"마트에서 일하며 생계를 책임지고 있지만 언제나 주책 맞을 정도로 쿨하고 당당한 엄마 현숙. 남의 일엔 관심 없고, 가족 일에도 무덤덤한 시크한 성격의 언니 만지그런 엄마와 언니에게 언제나 착하고 살갑던 막내 천지가 어느 날 갑자기 세상을 떠난다. 세 가족 중 가장 밝고 웃음 많던 막내의 갑작스런 죽음에 현숙과 만지는 당황하지만, 씩씩한 현숙은 만지와 함께 천지가 없는 삶에 익숙해 지기 위해 애쓴다. 그러던 어느 날, 우연히 천지의 친구들을 만난 만지는 가족들이 몰랐던 숨겨진 다른 이야기, 그리고 그 중심에 천지와 가장 절친했던 화연이 있음을 알게 된다. 아무 말 없이 떠난 동생의 비밀을 찾던 만지는 빨간 털실 속 천지가 남기고 간 메시지가 있음을 알게 되는데…"
1000163,피끓는 청춘,679,11688382888,1676040,2013,20140122,121,15세관람가,64.0,12378,7.54,790,"요즘 연애는 연애도 아니여~~!! 청춘은 원래 뜨겁고 힘이 남아돈다!1982년 충청도를 뒤흔든 전설의 대박 사건!'영숙'(박보영)은 충청도를 접수한 여자 일진이지만, 홍성농고 전설의 카사노바 '중길'(이종석)을 바라보며 애만 태운다. 한편 홍성공고 싸움짱 '광식'(김영광)은 좀처럼 마음을 열지 않는 영숙이 야속하기만 한데, 서울 전학생 '소희'(이세영)의 등장이 이들 관계에 일대 파란을 일으킨다. 소희 꼬시기에 여념 없는 중길 때문에 속상한 영숙의 마음을 알아챈 광식은 급기야 소희에게 손길을 뻗친다. 이를 저지하기 위해 나선 중길을 지키기 위해 영숙은 눈 하나 꿈쩍 안하고 자신을 던지는 중대한 결심을 하는데……1982년 충청도를 뒤흔든 불타는 농촌로맨스!청춘의 운명을 뒤바꾼 뜨거운 드라마가 지금 시작된다!"
1000164,부라더,889,11590908298,1468301,2017,20171102,102,12세관람가,89.0,29045,7.83,1390,"근본 있는 안동으로 돌아온 근본 없는 형제의 ‘나 혼자 잘 살자’ 프로젝트!인디아나 존스를 꿈꾸는 국사 학원 강사 석봉국보급 보물을 찾는 게 인생 최대의 목표로 고가의 장비 구입을 위해 사채 빚도 마다 않는 허당평등한 나라 독일 이민이 꿈인 건설회사 팀장 주봉합리적이고 이성적인 판단으로 회사에서 업무 성과를 인정받으나 늘 낙하산 인사에 밀리는 약골 동생극과 극의 성격, 사연 있는 가정사로 인해 얼굴도 안보고 살던 형제는 아버지가 돌아가셨다는 소식에 3년 만에 고향 안동에서 재회한다. 상스러운 욕으로 인사를 대신하던 이들은 고향집으로 가는 길에 문화재청 직원 ‘오로라’를 차로 치게 되고,어딘가 비밀스러워 보이는 그녀는 사고로 인해 기억을 잃는다.아버지 장례식은 핑계고, 서로 다른 목적으로 고향을 찾은 형제는 그동안 몰랐던 가문의 비밀과 진실을 마주하게 되는데.과연 이들은 무사히 부친상을 마치고 각자의 목적을 달성할 수 있을까?"
1000165,탐정 홍길동: 사라진 마을,764,11483686845,1426873,2016,20160504,122,15세관람가,89.0,38223,8.24,2315,"겁 없고, 정 없고, 기억 없고, 친구 없고, 자비도 없지만 사건 해결만큼은 99%! 사람 찾는 데 하루를 넘기지 않고, 실패한 적도 없는 탐정 홍길동이20년간 찾지 못했던 단 한 사람이 있다. 그것은 바로 어머니를 죽인 원수 김병덕.오랜 노력 끝에 드디어 그를 찾아낸 순간, 그는 간발의 차로 누군가에게 납치되어 간 이후이고 그의 집엔 두 손녀, 동이와 말순만 덩그러니 남아 있다.느닷없이 껌딱지처럼 들러 붙어 할아버지 김병덕을 찾아달라는 두 자매를 데리고 사라진 김병덕의 실마리를 쫓던 중대한민국을 집어 삼키려는 거대 검은 조직 광은회의 실체를 마주하게 된 홍길동. 조용히 복수만 하고 돌아서려 했건만, 성가시게 자꾸 판이 커져만 가는데…2016년 5월, 나쁜 놈 위에서 노는 새로운 놈이 온다!"
1000166,골든슬럼버,833,11412768798,1387508,2017,20180214,109,12세관람가,80.0,28540,6.26,919,"아무도 믿지 마 그리고 반드시 살아남아착하고 성실한 택배기사 ‘건우’(강동원). 최근 모범시민으로 선정되어 유명세를 탄 그에게 고등학교 시절 친구 ‘무열’(윤계상)로부터 연락이 온다.오랜만에 재회한 반가움도 잠시, 그들 눈 앞에서 유력 대선후보가 폭탄 테러에 의해 암살당하는 사건이 벌어진다. 당황한 건우에게 무열은 이 모든 것은 계획된 것이며, 건우를 암살범으로 만들고 그 자리에서 자폭 시키는 게 조직의 계획이라는 이야기를 전한다.  겨우 현장에서 도망치지만 순식간에 암살자로 지목되어 공개 수배된 건우. CCTV, 지문, 목격자까지 완벽히 조작된 상황,무열이 남긴 명함 속 인물, 전직 요원인 ‘민씨’(김의성)를 찾은 건우는 그를 통해 사건의 실체를 조금씩 알게 된다. 살아 남기 위해, 그리고 누명을 벗기 위해 필사적으로 맞서는 건우. 하지만 자신이 도망칠수록 오랜 친구인 ‘동규’(김대명), ‘금철’(김성균), ‘선영’(한효주)마저 위험에 빠지게 되는데…"
1000167,인간중독,682,11284787400,1441964,2013,20140514,132,19세관람가(청소년관람불가),59.0,18027,6.65,1329,"베트남전이 막바지로 치달아가던 1969년, 엄격한 위계질서와 상하관계로 지배되는 군관사 안!모두의 신임을 받으며 승승장구 중인 교육대장 '김진평(송승헌)'과 남편을 장군으로 만들려는 야망을 가진 '진평'의 아내 '이숙진(조여정)'. 어느 날, '김진평'의 부하로 충성을 맹세하는 '경우진(온주완)'과 그의 아내 '종가흔(임지연)'이 이사를 온다. '진평'은 '우진'의 아내 '가흔'에게 첫 만남부터 강렬한 떨림을 느끼는데…누구에게도 말할 수 없는 비밀을 간직한 여인 '가흔'과그녀에게 걷잡을 수 없이 빠져드는 '진평'.만나지 말았어야 할 두 사람,최상류층 군관사 안, 누구도 알아서는 안 될 치명적 스캔들이 시작된다! 당신을 안 보면 숨을 쉴 수가 없어  왜 이렇게 가슴이 뛰죠?"
1000168,오케이 마담,1288,10979887910,1228685,2019,20200812,100,15세관람가,88.0,26159,,,"“즐거운 여행 되세요~!”인생 최고의 행운인 줄 알았다, 놈들이 타기 전까지..극강의 쫄깃함으로 빠른 완판을 기록하는 꽈배기 맛집 사장 '미영'은 컴퓨터 수리 전문가 '석환'의 남다른 외조로 하와이 여행에 당첨되고, 난생 처음 해외 여행을 떠나게 된다.하지만 비밀요원을 쫓는 테러리스트들도 같은 비행기에 오르고 꿈만 같았던 여행은 아수라장이 된다.난데없는 비행기 납치 사건의 유일한 해결사가 되어버린 부부.평범했던 과거는 접어두고, 숨겨왔던 내공을 펼치며 인질이 된 승객을 구하기 시작한다!휴가 끝 ;;  작전 시작 ^^구하자 비행기! 가자 하와이로!"
1000169,사랑의 하츄핑,1159,10977685042,1227490,2024,20240807,86,전체관람가,97.0,4310,,,"처음 본 순간, 한눈에 반해버렸어!설레는 운명이 시작된 우리의 첫 만남!인생의 소울메이트를 꼭 만나길 바라는 ‘로미’우연한 기회에 ‘하츄핑’을 처음 본 뒤, 운명의 인연임을 알아본다.'로미'는 ‘하츄핑’을 찾기 위해 반대를 무릅쓰고 새로운 길을 떠나지만, 마침내 만나게 된 ‘하츄핑’은 인간과의 소통을 거부하는데…"
1000170,브이아이피,996,10956621835,1373316,2016,20170824,128,19세관람가(청소년관람불가),77.0,32799,6.87,2111,국정원과 CIA의 기획으로 북에서 온 VIP 김광일(이종석)이 살인사건의 유력한 용의자로 지목된다.본능적으로 그가 범인임을 직감한 경찰 채이도(김명민)가 VIP를 뒤쫓지만 국정원 요원 박재혁(장동건)의 비호로 번번이 용의선상에서 벗어나는데..
1000171,클로젯,1197,10920792280,1264970,2020,20200205,98,15세관람가,86.0,23140,,,"벽장 문이 열리고, 아이가 사라졌다!갑작스러운 사고로 아내를 잃은 상원(하정우)과 그의 딸 이나(허율)상원은 소원해진 이나와의 관계를 회복하기 위해 새집으로 이사를 간다.상원은 이나와 가까워지기 위해 노력하지만 어긋난 사이는 좀처럼 회복되지 않는다.그러던 어느 날 이나가 새로운 친구가 생겼다며 웃기 시작한다.하지만 평온도 잠시, 이나의 방 안에 있는 벽장에서 기이한 소리들이 들려오고 이나에게 이상 증세가 나타난다.그리고 상원마저 이상한 꿈을 꾸기 시작한 지 얼마 후, 이나가 흔적도 없이 사라진다.이나의 흔적을 쫓는 상원에게 의문의 남자 경훈(김남길)이 찾아와 딸의 행방을 알고 있다며 가리킨 곳은 다름 아닌 이나의 ‘벽장’.10년간 실종된 아이들의 행방을 쫓고 있는 경훈은 믿기 힘든 이야기를 꺼내고 상원은 딸을 찾을 수 있다는 마음으로 열어서는 안 될 벽장을 향해 손을 뻗는데…"
1000172,인생은 아름다워,1285,10898590019,1171648,2019,20220928,122,12세관람가,99.0,12438,9.2,611,내 생애 가장 빛나는 선물모든 순간은 노래가 된다!무뚝뚝한 남편 ‘진봉’과 무심한 아들딸을 위해 헌신하며 살아온 ‘세연’은 어느 날 자신에게 시간이 얼마 남지 않았다는 것을 알게 된다.한치 앞도 알 수 없는 인생에 서글퍼진 ‘세연’은 마지막 생일 선물로 문득 떠오른 자신의 첫사랑을 찾아달라는 황당한 요구를 한다. 막무가내로 우기는 아내의 고집에 어쩔 수 없이 여행길에 따라나선 ‘진봉’은 아무런 단서도 없이 이름 석자만 가지고 무작정 전국 방방곡곡을 누빈다.시도 때도 없이 티격태격 다투던 두 사람은 가는 곳곳마다 자신들의 찬란했던 지난날 소중한 기억을 하나 둘 떠올리는데...과연 ‘세연’의 첫사랑은 어디에? 그들의 여행은 무사히 마칠 수 있을까?
1000173,드림,1285,10818979597,1128080,2023,20230426,125,12세관람가,87.0,13207,6.55,1532,"“국가를… 대표하시는 분들이구나…”선수 생활 사상 최악의 위기를 맞은 쏘울리스 축구 선수 홍대(박서준)계획도, 의지도 없던 홈리스 풋볼 월드컵 감독으로 재능기부에 나서게 된다각본 없는 각본(?)으로 열정리스 현실파 PD 소민(아이유)이 다큐 제작으로 합류하게 되면서 뜯어진 운동화와 슬리퍼, 늘어진 반팔 티셔츠를 필두로 운동이라고는 한 번도 해본 적 없는 특별한(!) 선수들이 국가대표로 선발된다택견인지 축구인지 헷갈리는 실력과 발보다 말이 앞서는 홈리스 선수들의 환장할 팀워크, 다큐에 대사와 상황 그리고 진정성 없는 연출을 강요하는 소민에 기가 막히는 감독 홍대하지만 포기할 틈도 없이, 월드컵 출전일은 코앞으로 다가오는데...!이들의 도전은 성공할 수 있을까?쏘울리스 감독, 열정리스 PD, 그리고 홈리스 국대부족한 것 투성인 드림팀의 생애 단 한 번의 기회!"
1000174,사라진 밤,925,10686397316,1314274,2018,20180307,101,15세관람가,91.0,26166,7.95,1207,"아내(김희애)를 살해하고 완전범죄를 계획한 남편(김강우). 몇 시간 후, 국과수 사체보관실에서 그녀의 시체가 흔적도 없이 사라진다. 그리고 남편에게 도착한 문자 한 통.   우리의 비밀을 묻은 곳에서 기다릴게    남편을 의심하기 시작한 형사(김상경)와 이 모든 것이 아내의 계획이라고 주장하는 남편. 그녀는 정말 죽은 걸까? 사라진 걸까?"
1000175,기억의 밤,751,10652346660,1387599,2017,20171129,109,15세관람가,92.0,37417,8.43,1986,모든 것은 그날 밤 시작되었다!새 집으로 이사 온 날 밤정체불명의 괴한들에게 납치된 형 유석19일 만에 돌아온 그는납치된 기간의 모든 기억을 잃었다. 누구도 믿을 수 없다! 내 기억조차도…형이 납치된 후 매일 밤환청과 환각에 시달리던 동생 진석납치 후 변해버린 형을 의심하던 그는 매일 밤 사라지는 형을 쫓던 중 충격적인 사실과 마주하게 되지만 아무도 믿어주지 않는다.두 남자의 엇갈린 기억 속 살인사건의 진실을 찾아야만 한다!
1000176,특별시민,1154,10494768945,1362634,2017,20170426,131,15세관람가,84.0,31045,7.75,2241,"사람들이 믿게 만드는 것. 그게 바로 선거야 오직 서울만 사랑하는, 발로 뛰는 서울시장 ‘변종구’(최민식)하지만 실은 어느 정치인보다도 최고 권력을 지향하며 이미지 관리에 철저한 정치 9단이다.선거 공작의 일인자인 선거대책본부장 ‘심혁수’(곽도원)를 파트너로 삼고,겁없이 선거판에 뛰어든 젊은 광고 전문가 ‘박경’(심은경)까지 새롭게 영입한 변종구는차기 대권을 노리며, 헌정 사상 최초의 3선 서울시장에 도전한다.하지만 상대 후보들의 치열한 공세에 예기치 못했던 사건들까지 일어나며변종구의 3선을 향한 선거전에 위기가 거듭되는데...선거는 전쟁, 정치는 쇼!1,029만 명의 마음을 빼앗기 위한또 한 번의 쇼가 시작된다!"
1000177,궁합,966,10478875438,1340117,2015,20180228,110,12세관람가,83.0,23777,7.49,1793,"“세상의 모든 인연에는 궁합이 있다!” 관상은 잘 보았소? 이제 궁합을 봐드리지!극심한 흉년이 지속되던 조선시대, 송화옹주(심은경)의 혼사만이 가뭄을 해소할 것이라 믿는 왕(김상경)은 대대적인 부마 간택을 실시하고, 조선 최고의 역술가 서도윤(이승기)은 부마 후보들과 송화옹주의 궁합풀이를 맡게 된다. 사나운 팔자로 소문나 과거 혼담을 거절당한 이력의 송화옹주는 얼굴도 모르는 사람을 남편으로 맞이할 수 없다고 판단하고  부마 후보들의 사주단자를 훔쳐 궐 밖으로 나가 후보들을 차례로 염탐하기 시작한다. 송화옹주가 사주단자를 훔친 궁녀라고 오해한 서도윤은 사주단자를 되찾기 위해 그녀의 여정에 함께 하게 되는데..  야심찬 능력남 윤시경(연우진), 경국지색의 절세미남 강휘(강민혁), 효심 지극한 매너남 남치호(최우식)에 대세 연하남까지! 조선의 팔자를 바꿀 최고의 합(合)을 찾아라!"
1000178,장산범,711,10332117083,1305145,2017,20170817,100,15세관람가,81.0,22169,7.42,1975,"도시를 떠나 장산으로 이사 온 희연(염정아)은 무언가에 겁을 먹고 혼자 숲 속에 숨어있는 여자애(신린아)를 만난다.희연은 소녀를 집으로 데려오지만, 남편(박혁권)은 딸 준희의 목소리를 흉내 내는 이 소녀를 수상하게 여긴다.소녀가 찾아온 뒤 하나 둘씩 실종되는 사람들사라진 시어머니(허진)와 남편…그리고 들려오는 ‘그것’의 목소리누군가 우리 가족의 목소리를 흉내 내고 있다!"
1000179,유열의 음악앨범,1078,10233455040,1245532,2019,20190828,122,12세관람가,86.0,32200,7.77,777,"오늘 기적이 일어났어요. 1994년 가수 유열이 '음악앨범' 라디오 DJ를 처음 맡던 날, 제과점에서 일하던 대학생 미수(김고은)는 우연히 찾아온 현우(정해인)를 만나 첫사랑의 감정을 느끼게 되지만 뜻하지 않은 사건으로 인해 연락이 끊기게 된다. 그때, 나는 네가 돌아오지 않을 거라고 생각했어. 그래도 기다렸는데… 다시 기적처럼 마주친 두 사람은 설렘과 애틋함 사이에서 마음을 키워 가지만 서로의 상황과 시간은 자꾸 어긋나기만 한다. 계속되는 엇갈림 속에서도 라디오 ‘유열의 음악앨범’과 함께 우연과 필연을 반복하는 두 사람… 함께 듣던 라디오처럼 그들은 서로의 주파수를 맞출 수 있을까?"
1000180,해치지않아,1216,10154099090,1209689,2018,20200115,117,12세관람가,85.0,26752,7.28,389,"“사자? 호랑이? 공룡? 다~ 됩니다!”쫄지마! 티 안나! 털 날리며, 당당하게!생계형 수습 변호사 ‘태수’에게 찾아온 일생일대의 기회, 위기의 동물원 ‘동산파크’를 구하라!‘동산파크’의 새 원장이 된 그는 손님은커녕 동물조차 없는 동물원을 살리기 위해 직원들에게 동물로 위장근무 하자는 기상천외한 제안을 한다.북극곰, 사자, 기린, 고릴라, 나무늘보로 출근한 ‘동산파크’ 5인방.묵언수행은 기본, 어깨 결림, 근육 뭉침, 뒷목까지 뻐근한 그들의 털 날리는 고군분투가 계속되는 가운데, 목이 타던 ‘태수’는 북극곰의 신분을 망각하고 관람객 앞에서 콜라 한 모금을 마시게 되는데…이런 동물원 처음 봐?선을 넘은 녀석들의 과감한 도전이 시작된다!"
1000181,"힘을 내요, 미스터 리",990,9887863906,1176076,2018,20190911,111,12세관람가,92.0,22017,8.36,579,"가던 길도 멈추게 하는 심쿵 비주얼의 대복칼국수 반전미남 ‘철수’(차승원)완벽한 외모와 달리 아이보다 더 아이 같은 그의 앞에 어느 날 어른보다 더 어른 같은 딸 ‘샛별’(엄채영)이 나타난다.오늘 처음 봤는데… 내 딸이라고???누구냐 넌?!올 추석, 마른하늘에 ‘딸’벼락 맞은 철수의 좌충우돌 코미디가 시작된다!"
1000182,특별수사: 사형수의 편지,691,9792082065,1225142,2015,20160616,120,15세관람가,93.0,25717,8.55,1762,"“빤스까지 싹 벗겨줄게”영업철칙에 벗어난 사건 의뢰가 들어왔다! 한때는 모범 경찰, 지금은 잘 나가는 브로커 ‘필재’(김명민).끊이지 않는 사건 수임으로 ‘신이 내린 브로커’로 불리는 그에게 어느 날, 사형수로부터 의문의 편지 한 통이 도착한다.“대해제철 며느리 죽인 놈이네. 이런 사건은 근처에도 가면 안돼” 세간을 뒤흔든 인천의 재벌 ‘대해제철 며느리 살인사건’의 범인 ‘순태’(김상호)는 자신의 억울함을 주장하고, ‘고객이 왕’, 받은 만큼 움직이는 브로커 ‘필재’는 점점 커지는 사건의 배후가 있음을 직감한다.“무덤까지 간 사건, 명민하게 파헤쳐주마”파헤칠수록 점점 더 드러나는 거대 배후세력의 실체 돈 따라 움직이던 그가 돈 한 푼 없이 움직인다!경찰도 검찰도 재벌도 두 손 두 발 다 든 브로커 ‘필재’의 특.별.수.사가 시작된다!"
1000183,생일,862,9786575840,1186283,2018,20190403,120,전체관람가,96.0,20812,,,"2014년 4월 이후... 남겨진 우리들의 이야기 세상을 먼저 떠난 아들 ‘수호’ 에 대한 그리움을 안고 살아가는 '정일'과 '순남'의 가족.어김없이 올해도 아들의 생일이 돌아오고, 가족들의 그리움은 더욱 커져만 간다.수호가 없는 수호의 생일.가족과 친구들은 함께 모여 서로가 간직했던 특별한 기억을 선물하기로 하는데.. 1년에 단 하루. 널 위해, 우리 모두가 다시 만나는 날. 영원히 널 잊지 않을게."
1000184,비공식작전,1151,9781885404,1015453,2022,20230802,132,12세관람가,95.0,15966,7.74,1183,"“비공식적으로? 알아서 해라? 여기는 하루하루가 지뢰밭이에요”1987년, 5년째 중동과를 벗어나지 못하고 있는 외교관 ‘민준’(하정우). 어느 날 수화기 너머로 20개월 전 레바논에서 실종된 외교관의 암호 메시지가 들려온다. 성공하면 미국 발령이라는 희망찬 포부에 가득 찬 그는 비공식적으로 동료를 구출하는 임무에 자원해 레바논으로 향한다. 공항 도착 직후, 몸값을 노리는 공항 경비대의 총알 세례를 피해 우연히 한국인 택시기사 ‘판수’(주지훈)의 차를 타게 된 ‘민준’. 갱단까지 돈을 노리고 그를 쫓는 지뢰밭 같은 상황 속, 기댈 곳은 유일한 한국인인 ‘판수’ 뿐이다. 그런데 돈만 주면 뭐든 하는 수상쩍은 이 인간, 과연 함께 동료를 구할 수 있을까?"
1000185,악녀,685,9730720144,1206917,2017,20170608,129,19세관람가(청소년관람불가),85.0,30873,7.82,1639,"어린 시절부터 킬러로 길러진 숙희.그녀는 국가 비밀조직에 스카우트되어 새로운 삶을 살 기회를 얻는다.“10년만 일해주면 넌 자유야.하지만 가짜처럼 보이는 순간, 그땐 우리가 널 제거한다”살기 위해 죽여야만 하는 킬러 숙희 앞에진실을 숨긴 의문의 두 남자가 등장하고,자신을 둘러싼 엄청난 비밀에 마주하게 되면서 운명에 맞서기 시작하는데... 보여줄게, 내가 어떻게 만들어졌는지 2017년, 액션의 신세계가 펼쳐진다!"
1000186,시간이탈자,733,9729882195,1202058,2015,20160413,102,15세관람가,85.0,25492,,,"1983년 1월 1일, 고등학교 교사 지환(조정석)은 같은 학교 동료이자 연인인 윤정(임수정)에게 청혼을 하던 중 강도를 만나 칼에 찔려 의식을 잃는다. 2015년 1월 1일, 강력계 형사 건우(이진욱) 역시 뒤쫓던 범인의 총에 맞아 쓰러진다. 30여년의 간격을 두고 같은 날, 같은 시간, 같은 병원으로 실려간 지환과 건우는 생사를 오가는 상황에서 가까스로 살아나게 되고, 그 날 이후 두 사람은 꿈을 통해 서로의 일상을 보기 시작한다.두 남자는 처음엔 믿지 않았지만, 서로가 다른 시간대에 실제 존재하는 사람이라는 것을 알게 된다. 건우는 꿈 속에서 본 지환의 약혼녀 윤정과 놀랍도록 닮은 소은(임수정)을 만나게 되면서 운명처럼 그녀에게 마음이 끌린다. 어느 날, 건우는 1980년대 미제 살인사건을 조사하던 중, 윤정이 30년 전에 살해 당했다는 기록을 발견하고, 사건을 파헤치기 시작한다. 지환 역시 건우를 통해 약혼녀 윤정이 곧 죽을 운명에 처해있다는 사실을 알게 된다. 두 남자는 윤정의 예정된 죽음을 막기 위해 시간을 뛰어넘는 추적을 함께 시작하는데...“사랑해. 내가 꼭 지켜줄게”서로 다른 시대, 하나의 살인사건 사랑하는 그녀를 구하기 위한 두 남자의 간절한 사투가 시작된다!"
1000187,바람 바람 바람,985,9702206675,1183959,2017,20180405,100,19세관람가(청소년관람불가),86.0,22059,6.65,1382,"왜 사랑을 해도, 결혼을 해도 외로운 거죠?  끝도 없이 사랑 받고 싶은 철부지 어른들이 온다!   20년 경력을 자랑하는 ‘바람’의 전설 '석근'(이성민)은 SNS와 사랑에 빠진 여동생 '미영'(송지효)의 남편 '봉수'(신하균)를 ‘바람’의 세계로 인도한다. 하지만 세 사람 앞에 나타난 치명적인 매력의 소유자 '제니'(이엘)의 등장으로  네 사람의 인생은 걷잡을 수 없이 꼬여만 가고...   갈수록 환장, 들키면 끝장 뭘해도 외로운 어른들을 위한 코미디가 온다!"
1000188,퍼펙트맨,894,9604139750,1144894,2018,20191002,117,15세관람가,94.0,20504,8.5,452,"“이렇게 살다 죽으면 12억, 사고로 죽으면 27억내 일 도와주면 사망보험금 니 앞으로 해줄게”퍼펙트한 인생을 위해 한탕을 꿈꾸는 건달 ‘영기’(조진웅).조직 보스의 돈 7억을 빼돌려 주식에 투자하지만, 사기꾼에게 속아 주식은 휴지조각이 되고 만다. 목숨을 부지하기 위해 어떻게든 7억을 구해야 하는 ‘영기’ 앞에 까칠한 로펌 대표 ‘장수’(설경구)가 나타난다. 두 달 시한부의 ‘장수’는 자신이 해야 할 일들을 대신해주는 조건으로 영기에게 자신의 사망보험금을 내건 빅딜을 제안하는데…돈 쫌 있는 남자와 폼 쫌 잡는 남자완벽하게 다른 두 남자의 인생 최고 반전이 시작된다!"
1000189,1947 보스톤,1282,9464438798,1026929,2023,20230927,108,12세관람가,95.0,14537,7.72,1199,"“나라가 독립을 했으면 당연히 우리 기록도 독립이 되어야지!”1936년 베를린 올림픽, 세계 신기록을 세운 마라톤 금메달리스트 ‘손기정’.기미가요가 울려 퍼지는 시상대에서 화분으로 가슴에 단 일장기를 가렸던 그는 하루아침에 민족의 영웅으로 떠올랐지만일제의 탄압으로 더 이상 마라톤을 할 수 없게 된다.광복 이후 1947년 서울, 제2의 손기정으로 촉망받는 ‘서윤복’에게 ‘손기정’이 나타나고 밑도 끝도 없이 ‘보스톤 마라톤 대회’에 나가자는 제안을 건넨다.일본에 귀속된 베를린 올림픽의 영광을 되찾기 위해 처음으로 태극마크를 가슴에 새기고 달려 보자는 것!운동화 한 켤레 살 돈도 없던 대한의 마라토너들은 미국 보스톤으로 잊을 수 없는 여정을 시작하는데…"
1000190,챔피언,874,9441064230,1125319,2018,20180501,108,12세관람가,99.0,99,5.75,8,"미국 로스엔젤레스, 한 때 팔씨름 세계 챔피언을 꿈꿨지만 지금은 클럽에서 일하는 ‘마크’(마동석)는 자칭 최고의 스포츠 에이전트 ‘진기’(권율)의 설득에 한국으로 돌아온다.    “나한테는 팔씨름 밖에 없었어… 나 믿어!”  멈췄던 팔뚝이 다시 뛰기 시작한 ‘마크’. '진기'에게서 귀국 선물(?)로 받은 오래 전 헤어진 엄마 주소를 찾아가지만 그곳엔 엄마 대신 본 적 없는 여동생 ‘수진’(한예리)과 두 아이 ‘쭌쭌남매’가 떡하니 살고 있는데… 잡는 순간 모두 넘긴다! 챔피언을 향한 어메이징 뒤집기 한 판이 시작된다!"
1000191,"당신, 거기 있어줄래요",767,9361133648,1168625,2016,20161214,110,12세관람가,94.0,25992,8.8,2862,"인생을 뒤바꾼 기적 같은 10번의 기회“넌 30년 전의 나고, 난 30년 후의 너야”2015년 현재“간절히 바라는 소원이 있습니까?”현재의 수현(김윤석)은 의료 봉사 활동 중 한 소녀의 생명을 구하고소녀의 할아버지로부터 신비로운 10개의 알약을 답례로 받는다.호기심에 알약을 삼킨 수현은 순간 잠에 빠져들고다시 눈을 떴을 때, 30년 전 과거의 자신과 마주하게 된다.1985년 과거“분명 모르는 사람인데... 이상하게 낯이 익었어”오래된 연인 연아(채서진)와 행복한 나날을 보내던 과거의 수현(변요한)은우연히 길에 쓰러진 남자를 돕게 된다.남자는 본인이 30년 후의 수현이라 주장하고황당해하던 과거의 수현은 그가 내미는 증거들을 보고 점차 혼란에 빠진다.“과거는 되돌릴 수 없어. 지금 이 순간 역시, 되돌릴 수 없는 시간이고.”“당신에겐 과거지만 나한테 미래에요. 그 미랜 내가 정하는 거고!”사랑했던 연아를 꼭 한 번 보고 싶었다는 현재 수현의 말에과거 수현은 알 수 없는 불안감을 느끼고이어 믿기 힘든 미래에 대해 알게 되는데…그 때로 돌아간다면… 지금의 내 인생도 바뀔 수 있을까요?"
1000192,댓글부대,1228,9240359711,972991,2024,20240327,109,15세관람가,83.0,12325,7.54,813,"실력 있지만 허세 가득한 사회부 기자 ‘임상진’대기업 ‘만전’의 비리를 취재하지만 오보로 판명되며 정직당한다.그러던 어느 날, 온라인 여론을 조작했다는 의문의 제보자가 찾아오는데…“기자님 기사 오보 아니었어요. 다 저희들이 만든 수법이에요”"
1000193,롱 리브 더 킹: 목포 영웅,965,9218262910,1092738,2019,20190619,118,15세관람가,93.0,22295,,,"거대 조직의 보스로 거침 없이 살고 있는 ‘장세출’은 철거 용역으로 나간 재건설 반대 시위 현장에서 만난 강단 있는 변호사 ‘강소현’의 일침으로 그녀가 원하는 ‘좋은 사람’이 되기로 마음 먹는다. 좋은 세상이 뭣이요?나 장세출, 한 번 맘 먹으면 지구 끝까지 가는 그런 인간이요 모든 것을 내려놓고 새사람이 되기 위해 노력하던 ‘장세출’은 우연히 버스추락 사고에서 온 몸으로 시민을 구하며 일약 목포 영웅으로 떠오르게 되고, 예기치 못한 사건으로 국회의원에 출마하게 된다. 발로 뛰며 점점 시민의 마음을 움직인 ‘장세출’의 입지가 높아지자, 목포에서 3선을 노리던 반대파 후보 ‘최만수’는 ‘장세출’을 눈엣가시로 여기고 그를 저지하기 위해 ‘장세출’의 라이벌 조직 보스 ‘조광춘’과 손을 잡고 음모를 계획하는데…. 장세출, 주먹판보다 더한 선거판에 뛰어들다!세상을 바꾸기 위한 물러 설 수 없는 통쾌한 역전극이 펼쳐진다!"
1000194,발신제한,1010,9085720540,952386,2021,20210623,94,15세관람가,88.0,15878,7.54,450,"평범한 출근길, 의문의 발신번호 표시제한 전화 한 통,“지금 당신의 의자 밑에는 폭탄이 설치되어 있습니다”은행센터장 성규(조우진)는 아이들을 차에 태우고 출발한 평범한 출근길에 한 통의 발신번호 표시제한 전화를 받는다.전화기 너머 의문의 목소리는 차에 폭탄이 설치되어 있고, 자리에서 일어날 경우 폭탄이 터진다고 경고하는데…의문의 전화를 보이스피싱이라고 대수롭지 않게 여기던 성규는 곧 회사 동료의 차가 같은 방식으로 폭파되는 것을 바로 눈앞에서 목격하고, 졸지에 부산 도심 테러의 용의자가 되어 경찰의 추격을 받게 된다.내리면 폭탄이 터지는 절체절명의 순간, 경찰의 추격 속 의문의 발신자와의 전화마저 끊을 수 없는 상황에 놓이게 되는데…!"
1000195,하루,781,9068009842,1129018,2017,20170615,90,15세관람가,87.0,29879,7.72,861,"전쟁의 성자라 불리는 의사 ‘준영’(김명민)은 딸의 생일 날 약속 장소로 향하던 중, 대형 교통 사고 현장에서 죽어있는 딸 ‘은정’(조은형)을 발견한다. 충격도 잠시, 다시 눈을 떴을 때 그는 딸의 사고 2시간 전으로 돌아가 있다. 어떻게 해서든 그 날의 사고를 막으려 하지만 결과는 바뀌지 않고 매일 딸이 죽는 지옥 같은 하루를 반복하던 어느 날, ‘준영’ 앞에 그처럼 사고로 아내를 잃은 그 날을 반복하고 있다는 남자 ‘민철’(변요한)이 나타난다. “당신 뭐야? 다 똑같은데 왜 당신만 달라?”이유도 모른 채 끔찍한 사고의 시간 속에 갇힌 두 사람은 힘을 합쳐 하루의 끝을 바꾸기로 하지만 어떻게 해도 죽음은 막지 못한다. 사랑하는 이의 죽음을 매일 눈 앞에서 지켜볼 수 밖에 없어 절망하는 두 사람 앞에 자신이 ‘준영’의 딸을 죽인 범인이라고 말하는 의문의 남자가 나타난다. ‘준영’과 ‘민철’은 이 사고가 단순한 사고가 아니라 다른 비밀이 숨겨져 있음을 깨닫는데…… 살려야 한다! 하루를 바꿔서라도!두 남자의 처절한 사투가 시작된다."
1000196,빅매치,627,8952096578,1177438,2014,20141127,112,15세관람가,76.0,30454,7.82,803,"액션은 특급! 질주는 본능! 유머는 옵션!천재 악당 '에이스'(신하균)로부터 납치된 형(이성민)을 구하기 위한 불굴의 파이터 '익호'(이정재)의 초특급 무한 질주가 시작된다! 유치장 탈출부터 거대 도박장, 상암 경기장, 서울역에 이르기까지 도심 전체를 무대로 멈추지 않는 질주. 승부의 룰은 단 하나, 멈추면 터진다. 일생일대 목숨을 건 빅매치가 시작된다!   도심 전체를 무대로 천재 악당(신하균)으로부터 형을 구하기 위한 '익호'(이정재)의 무한질주를 그린 초특급 오락액션"
1000197,간신,697,8946842910,1110246,2014,20150521,132,19세관람가(청소년관람불가),65.0,16813,7.06,1078,"연산군 11년, 1만 미녀를 바쳐 왕을 쥐락펴락하려는 자가 득실거리니,그야말로 간신들의 시대가 도래했다.“단 하루에 천년의 쾌락을 누리실 수 있도록 준비하겠나이다!”연산군은 임숭재를 채홍사로 임명하여 조선 각지의 미녀를 강제로 징집했고, 그들을 운평이라 칭하였다.최악의 간신 임숭재는 이를 기회로 삼아 천하를 얻기 위한 계략을 세우고,양반집 자제와 부녀자, 천민까지 가릴 것 없이 잡아들이니 백성들의 원성이 하늘을 찔렀다.   왕을 다스릴 힘이 내 손안에 있습니다! 내가 바로 왕 위의 왕이란 말입니다! 임숭재와 임사홍 부자는 왕을 홀리기 위해 뛰어난 미색을 갖춘 단희를 간택해 직접 수련하기 시작하고,임숭재 부자에게 권력을 뺏길까 전전긍긍하던 희대의 요부 장녹수는 조선 최고의 명기 설중매를 불러들여 단희를 견제한다.한 치도 물러설 수 없는 간신들의 치열한 권력다툼이 시작되고, 단희와 설중매는 살아남기 위해 조선 최고의 색(色)이 되기 위한 수련을 하게 되는데…"
1000198,미씽: 사라진 여자,790,8881616256,1153109,2016,20161130,100,15세관람가,94.0,29034,8.53,2243,"천사 같던 그녀의 새빨간 거짓말 그리고 거짓보다 더 무서운 진실그녀를 찾아야만 한다. 이혼 후 육아와 생계를 혼자 책임져야 하는 워킹맘 지선은 헌신적으로 딸을 돌봐주는 보모 한매가 있어 늘 다행이라고 생각한다. 어느 날, 퇴근 후 집에 돌아온 지선은 보모 한매와 딸 다은이가 흔적도 없이 사라져 버린 것을 알게 된다. 지선은 뒤늦게 경찰과 가족에게 사실을 알리지만 아무도 그녀의 말을 믿지 않고, 오히려 양육권 소송 중 일으킨 자작극으로 의심한다. 결국 홀로 한매의 흔적을 추적하던 지선은 집 앞을 서성이는 정체불명의 남자와 주변 사람들의 이상한 증언들로 더욱 혼란에 빠지게 되고, 그녀의 실체에 가까워질수록 이름, 나이, 출신 등 모든 것이 거짓이었다는 충격적인 진실을 알게 되는데…2016년 11월, 가슴 시린 추적이 시작된다."
1000199,동주,499,8864695589,1168427,2015,20160217,110,12세관람가,97.0,27565,9.18,3002,"이름도, 언어도, 꿈도 모든 것이 허락되지 않았던 일제 시대.한 집에서 태어나고 자란 동갑내기 사촌지간 동주와 몽규.시인을 꿈꾸는 청년 동주에게 신념을 위해 거침없이 행동하는 청년 몽규는 가장 가까운 벗이면서도, 넘기 힘든 산처럼 느껴진다. 창씨개명을 강요하는 혼란스러운 나라를 떠나 일본 유학 길에 오른 두 사람. 일본으로 건너간 뒤 몽규는 더욱 독립 운동에 매진하게 되고, 절망적인 순간에도 시를 쓰며 시대의 비극을 아파하던 동주와의 갈등은 점점 깊어진다. 암흑의 시대, 평생을 함께 한 친구이자 영원한 라이벌이었던 윤동주와 송몽규의 끝나지 않은 이야기가 지금 시작된다."
1000200,데시벨,1152,8852632146,901426,2021,20221116,110,12세관람가,89.0,11908,6.63,1083,"소음이 커지는 순간 폭.발.한.다물이 끓는 주전자 소리, 창문 여는 소리, 놀이터 아이들의 웃음 소리…잠시 후, 거대한 굉음과 함께 단독 주택이 폭발했다는 뉴스 속보가 전해진다.그리고, 뉴스를 지켜보던 전직 해군 부함장(김래원)에게 걸려온 전화“소음이 커지면 터집니다. 다음 타깃은 축구 경기장이에요”사태를 파악할 겨를도 없이, 관중들로 가득 찬 축구 경기장을 다음 테러의 타깃으로 지목하는 폭탄 설계자(이종석)소음이 커지는 순간 폭발하는 특수 폭탄의 위협은 계속되고, 사상 최대의 도심 폭탄 테러를 막기 위해 모든 비밀을 손에 쥔 폭탄 설계자를 찾아야만 하는데…도심 한복판에서 벌어지는 사운드 테러 액션오늘 반드시 이 폭발을 막아야만 한다!"
1000201,슬로우 비디오,618,8840530219,1159787,2014,20141002,105,12세관람가,85.0,18390,7.78,1020,"전 국민이 지켜본다! 믿고 보는 배우 차태현의 관심충만 해피무비! 남들이 못 보는 찰나의 순간까지 볼 수 있는 남자 여장부(차태현).독특한 시력으로 놀림 받던 어린 시절을 뒤로하고,뛰어난 순간 포착 능력을 인정 받아 CCTV 관제센터 에이스로 떠오르게 된다. CCTV 너머를 하루 종일 지켜보며 우리의 일상에 느닷없이 찾아오는 이 남자!올 가을, 특별한 남자의 독.특.한 세상 보기가 시작된다!"
1000202,"날, 보러와요",683,8821335063,1061412,2015,20160407,90,19세관람가(청소년관람불가),86.0,20500,8.04,1942,"사회고발프로그램 PD 나남수는 조작방송의 오명으로 일선에서 물러났다가 납량특집 프로그램을 통해 복귀를 시도한다. 나남수는 자신의 앞으로 온 의문의 수첩을 갖고 프로그램을 준비하던 중 수첩 속 주인공이 정신병원에서 탈출한 후 양부를 살해한 혐의로  보호치료감호소에 수감된 강수아임을 알게 되고 그 사건을 파헤치게 된다. 결국 나남수의 노력으로 그녀는 무죄 판결을 받고 풀려난다. 그러나 나남수는 풀려난 강수아와의 대화를 통해 사실 수첩 속 진짜 주인공은 강수아의 어머니였고, 이 모든 사건은 어머니를 대신해 펼친 그녀의 복수극이었음을 알게 된다."
1000203,장수상회,688,8707389643,1160935,2015,20150409,112,12세관람가,91.0,14624,8.7,982,"틈만 나면 버럭, 융통성이라곤 전혀 없는 까칠한 노신사 ‘성칠’. 장수마트를 지켜온 오랜 모범 직원인 그는 해병대 출신이라는 자부심은 넘쳐도 배려심, 다정함 따윈 잊은 지 오래다. 그런 성칠의 앞집으로 이사 온 고운 외모의 ‘금님’.퉁명스러운 공세에도 언제나 환한 미소를 보여주는 소녀 같은 그녀의 모습에성칠은 당혹스러워 하고, 그런 그에게 갑작스레 금님은 저녁을 먹자고 제안한다. 무심한 척 했지만 떨리는 마음을 감출 수 없는 성칠!장수마트 사장 ‘장수’는 비밀리에 성칠에게 첫 데이트를 위한 노하우를 전수하고 성칠과 금님의 만남은 온 동네 사람들은 물론 금님의 딸 ‘민정’까지 알게 된다. 모두의 응원에 힘입어 첫 데이트를 무사히 마친 성칠은 어색하고 서툴지만, 금님과의 설레는 만남을 이어간다. 그러던 어느 날, 성칠이 금님과의 중요한 약속을 잊어 버리는 일이 발생하고뒤늦게 약속 장소에서 금님을 애타게 찾던 성칠은 자신만 몰랐던 그녀의 비밀을 알게 되는데…"
1000204,성난 변호사,607,8697174039,1124918,2015,20151008,116,15세관람가,84.0,22546,8.48,1413,"“이기는 게 정의지 뭐” 두뇌 상위 1%, 승소확률 100%의 에이스 변호사 ‘변호성’(이선균). 대형 소송을 성공적으로 마무리 짓고 승승장구하는 그에게 새로운 의뢰가 들어온다. 바로 시체도 증거도 없는 신촌 여대생 살인 사건의 유력 용의자를 변호하는 것!좀처럼 풀리지 않는 사건이지만 그의 두뇌는 빠르게 움직이기 시작하고, 파트너 ‘박사무장’(임원희)과 함께 사건 현장에서 용의자의 혐의를 벗길 결정적 증거를 확보한다.   “지금부터 이 사건의 주인공은 나다!”재판 당일, 사사건건 부딪히는 후배 검사 ‘진선민’(김고은)의 반론에 맞서 조목조목 반박하는 변변.언제나 그렇듯 승리를 확신하는 순간!  용의자가 자신이 피해자를 살해했다고 자백한다.  갑작스런 자백에 판세는 뒤바뀌고, 변변은 승소를 위해 증거를 조작했다는 의혹과 함께 인생 최대의 위기를 맞게 되는데… 승소를 확신한 순간, 시작된 반전자존심 구긴 에이스 변호사의 통쾌한 반격이 시작된다!"
1000205,랑종,1403,8639576030,834338,2021,20210714,131,19세관람가(청소년관람불가),67.0,13545,6.58,1176,"태국 북동부 ‘이산’ 지역 낯선 시골 마을.집 안, 숲, 산, 나무, 논밭까지,이곳의 사람들은 모든 것에 혼이 깃들어 있다고 믿는다.가문의 대를 이어 조상신 ‘바얀 신’을 모시는 랑종(무당) ‘님’은 조카 ‘밍’의 상태가 심상치 않음을 직감한다.날이 갈수록 이상 증세가 점점 심각해지는 ‘밍’.무당을 취재하기 위해 ‘님’과 동행했던 촬영팀은 신내림이 대물림되는 순간을 포착하기 위해 ‘밍’과 ‘님’, 그리고 가족에게 벌어지는 미스터리한 현상을 카메라에 담기 시작한다.신내림이 대물림되는 무당 가문피에 관한 세 달간의 기록"
1000206,정직한 후보2,1318,8446139162,899684,2022,20220928,107,12세관람가,86.0,14577,6.87,1354,"거짓말 못하는 ‘진실의 주둥이’ 컴백! 이번엔 2명?!서울시장 선거에서 떨어지며 쫄딱 망한 백수가 된 ‘주상숙’은 우연히 바다에 빠진 한 청년을 구한 일이 뉴스를 타며 고향에서 화려한 복귀의 기회를 잡는다.하지만 정직하면 할수록 바닥으로 곤두박질치는 지지율 앞에 다시 뻥쟁이로 돌아간 그 순간, ‘주상숙’에게 운명처럼 찾아온 ‘진실의 주둥이’!이번엔 ‘주상숙’의 비서실장 ‘박희철’까지 주둥이가 쌍으로 털리게 되는데...재미도 2배! 웃음도 2배!주둥이 대폭발 코미디가 돌아왔다!"
1000207,대도시의 사랑법,869,8215778030,870056,2024,20241001,118,15세이상관람가,95.0,10185,8.17,1136,"시선을 싹쓸이하는 과감한 스타일과 남 눈치 보지 않는 거침없는 애티튜드로 모두의 관심을 한 몸에 받는 자유로운 영혼 재희.그런 재희가 눈길은 가지만 특별히 흥미는 없던 흥수에게 위기가 찾아온다. 누구에게도 절대 들키고 싶지 않은 비밀을 하필 재희에게 들켜버린 것! 하지만 그 과정에서 재희와 흥수는 알게 된다.서로가 이상형일 수는 없지만 오직 둘만 이해할 수 있는 모먼트가 있다는 것을.  남들이 만들어내는 무성한 소문을 뒤로 하고, 재희와 흥수는 사랑도 인생도 나답게! 의기투합 동거 라이프를 시작하는데..."
1000208,그놈이다,681,8098811152,1046313,2015,20151028,108,15세관람가,74.0,24671,7.54,925,"“하루 24시간, 365일, 매일매일 내가 당신 지켜 볼 거야”세상에 단 둘뿐인 가족 장우와 은지. 부둣가 마을의 재개발로 장우는 은지를 위해 서울로 이사를 결심하지만, 은지가 홀연히 사라지고 3일 만에 시체가 되어 돌아온다. 목격자도 단서도 증거도 없이 홀로 범인 찾기에 혈안이 된 장우는 동생의 영혼을 위로하는 천도재에서 넋건지기굿(저승 가는 길 배불리 먹고 가라고 붉은 천에 밥이 한가득 담긴 놋그릇을 바다를 향해 던지는 의식)의 그릇이 흘러간 곳에 우연히 서 있는 한 남자를 발견한다. 장우를 피해 달아나는 그를 죽은 동생이 범인으로 지목한 거라 생각한 장우는 그놈의 흔적을 찾기 시작한다.타인의 죽음을 볼 수 있는 예지력으로 마을에서 외톨이처럼 지내는 시은은 자신에게 가장 먼저 말을 걸어준 유일한 친구 은지의 죽음을 보지만 외면하고, 그 죄책감에 장우에게 다가선다. 또 다른 죽음을 예견한 시은. 장우는 시은이 예견한 장소에 나타난 그놈의 흔적을 쫓아가다 평소 사람 좋기로 소문난 동네 약국의 약사에게 이른다. 그를 범인으로 믿는 장우. 경찰은 장우의 얘기를 무시하고 장우의 먼 친척 형을 용의자로 검거한다. 그 누구도 자신의 말을 믿어주지 않자 장우는 무작정 약사를 쫓기 시작하는데…"
1000209,오빠생각,855,8058857287,1069436,2015,20160121,123,12세관람가,89.0,18469,8.52,1299,"전쟁으로 소중한 가족도, 지켜야 할 동료도 모두 잃은 군인 ‘한상렬’(임시완).우연히 전출 명령을 받아 머물게 된 부대 내에서 부모를 잃고 홀로 남은 아이들을 만나게 된다.아이들의 해맑은 모습에 점차 마음을 열게 된 그는 자원봉사자 선생님 ‘박주미’(고아성)와 함께 어린이 합창단을 만들어 노래를 가르치기 시작하고,이들의 노래는 언제 목숨을 잃을지 모르는 전쟁 한가운데 놓인 모든 이들의 마음을 울리기 시작하는데...전쟁 한가운데, 작은 노래가 만든 위대한 기적이 시작된다!"
1000210,유체이탈자,1216,7941270790,818880,2020,20211124,108,15세관람가,89.0,16073,7.46,971,"“누가 진짜 나인지 모르겠어요”교통사고 현장에서 눈을 뜬 한 남자.거울에 비친 낯선 얼굴과 이름, 자신이 누구인지 기억이 나지 않는다.“또 바뀌었어. 낮에도 바뀌더니 밤에도 또”잠시 후, 또 다른 사람의 몸에서 깨어난 남자.그는 12시간마다 몸이 바뀐다는 사실을 깨닫게 되고, 자신을 둘러싼 사람들 사이의 연결고리를 찾기 시작한다.그가 12시간마다 몸이 바뀌었던 사람들, 가는 곳마다 나타나는 의문의 여자까지,그리고, 이들이 쫓고 있는 한 남자, ‘강이안’.“이제 알게 됐어. 내가 뭘 해야 되는지”모두가 혈안이 되어 쫓고 있는 ‘강이안’이 바로 자신임을 직감한 남자, 자신을 찾기 위한 사투를 시작하는데…진짜 나를 찾기 위한 본능적 액션이 시작된다!"
1000211,나랏말싸미,1211,7871240823,958775,2019,20190724,110,전체관람가,78.0,16207,6.74,516,"“이깟 문자, 주상 죽고 나면 시체와 함께 묻어버리면 그만이지” 문자와 지식을 권력으로 독점했던 시대모든 신하들의 반대에 무릅쓰고, 훈민정음을 창제했던 세종의 마지막 8년.나라의 가장 고귀한 임금 ‘세종’과 가장 천한 신분 스님 ‘신미’가 만나 백성을 위해 뜻을 모아 나라의 글자를 만들기 시작한다.모두가 알고 있지만 아무도 모르는 한글 창제의 숨겨진 이야기!1443, 불굴의 신념으로 한글을 만들었으나 역사에 기록되지 못한 그들의 이야기가 시작된다."
1000212,결백,1112,7858099340,893855,2018,20200610,111,15세관람가,94.0,22279,8.48,335,"“대천의 장례식장에서 농약 막걸리 살인사건 발생. 용의자 긴급 체포“유명 로펌의 에이스 변호사 ‘정인(신혜선)’은 아빠의 장례식장에서 농약 막걸리 살인사건이 일어났음을 알게 된다.치매에 걸린 엄마 ‘화자(배종옥)’가 용의자로 지목되고,그녀의 결백을 주장하기 위해 고향으로 내려가 직접 변호를 맡는다.사건을 추적하던 중 시장 ‘추인회(허준호)’를 중심으로 한 마을 사람들의 조직적 은폐와 거짓 진술 등 수상한 정황을 포착한 ‘정인’.그날의 기억을 모두 잃은 ‘화자’의 결백을 입증하기 위해 모든 사람들과 맞서기 시작하는데…! 파헤칠수록 커지는 의혹,과연 진실은 무엇인가?"
1000213,방황하는 칼날,594,7806377800,987420,2013,20140410,122,19세관람가(청소년관람불가),79.0,16036,7.5,873,"한 아이의 아버지는 하나뿐인 딸을 잃은 피해자가 되고, 이제는 살인자가 되었습니다.버려진 동네 목욕탕에서 싸늘한 시체로 발견된 여중생 수진. 아버지 상현(정재영)은 하나뿐인 딸의 죽음 앞에 무력할 뿐이다. 그러던 어느 날 상현에게 범인의 정보를 담은 익명의 문자 한 통이 도착한다. 그리고 문자 속 주소대로 찾아간 그 곳에서 소년들에게 성폭행을 당하며 죽어가는 딸의 동영상을 보고 낄낄거리고 있는 철용을 발견한다. 순간, 이성을 잃고 우발적으로 철용을 죽인 상현은, 또 다른 공범의 존재를 알게 된 후, 무작정 그를 찾아 나선다. 한편, 수진이 살인사건의 담당형사 억관(이성민)은 철용의 살해현장을 본 후, 상현이 범인임을 알아차리고 그를 추격하기 시작한다."
1000214,"고산자, 대동여지도",765,7777473258,971194,2016,20160907,129,전체관람가,88.0,24346,8.02,1392,"역사상 가장 위대한 지도. 지도가 곧 권력이자 목숨이었던 시대, 조선의 진짜 지도를 만들기 위해 두 발로 전국 팔도를 누빈 ‘고산자(古山子) 김정호’.하나뿐인 딸 ‘순실’이 어느새 열여섯 나이가 되는지도 잊은 채 지도에 미친 사람이라는 손가락질에도 아랑곳 않고 오로지 지도에 몰두한다. 나라가 독점한 지도를 백성들과 나누고자 하는 일념 하나로 대동여지도의 완성과 목판 제작에 혼신을 다하는 김정호. 하지만 안동 김씨 문중과 대립각을 세우던 흥선대원군은 김정호의 대동여지도를 손에 넣어 권력을 장악하려고 하는데… 역사가 기록하지 않은 고산자 김정호의 감춰진 이야기가 시작된다."
1000215,불한당: 나쁜 놈들의 세상,860,7654331125,951797,2017,20170517,120,19세관람가(청소년관람불가),89.0,26487,8.16,1076,"범죄조직의 1인자를 노리는 재호와 세상 무서운 것 없는 패기 넘치는 신참 현수는 교도소에서 만나 서로에게 끌리고 끈끈한 의리를 다져간다. 출소 후, 함께 권력을 차지하기 위해 의기투합하던 중, 두 사람의 숨겨왔던 야망이 조금씩 드러나고, 서로에 대해 새로운 사실을 알게 되면서 그들의 관계는 흔들리기 시작하는데…믿는 놈을 조심하라!믿음의 순간 배신은 이미 시작되었다!"
1000216,염력,1099,7484644112,990104,2017,20180131,101,15세관람가,67.0,,6.16,846,"평범한 은행 경비원 ‘석헌’(류승룡). 어느 날 갑자기 그의 몸에 이상한 변화가 찾아온다. 생각만으로 물건을 움직이는 놀라운 능력, 바로 염력이 생긴 것. 한편, ‘민사장’(김민재)과 ‘홍상무’(정유미)에 의해 ‘석헌’의 딸, 청년 사장 ‘루미’(심은경)와 이웃들이 위기에 처하게 되고...‘석헌’과 ‘루미’, 그리고 변호사 ‘정현’(박정민)이 그들에 맞서며 놀라운 일이 펼쳐지는데...! 어제까진 초평범, 하루아침에 초능력 이제 그의 염력이 폭발한다!"
1000217,청설,1060,7470369310,800709,2024,20241106,109,전체관람가,,69,8.02,1055,"손으로 설렘을 말하고가슴으로 사랑을 느끼는,청량한 설렘의 순간대학생활은 끝났지만 하고 싶은 것도, 되고 싶은 것도 없어 고민하던 ‘용준’(홍경).엄마의 등쌀에 떠밀려 억지로 도시락 배달 알바를 간 ‘용준’은 완벽한 이상형 ‘여름’(노윤서)과 마주친다.부끄러움은 뒷전, 첫눈에 반한 ‘여름’에게 ‘용준’은 서툴지만 솔직하게 다가가고 여름의 동생 ‘가을’(김민주)은 용준의 용기를 응원한다.손으로 말하는 ‘여름’과 더 가까워지기 위해 더 잘 듣기보단 더 잘 보고 느끼려 노력하지만, 마침내 가까워졌다 생각하던 찰나 ‘여름’은 왜인지 자꾸 ‘용준’과 멀어지려 하는데…"
1000218,대외비,1157,7433002721,752559,2020,20230301,116,15세관람가,85.0,10084,6.05,1128,"“몰랐나? 원래 세상은 더럽고, 인생은 서럽다.”1992년 부산, 밑바닥 정치 인생을 끝내고 싶은 만년 국회의원 후보 ‘해웅’.‘해웅’은 이번 선거에서만큼은 금뱃지를 달 것이라 확신했지만, 정치판을 뒤흔드는 권력 실세 ‘순태’에게 버림받으며 지역구 공천에서 탈락한다.“누가 센 지는 손에 뭘 쥐고 있는가 보라 안 했습니까?”‘순태’에 의해 짜여진 선거판을 뒤집기 위해 부산 지역 재개발 계획이 담긴 대외비 문서를 입수한 ‘해웅’.행동파 조폭 ‘필도’를 통해 선거 자금까지 마련한 ‘해웅’은 무소속으로 선거판에 뛰어들어 승승장구한다.‘순태’ 역시 ‘해웅’이 가진 대외비 문서의 존재를 알게 되고, 점차 ‘해웅’의 숨통을 조여오는데…대한민국을 뒤집을 비밀 문서,이 판을 뒤집는 놈이 대한민국을 뒤집는다!"
1000219,허삼관,621,7405415569,955175,2014,20150115,123,12세관람가,67.0,17183,7.61,998,"그나저나 나한테 언제 시집 오실 생각이세요?  돈 없고, 대책 없고, 가진 것도 없지만 뒤끝만은 넘치는 남자 '허삼관'.  마을 절세미녀 '허옥란'에 한눈에 반하지만 이미 그녀에겐 '하소용'이란 남자가 있다는 청천벽력 같은 소식을 듣게 된다. 하지만 여기서 포기하면 '허삼관'이 아니다! 온갖 물량공세로 마침내 결혼승낙을 받아낸 삼관은 보고만 있어도 배부른 세 아들 '일락', '이락', '삼락'을 낳고 행복한 하루하루를 보낸다.  제가 무슨 종달새의 왕입니까  하지만 시간이 흐를수록 마을에는 삼관의 행복을 위협하는 흉흉한 소문이 퍼져간다. 바로 큰 아들 '일락'이 허삼관이 아닌 '하소용'을 닮아간다는 것!일락이 자신의 아들이란 사실을 입증하기 위해 마을 사람들을 모두 모은 삼관. 그리고 현장에 막 도착한 일락의 혈액형 검사결과를 발표하는데...! 천하태평, 버럭성질, 뒤끝작렬! 허삼관! 그의 인생을 뒤흔든 일생일대의 사건이 시작된다!"
1000220,미쓰 와이프,437,7357162869,984265,2015,20150813,123,15세관람가,91.0,15259,8.7,1519,"명품은? 필수! / 남자는? 백해무익! / 결혼은? 절대사절! 승소율 100% 잘 나가는 억대연봉 싱글 변호사 ‘이연우’ 꿈에 그리던 뉴욕 본사 발령을 앞둔 어느 날, 연우(엄정화)는 갑작스러운 교통사고를 당한다. 생사의 위기에 놓인 연우 앞에 나타난 수상한 남자 ‘이소장’(김상호)그는 한 달간 다른 사람의 인생을 살면 다시 원래의 삶으로 돌려 보내주겠다고 제안한다. 단, 조건은 누구도 그녀의 정체를 알아차려서는 안 된다는 것! 절약은? 필수! / 명품은? 백해무익! / 외식은? 절대사절! 동네에서 잘 나가는 아줌마 ‘하늘 엄마’ 되다 제안을 수락한 후 눈을 뜬 그녀에게 찾아온 건 애 둘 딸린 아줌마의 전쟁 같은 일상! 구청 공무원인 애처가 남편 ‘성환’(송승헌)과 “밥줘”와 “만원만”을 외치는 아이들, 동네 아줌마 부대와의 폭풍수다에 장당 35원 봉투 접기 알바까지, 청천벽력 같은 인생반전으로 패닉에 빠진 연우. 하지만 여전히 고급진 변호사의 속성(?)을 버릴 수 없는 연우는 돌발 행동을 이어가고, 남편 성환과 아이들은 영문도 모른 채 아내, 엄마의 변화에 당황하기 시작하는데…!난 누구? 여긴 어디? 딱 한 달, 완벽하게 숨겨야 한다! 모두의 인생을 뒤흔든 그녀의 반전 라이프가 시작된다!"
1000221,자백,1115,7352559230,738120,2016,20161013,90,15세관람가,98.0,3637,8.07,987,"2016년, 간첩은 만들어진다!그들이 정해놓은 완벽한 시나리오! 하루아침에 서울시 공무원에서 간첩이 된 유우성과 그를 간첩이라고 고백한 그의 여동생 유가려. 그리고 간첩으로 몰린 후 40년이 지나서야 무죄선고를 받은 수많은 국민. 이들이 간첩이라는 증거는 단 하나, ‘자백’이었다.한 해직 언론인은 ‘자백’이라는 확실한 증거에 의문을 품고 음지에 있는 국가기관의 간첩조작 흔적을 추적하기 시작한다. 3년간의 끈질긴 추적 끝에 그의 카메라는 사회와 언론이 외면한 자백의 거짓 증거를 발견하는데•••.그들은 어떻게 간첩이 되었을까?"
1000222,자백,1115,7352559230,738120,2020,20221026,105,15세관람가,98.0,3637,8.07,987,"제대로 함정에 빠졌다!불륜 사실을 폭로하겠다는 협박을 받고 호텔로 간 유민호는 누군가의 공격을 받고 쓰러진다. 정신을 차려보니 함께 있던 김세희가 죽어있고, 안에서 잠긴 방 안에서는 그와 김세희를 제외한 그 누구의 흔적도 찾을 수 없다. 순식간에 밀실 살인 사건의 용의자로 지목된 유민호, 결백을 주장하지만 모든 증거가 그를 범인으로 지목하고 있다.성공한 사업가에서 살인 용의자로 낙인찍히고 모든 것을 잃을 위기에 몰린 유민호는 자신을 구해줄 유일한 사람, 변호사 양신애를 찾는다.유죄도 무죄로 탈바꿈시키는 변호사 양신애는 이번에도 이기는 싸움을 위해 유민호가 호텔로 걸어 들어가던 첫 순간부터 사건을 재구성해야 한다고 말한다.눈 내리는 깊은 산속의 별장에서 마주한 두 사람, 사건의 조각들이 하나씩 맞춰지기 시작하는데..."
1000223,킹메이커,1185,7313720610,775583,2022,20220126,123,15세관람가,77.0,162,8.06,1263,"세상 바뀌는 꼴 좀 보고 싶습니다세상을 바꾸기 위해 도전하는 네 번 낙선한 정치인 ‘김운범’ 앞에 그와 뜻을 함께하고자 선거 전략가 ‘서창대’가 찾아온다.열세인 상황 속에서 서창대는 아무도 상상하지 못한 선거 전략을 펼치고 ‘김운범’은 선거에 연이어 승리하며, 당을 대표하는 대통령 후보까지 올라서게 된다.대통령 선거를 향한 본격적인 행보가 시작되고 그들은 당선을 위해 총력을 기울인다.그러던 중 ‘김운범’ 자택에 폭발물이 터지는 사건이 발생하고 용의자로 ‘서창대’가 지목되면서 둘의 관계는 새로운 국면을 맞이하게 되는데...치열한 선거판,그 중심에 있던 두 남자의 이야기가 시작된다!"
1000224,우리는 형제입니다,566,7263255399,970373,2014,20141023,101,12세관람가,79.0,12845,7.66,553,"어린 시절 고아원에서 생이별한 후 30년 만에 극적 상봉에 성공한 상연과 하연 형제!하지만 막상 만나고 보니… 정말 한 핏줄 맞아?!게다가 30년 만에 만났다는 기쁨도 잠시, 30분 만에 엄마가 감쪽같이 사라져버렸다!엄마를 봤다는 제보를 쫓아 두 형제, 방방곡곡 전국 원정을 시작한다!말투도, 스타일도, 직업도! 달라도 너~무 다른 이 형제!과연 사라진 엄마도 찾고, 잃어버린 형제애도 찾을 수 있을까?"
1000225,신비아파트 극장판 하늘도깨비 대 요르문간드,841,7046110380,893221,2019,20191219,97,전체관람가,96.0,7758,8.72,526,"겨울방학을 맞아 가족여행을 떠난 ‘하리’와 ‘두리’ 남매는 비행기 날개에 쓰러진 하늘도깨비 ‘주비’를 발견하고 ‘신비’와 ‘금비’를 소환한다.‘주비’를 구해준 순간, 정체를 알 수 없는 ‘스큐트’들의 공격이 시작되고, 깊은 바닷속 관에서 부활한 전설의 괴수 ‘요르문간드’는 비행기를 집어 삼키려 한다.한편 창공의 퇴마사로 선택된 ‘강림’이 친구들을 구하기 위해 합류하지만 세상을 파괴하려는 ‘요르문간드’는 하늘도깨비들의 왕국까지 거세게 공격하고 ‘하리’와 친구들의 피할 수 없는 하늘 위 모험이 시작되는데..."
1000226,인랑,1085,6994748173,897548,2018,20180725,138,15세관람가,63.0,21304,5.27,1394,"남북한 정부가 통일준비 5개년 계획을 선포한 후, 강대국의 경제 제재가 이어지고, 민생이 악화되는 등 지옥 같은 시간이 이어지고 있는 혼돈의 2029년. 통일에 반대하는 반정부 무장테러단체 ‘섹트’가 등장하자 ‘섹트’를 진압하기 위해 설립된 대통령 직속의 새로운 경찰조직 ‘특기대’가 정국의 주도권을 장악한다. 이에 입지가 줄어든 정보기관 ‘공안부’는 ‘특기대’를 말살할 음모를 꾸민다. 절대 권력기관 간의 피비린내 나는 암투 사이, ‘특기대’ 내 비밀조직 ‘인랑’에 대한 소문이 떠도는데… 늑대로 불린 인간병기 '인랑'"
1000227,살인의뢰,646,6986456737,855980,2014,20150312,102,19세관람가(청소년관람불가),74.0,13886,7.02,770,"놈을 잡은 날, 내 여동생이 사라졌다. 강력계 촉귀신이자 베테랑 형사인 태수는 어느 날 우연히 뺑소니범 조강천을 잡게 된다. 하지만 단순 뺑소니범이라고 생각했던 조강천의 차에서 수많은 혈흔과 머리카락이 발견되고, 그가 전국을 들썩이게 한 동남부 연쇄실종사건의 범인이라는 사실이 밝혀진다. 범인을 잡고 실종사건이 결국 연쇄 살인사건이라는 것이 드러나며 수사는 급물살을 탄다. 그러던 중 강천의 마지막 범행 대상이 태수의 여동생 수경으로 밝혀져 태수는 충격에 휩싸인다. 태수는 강천에게 수경의 행방을 묻지만, 강천은 찾아보라는 말만 남긴 채 입을 다문다. 그리고 강천에게 아내를 잃은 또 다른 남자 승현은 슬픔과 분노를 견디지 못한 나머지 홀연히 사라져버린다.그 후로 3년, 조폭 살인사건을 조사하던 태수는 누군가 감옥 안의 강천을 표적으로 하고 있음을 알게 된다. 사형선고를 받은 강천을 죽이려는 자는 도대체 누구인가. 표적이 된 강천을 지킬 수도, 죽일 수도 없는 태수, 그의 앞에 사라졌던 승현이 다시 나타난다."
1000228,유령,1099,6760765879,664146,2022,20230118,133,15세관람가,83.0,14748,6.83,1413,"“유령에게 고함. 작전을 시작한다”1933년, 일제강점기 경성. 항일조직 ‘흑색단’의 스파이인 ‘유령’이 비밀리에 활약하고 있다.새로 부임한 경호대장 카이토는 ‘흑색단’의 총독 암살 시도를 막기 위해 조선총독부 내의 ‘유령’을 잡으려는 덫을 친다.영문도 모른 채, ‘유령’으로 의심받고 벼랑 끝 외딴 호텔에 갇힌 용의자들.총독부 통신과 감독관 쥰지, 암호문 기록 담당 차경, 정무총감 비서 유리코, 암호 해독 담당 천계장, 통신과 직원 백호. 이들에게 주어진 시간은 단 하루 뿐.기필코 살아나가 동지들을 구하고 총독 암살 작전을 성공시켜야 하는 ‘유령’과 무사히 집으로 돌아가고 싶은 이들 사이, 의심과 경계는 점점 짙어지는데…과연 ‘유령’은 작전에 성공할 수 있을 것인가?“성공할 때까지 멈춰서는 안 된다”"
1000229,탈출: 프로젝트 사일런스,1078,6704394362,687918,2024,20240712,96,15세이상관람가,86.0,10868,6.15,848,"붕괴 위기의 공항대교,생존자 전원이 타겟이 되었다.기상 악화로 한치 앞도 구분할 수 없는 공항대교.연쇄 추돌 사고와 폭발로 붕괴 위기에 놓인 다리 위에 사람들이 고립된다.이 때 극비리에 이송 중이던 '프로젝트 사일런스'의 군사용 실험견들이 풀려나고 모든 생존자가 그들의 타겟이 되어 무차별 공격당하는 통제불능의 상황이 벌어진다.공항으로 향하던 안보실 행정관(이선균)부터 사고를 수습하려고 현장을 찾은 렉카 기사(주지훈), 그리고 실험견들을 극비리에 이송 중이던 '프로젝트 사일런스'의 책임연구원(김희원)까지.사상 최악의 연쇄 재난 발생,살아남기 위한 극한의 사투가 시작된다!"
1000230,귀공자,966,6703071465,682742,2022,20230621,118,19세관람가(청소년관람불가),91.0,14026,7.66,1445,"“난 단 한번도 타겟을 놓쳐 본 적이 없거든” 필리핀에서 불법 경기장을 전전하며 병든 어머니와 살아가는 복싱 선수 ‘마르코’.어머니의 수술비 마련을 위해 평생 본 적 없는 아버지를 만나러 한국으로 향하던 그의 앞에 정체불명의 남자 ‘귀공자’가 나타나 그를 추격하기 시작한다.‘마르코’ 주위를 쑥대밭으로 만들며 숨통을 조여오는 ‘귀공자’를 필두로, 아버지의 막대한 유산을 차지하기 위해 ‘마르코’를 추격하는 재벌 2세 ‘한이사’, 필리핀에 이어 한국에서 우연히 ‘마르코’와 재회한 미스터리한 여자 ‘윤주’까지.각기 다른 목적을 가진 이들은 단 하나의 타겟을 쫓아 모여들고, 그 무엇도 예측할 수 없는 혼란과 광기 속 ‘마르코’는 충격적인 진실을 마주하게 되는데…단 하나의 타겟, 광기의 추격이 시작된다!"
1000231,경관의 피,1187,6687389520,679503,2022,20220105,119,15세관람가,90.0,12327,6.77,642,"경찰의 기준이 뒤집어진다!출처불명의 막대한 후원금을 받고 고급 빌라, 명품 수트, 외제차를 타며 범죄자들을 수사해온 광역수사대 반장 강윤(조진웅)의 팀에 어느 날 뼛속까지 원칙주의자인 신입경찰 민재(최우식)가 투입된다.강윤이 특별한 수사 방식을 오픈하며 점차 가까워진 두 사람이 함께 신종 마약 사건을 수사하던 중 강윤은 민재가 자신의 뒤를 파는 두더지, 즉 언더커버 경찰임을 알게 되고 민재는 강윤을 둘러싼 숨겨진 경찰 조직의 비밀을 마주하게 되는데…"
1000232,기적,1198,6630962710,715434,2021,20210915,117,12세관람가,96.0,14554,8.57,68,"오갈 수 있는 길은 기찻길밖에 없지만 정작 기차역은 없는 마을.오늘부로 청와대에 딱 54번째 편지를 보낸 ‘준경’(박정민)의 목표는 단 하나! 바로 마을에 기차역이 생기는 것이다. 기차역은 어림없다는 원칙주의 기관사 아버지 ‘태윤’(이성민)의 반대에도 누나 ‘보경’(이수경)과 마을에 남는 걸 고집하며 왕복 5시간 통학길을 오가는 ‘준경’. 그의 엉뚱함 속 비범함을 단번에 알아본 자칭 뮤즈 ‘라희’(임윤아)와 함께 설득력 있는 편지쓰기를 위한 맞춤법 수업, 유명세를 얻기 위한 장학퀴즈 테스트, 대통령배 수학경시대회 응시까지!오로지 기차역을 짓기 위한 ‘준경’만의 노력은 계속되는데...! 포기란 없다기차가 서는 그날까지!"
1000233,리바운드,1154,6585399348,686293,2022,20230405,122,12세관람가,97.0,13451,8.22,1114,"농구선수 출신의 공익근무요원 ‘양현’은 해체 위기에 놓인 부산중앙고 농구부 신임 코치로 발탁된다.하지만 전국대회에서의 첫 경기 상대는 고교 농구 최강자 용산고.팀워크가 무너진 중앙고는 몰수패라는 치욕의 결과를 낳고 학교는 농구부 해체까지 논의하지만, ‘양현’은 MVP까지 올랐던 고교 시절을 떠올리며 다시 선수들을 모은다.주목받던 천재 선수였지만 슬럼프에 빠진 가드 ‘기범’부상으로 꿈을 접은 올라운더 스몰 포워드 ‘규혁’점프력만 좋은 축구선수 출신의 괴력센터 ‘순규’길거리 농구만 해온 파워 포워드 ‘강호’농구 경력 7년 차지만 만년 벤치 식스맨 ‘재윤’농구 열정만 만렙인 자칭 마이클 조던 ‘진욱’까지아무도 주목하지 않은 신임 코치와 6명의 선수가2012년 전국 고교농구대회에서 8일간 써 내려간 기적모두가 불가능이라 말할 때, 우리는 리바운드를 잡는다."
1000234,좋아해줘,637,6572774337,848148,2015,20160217,120,12세관람가,91.0,21373,8.59,992,"잘 나가는 작가와 더 잘 나가는 스타사랑 잃은 노총각과 집 잃은 노처녀연애 초짜 작곡가와 밀당 고수 PD대책 없이 ‘좋아요’를 누르다가 진짜 좋아져버린 내 생애 가장 설레는 로맨스2016년, 이제는 말하세요. “좋아해줘.”"
1000235,행복의 나라,1096,6561260142,710327,2024,20240814,124,12세이상관람가,,10,7.37,1286,"1979년 10월 26일, 대통령 암살 사건 발생“재판은 옳은 놈, 그른 놈 가리는 데가 아니라고요”법정 개싸움 일인자인 변호사 ‘정인후’.그는 대통령 암살 사건에 연루된 정보부장 수행비서관 ‘박태주’의 변호를 맡으며 대한민국 최악의 정치 재판에 뛰어든다.‘정인후’는 군인 신분 때문에 단 한번의 선고로 형이 집행되는 ‘박태주’가 정당한 재판을 받을 수 있게끔 수단과 방법을 가리지 않는다.“나 하나 살자고 부장님을 팔아 넘기라고?’사건 발발 30분 전, 정보부장으로부터 무슨 일이 생기면 경호원들을 제압하라는 명령을 받은 ‘박태주’.그의 행동이 ‘내란의 사전 공모인지, 위압에 의한 명령 복종인지’가 법정의 쟁점으로 떠오른다.‘정인후’는 ‘박태주’가 빠져나갈 수 있는 증언을 제안하지만, ‘박태주’는 신의를 저버릴 수 없다는 자세로 일관한다.“니가 무슨 짓을 하든 그 놈은 죽어”한편, 10.26을 계기로 위험한 야욕을 품은 합수부장 ‘전상두’.그는 자신만만한 ‘정인후’를 조롱하듯 재판을 감청하며, 재판부에 실시간으로 쪽지를 건네 사실상 재판을 좌지우지하는데…10.26과 12.12사이, 우리가 몰랐던 대한민국 최악의 정치 재판이 시작된다!"
1000236,행복의 나라,1096,6561260142,710327,2017,20180719,86,19세관람가(청소년관람불가),,10,7.37,1286,"생일을 맞은 민수는 불안감에 휩싸여 집을 나선다. 그날 저녁, 민수가 일을 마치고 도착한 곳은 희자의 집이다. 민수를 반갑게 맞이해 주는 희자와 그녀의 식구들. 하지만 민수의 시선은 거실 한구석에 차려놓은 제사상으로 향한다. 제사상의 주인공은 8년 전 자살하려던 민수를 구하고 죽은 희자의 아들 진우다. 희자는 죽은 진우를 생각하며 민수를 제 아들처럼 대해주지만 민수는 모든 것이 불편하고 고통스럽다. “이번이 마지막 방문” 이라고 말하며 집을 나서는 민수. 그런 민수를 바라보는 희자의 얼굴이 어두워지고....민수와 희자는 각자의 행복을 지킬 수 있을까?연출의도: 현대사회에서 벌어지는 삶과 죽음의 딜레마"
1000237,극장판 헬로카봇 : 백악기 시대,758,6542619500,874967,2018,20180801,84,전체관람가,98.0,6344,9.31,1811,"공룡파크의 VR 영상 속에서 진짜 공룡이 나타났다?!이유를 알아보기 위해 백악기 시대로 시간 이동을 한 차탄!그곳에서 새로운 비밀친구 공룡카봇을 만나게 되고,엄청난 에너지를 가진 응가암을 둘러싼 소동이 펼쳐지는데!차탄과 공룡카봇들이 펼치는 백악기 시대의 놀라운 모험 속으로!"
1000238,레슬러,957,6440492657,765963,2018,20180509,110,15세관람가,86.0,14249,6.4,642,"과거 레슬링 국가대표였지만 특기는 살림, 취미는 아들 자랑, 남은 것은 주부 습진뿐인 프로 살림러 ‘귀보’(유해진). 그의 유일한 꿈은 촉망받는 레슬러 아들 ‘성웅’(김민재)이 금메달리스트가 되는 것이다. 오늘도 자신은 찬밥을 먹으며 아들에게는 따뜻한 아침밥을 챙겨주고 레슬링 체육관에서 아줌마들에게 신나게 에어로빅을 가르치던 ‘귀보’는 국가대표 선발전을 앞두고 훈련에 나가지 않겠다는 ‘성웅’의 청천벽력 같은 이야길 듣게 된다.갑작스런 아들의 반항에 당황한 귀보. 설상가상으로 ‘엄마’(나문희)의 잔소리는 더욱 거세지고, 윗집 이웃이자 성웅의 소꿉친구 ‘가영’(이성경)은 귀보에게 엉뚱한 고백을 쏟아낸다. 거기에 소개팅으로 만난 의사 ‘도나’(황우슬혜)의 막무가내 대시까지. 평화롭던 일상이 순식간에 뒤집힌 귀보씨는 혼란에 빠지기 시작하는데…전직 레슬러에서 프로 살림러가 된 지 20년 평화롭던 귀보씨의 일상이 유쾌하게 뒤집힌다"
1000239,손님,634,6385295880,827918,2014,20150709,119,15세관람가,58.0,14972,6.86,722,"1950년대, 지도에도 없는 산골 마을, 아무도 모르게 걸어둔 문을 열고 손님이 왔다 1950년대의 어느 날, 떠돌이 악사 우룡(류승룡)과 영남(구승현) 부자는 서울로 가던 길에 우연히 지도에도 나오지 않는 산골 마을에 들어선다. 시끄러운 바깥세상과 달리 촌장(이성민)의 강력한 지도 아래 모든 게 평화롭고 풍족한 마을이지만 단 하나, 시도 때도 없이 출몰하는 쥐떼들이 골칫거리다. 마을의 골칫거리인 쥐떼를 쫓아주면 목숨보다 소중한 아들, 영남이의 폐병을 고칠 목돈을 준다는 약속을 믿고 우룡은 피리를 불어 쥐떼를 쫓아낸다. 하지만 그 날 이후, 마을의 비밀이 하나씩 드러나기 시작하면서 우룡과 마을 사람들은 설명할 수 없는 이상한 사건에 휘말리게 되는데... 부르지 않은 손님이 온 그 날 이후, 너희들은 어떻게 될까?"
1000240,상류사회,867,6313416163,768442,2018,20180829,120,19세관람가(청소년관람불가),65.0,13287,5.63,1137,"“왜, 재벌들만 겁 없이 사는 줄 알았어?”학생들에게 인기와 존경을 동시에 받는 경제학 교수 ‘태준’(박해일)은 우연한 기회를 통해 촉망받는 정치 신인으로 국회의원 선거에 출마하게 된다. 한편 그의 아내이자 미래미술관의 부관장 ‘수연’(수애)은 재개관전을 통해 관장 자리에 오르려 한다.그러나 ‘수연’의 미술품 거래와 ‘태준’의 선거 출마 뒤에 미래그룹과 민국당의 어두운 거래가 있었다는 것이 밝혀지고 두 사람은 완벽한 상류사회 입성을 눈앞에 두고 위기에 처한다. 이 기회를 절대 놓칠 수 없는 ‘태준’과 ‘수연’ 부부는 민국당과 미래그룹에게 새로운 거래를 제안하게 되는데...가장 아름답지만 가장 추악한 곳,그곳으로 들어간다!"
1000241,대립군,809,6276963402,837500,2017,20170531,130,15세관람가,83.0,17730,7.58,972,"1592년 임진왜란,선조는 어린 광해에게 조선을 맡기고 명나라로 피란한다의병을 모으기 위해 강계로 떠나는 광해와 분조 일행은 먹고 살기위해 남의 군역을 대신 치르는 대립군들의 호위를 받는다. 정체를 알 수 없는 적의 공격에 조선의 왕을 잡으려는 일본군의 추격까지 더해지고 위기를 감지한 대립군의 수장 토우는 곡수를 비롯한 대립군들의 반대에도 불구하고 광해와 함께하기로 한다. 생사를 오가는 고난 속에서 운명을 함께하게 된 광해와 대립군누군가를 대신하는 자신들의 처지가 서로 닮았음을 느낀다. 그러나, 참혹한 전쟁으로 인해 분조와 대립군 내부에서는 분열이 일어나는데…"
1000242,뽀로로 극장판 공룡섬 대모험,803,6203897300,824079,2017,20171207,79,전체관람가,99.0,6201,9.22,3425,"뽀로로와 친구들, 이번엔 공룡섬이다!공룡섬에서 펼쳐지는 스펙터클한 대결이 시작된다!뽀로로와 친구들은 숲 속에서 ‘알’ 모양의 비행선에 잠들어 있는 꼬마 공룡 ‘알로’를 발견한다. 하지만 이름 말고는 아무것도 기억하지 못하는 ‘알로’를 위해 우주선을 고치던 중 비행선이 번쩍하며 ‘크롱’과 ‘알로’를 데리고 멀리 사라져 버린다.크롱과 알로를 구하기 위해 비행선을 뒤쫓던 뽀로로와 친구들은 공룡섬에 도착하고, 그곳에서 공룡들을 잡아 외계인들에게 팔아 넘기는 공룡 사냥꾼 ‘Mr. Y’를 만나게 되는데… 과연, 외계인 사냥꾼의 공격을 피해 위험에 빠진 친구들을 구할 수 있을까?"
1000243,상의원,466,6202433964,790158,2014,20141224,127,15세관람가,74.0,22905,7.79,1186,"조선시대 왕실의 의복을 만들던 공간 '상의원' 이 곳에서 펼쳐질 아름다움을 향한 대결이 조선의 운명을 뒤흔든다!   30년 동안 왕실의 옷을 지어온 상의원의 어침장 조돌석(한석규)은  이제 6개월만 채우면 곧 양반이 된다.  어느 날 왕의 면복을 손보던 왕비(박신혜)와 그녀의 시종들은 실수로 면복을 불태우게 된다.  궐 밖에서 옷 잘 짓기로 소문난 이공진(고수)은 급하게 옷 짓는 사람이 필요했던 왕비의 청으로 입궐하여 하루 만에 완벽하게 왕의 옷을 지어 올린다. 돌석은 처음에는 기생들의 옷이나 만드는 천한 사내라고 생각하며 공진을 무시하나 자신을 곧잘 따르는 공진에게 점차 마음을 열게 되고, 그의 천재성에 묘한 질투심도 느낀다.  왕(유연석)과 왕비를 사로잡은 공진의 옷들은 조선 전체의 유행을 일으키는 한 편, 청나라 사신을 위한 대형 진연을 앞두고  모두들 자신의 운명을 바꿀 최고의 옷을 만들기 시작하는데…"
1000244,연애 빠진 로맨스,967,6148017790,606273,2021,20211124,95,15세관람가,94.0,12915,7.92,847,"일도 연애도 마음대로 되지 않는 스물아홉 ‘자영’(전종서).전 남친과의 격한 이별 후 호기롭게 연애 은퇴를 선언했지만 참을 수 없는 외로움에 못 이겨 최후의 보루인 데이팅 어플로 상대를 검색한다.일도 연애도 호구 잡히기 일쑤인 서른셋 ‘우리’(손석구).뒤통수 제대로 맞은 연애의 아픔도 잠시 편집장으로부터 19금 칼럼을 떠맡게 되고 데이팅 어플에 반강제로 가입하게 된다.그렇게 설 명절 아침!이름, 이유, 마음 다 감추고 만난 ‘자영’과 ‘우리’.1도 기대하지 않았지만, 1일 차부터 둘은 서로에게 급속도로 빠져들게 되고 연애인 듯 아닌 듯 미묘한 관계 속에 누구 하나 속마음을 쉽게 터놓지 못하는데...이게 연애가 아니면 도대체 뭔데?발 빼려다 푹 빠졌다!"
1000245,물괴,1183,6104164954,723414,2017,20180912,105,15세관람가,76.0,14889,6.45,859,"“인왕산에 흉악한 짐승이 나타나 사람을 해쳤다 하옵니다.그것을 두고 듣지도 보지도 못한 짐승이라 하여사물 물(物), 괴이할 괴(怪), 물괴라 부른다 하옵니다.”중종 22년, 거대한 물괴가 나타나 백성들을 공격하기 시작한다. 물괴와 마주친 백성들은 그 자리에서 잔인하게 죽임을 당하거나 살아남아도 역병에 걸려 끔찍한 고통 속에 결국 죽게 되고, 한양은 삽시간에 공포에 휩싸인다. 모든 것이 자신을 몰아세우는 영의정과 관료들의 계략이라 여긴 중종은 옛 내금위장 윤겸을 궁으로 불러들여 수색대를 조직한다. 윤겸과 오랜 세월을 함께한 성한과 외동딸 명, 그리고 왕이 보낸 허 선전관이 그와 함께 한다. 물괴를 쫓던 윤겸과 수색대는 곧 실로 믿을 수 없는 거대한 비밀을 마주하게 되는데…"
1000246,레드슈즈,717,6102923190,817547,2019,20190725,92,전체관람가,96.0,11205,9.16,724,"동화세계인 FAIRY TALE ISLAND에서 최고의 인기를 얻고 있는 일곱왕자 F7! 세상에서 가장 아름다운 공주를 찾던 중 용을 물리치고 구해낸다. 그러나 공주의 외모가 기대와 정반대의 모습이자, 이 요정 공주에게 모욕을 주고 마는데.. 이로 인해 일곱 왕자는 초록색 피부의 난쟁이가 되는 저주에 걸리게 된다. 한편, 순수한 마음을 지닌 용감하고 활발한 화이트국의 공주, 스노우(빨간구두)는 마법의 빨간 구두를 신고 세상에서 가장 아름다운 외모를 갖게 되고 마녀인 계모에게 쫓기게 된다. 철부지 일곱 왕자와 당찬 스노우가 펼치는 좌충우돌 모험이야기!"
1000247,스플릿,702,6097721539,757430,2016,20161109,121,15세관람가,97.0,20457,9.16,1329,"과거 볼링계의 전설이라 불리며 이름을 날리던 ‘철종’은 불운의 사고로 모든 것을 잃고 낮에는 가짜석유 판매원, 밤에는 도박볼링판에서 선수로 뛰며 별 볼일 없는 인생을 살아간다. 그러던 어느 날, 자신만의 세계에 빠져 살지만 볼링만큼은 천재적인 능력을 갖고 있는 ‘영훈’을 우연히 만난 후, ‘철종’은 ‘영훈’을 자신의 파트너로 끌어들이게 된다. ‘철종’의 조력자이자 도박판의 브로커 ‘희진’의 주도 아래 드디어 큰 판이 벌어지게 되고, ‘철종’과 끈질긴 악연의 ‘두꺼비’까지 가세해 치열한 승부가 시작 되는데…"
1000248,보통의 가족,1277,6043915570,649895,2022,20241016,109,15세이상관람가,93.0,11461,8.01,1327,"물질적 욕망을 우선시하며 살인자의 변호도 마다하지 않는 변호사 ‘재완’(설경구)과 원리원칙을 중요시 여기며 도덕적이고 자상한 소아과 의사 ‘재규’(장동건)성공한 프리랜서 번역가로 자녀 교육, 시부모의 간병까지 모든 것을 해내는 ‘연경’(김희애)과 자기관리에 철저한 쿨한 여성의 표본 ‘지수’(수현)서로 다른 신념을 추구하지만 흠잡을 곳 없는 평범한 가족이었던 네 사람.어느 날, 아이들의 범죄 현장이 담긴 CCTV를 보게 되면서 사건을 둘러싼 이들의 갈등은 걷잡을 수 없이 커져간다.그리고 매사 완벽해 보였던 이들은 모든 것이 무너져가는데…신념을 지킬 것인가본능을 따를 것인가그날 이후, 인생의 모든 기준이 흔들리기 시작했다"
1000249,미쓰백,638,6027243066,720558,2017,20181011,98,15세관람가,96.0,19339,9.25,1341,"“아무리 열심히 살아도 매 순간 날 배신하는 게 인생이야”스스로를 지키려다 어린 나이에 전과자가 되어 외롭게 살아가던 ‘미쓰백’누구도 믿지 않고 아무것도 마음에 두지 않던 어느 날 나이에 비해 작고 깡마른 몸, 홑겹 옷을 입은 채가혹한 현실에서 탈출하려는 아이 ‘지은’을 만나게 된다.왠지 자신과 닮은 듯한 아이 ‘지은’을 외면할 수 없는 ‘미쓰백’은 ‘지은’을 구하기 위해 세상과 맞서기로 결심하는데…“이런 나라도, 같이 갈래?”"
1000250,뽀로로 극장판 보물섬 대모험,736,5886268900,766758,2019,20190425,79,전체관람가,98.0,5820,9.36,1863,"떠나자, 보물섬으로~!뽀로로와 친구들의 스펙터클 보물찾기 어드벤처!전설 속 보물을 찾아 떠난 뽀로로와 친구들은 우연히 손에 넣은 지도를 따라 신비의 보물섬에 도착한다.그곳에서 사라진 실버 선장을 만나 비밀을 간직한 보물섬의 수수께끼를 풀어내지만, 악당 블랙 선장과 보물섬의 괴물로 인해 위기에 빠지는데...과연 뽀로로와 친구들은 전설의 보물을 찾을 수 있을까?"
1000251,원더랜드,1165,5873441710,620992,2024,20240605,113,12세관람가,96.0,799,6.02,1053,"언제 어디서든 다시 만날 수 있습니다죽은 사람을 인공지능으로 복원하는 ‘원더랜드’ 서비스가 일상이 된 세상,어린 딸에게 자신의 죽음을 숨기기 위해 ‘원더랜드’ 서비스를 의뢰한 ‘바이리’와 사고로 누워있는 남자친구 ‘태주’를 ‘원더랜드’에서 우주인으로 복원해 행복한 일상을 나누는 ‘정인’.사람들은 더 이상 그리워하거나 슬퍼하지 않는 삶을 선택할 수 있게 된다.‘원더랜드’의 수석 플래너 ‘해리’와 신입 플래너 ‘현수’는 ‘원더랜드’를 찾는 사람들이 소중한 기억을 이어갈 수 있도록 바쁜 하루하루를 보낸다.어린 시절부터 인공지능 부모님과 교감해온 ‘해리’는 이용자들의 상황을 더욱 세심히 살피고, ‘현수’는 의뢰받은 서비스에서 뜻밖의 비밀을 발견하게 되어 마음이 쓰인다.어느 날 의식불명 상태의 ‘태주’가 기적처럼 깨어나 ‘정인’ 곁으로 돌아오고 다시 마주하게 된 모든 것이 낯설고 혼란스러운 ‘태주’와 그런 그와 함께하는 현실에 ‘정인’의 마음에는 조금씩 균열이 찾아온다.한편, ‘원더랜드’에서 발굴 현장을 누비는 고고학자로 복원된 ‘바이리’는 딸과의 영상통화를 통해 친구 같은 엄마가 되기 위해 노력하지만 갑작스럽게 서비스가 종료되면서 예상치 못한 오류가 발생하는데…."
1000252,카트,544,5809735433,799275,2014,20141113,103,12세관람가,88.0,17189,8.61,738,"안녕하십니까 고객님. 행복한 하루 되십시오 고객님. 대한민국 대표 마트 '더 마트'.  마트의 생명은 매출, 매출은 고객, 고객은 서비스 를 외치며 언제나 고객 만족 서비스를 실천하기 위해 온갖 컴플레인과 잔소리에도 꿋꿋이 웃는 얼굴로 일하는 '더 마트'의 직원들. 그러던 어느 날, 회사로부터 갑작스럽게 일방적인 해고 통지를 받게 된다. 회사가 잘 되면 저희도 잘 될 줄 알았습니다. 오늘 우리는 해고 되었습니다. 정규직 전환을 눈 앞에 둔 선희(염정아)를 비롯, 싱글맘 혜미(문정희), 청소원 순례(김영애), 순박한 아줌마 옥순(황정민), 88만원 세대 미진(천우희)은 하루 아침에 직장을 잃을 위기에 처한다. 노조의 '노'자도 모르고 살았던 그녀들이 용기를 내어 서로 힘을 합치는데…아무것도 몰랐던 그들의 뜨거운 싸움이 시작된다!"
1000253,관능의 법칙,591,5808789500,773996,2013,20140213,108,19세관람가(청소년관람불가),77.0,12331,7.64,414,"꽃보다 화려하게 만개하는 절정의 40대!  지금이 어느 때 보다 제일 잘 나간다 믿는 골드미스 ‘신혜’,  도발적 주부 ‘미연, 싱글맘 ‘해영’. 뻔뻔하게 밝히고 화끈하게 즐기며  일도, 사랑도, 섹스도 여전히 뜨겁게 하고 싶은 세 친구들의 솔직한 이야기"
1000254,압꾸정,1229,5727172661,608639,2022,20221130,112,12세관람가,77.0,7228,5.74,607,"“나한테 죽이는 아이디어가 있어. 대한민국에서 한 번도 시도 안 했던 거”샘솟는 사업 아이디어와 타고난 말빨의 압구정 토박이 ‘대국’(마동석)은 한때 잘나가던 실력 TOP 성형외과 의사 ‘지우’(정경호)를 만나게 된다.재기를 꿈꾸는 그의 욕심과 잠재력을 한눈에 알아본 ‘대국’은 일생일대의 사업 수완을 발휘할 때가 왔음을 본능적으로 직감한다.‘대국’은 남다른 추진력으로 ‘지우’의 실력, 압구정 인싸 ‘미정’(오나라)의 정보력, 압구정 큰 손 ‘태천’(최병모)의 자본, 그리고 압구정 황금줄 ‘규옥’(오연서)의 인맥을 한데 모아 압구정을 대표하는 성형외과를 넘어, 아시아를 대표하는 뷰.티.도.시.를 꿈꾸는데…“형이 싹 다 꾸며 줄게. 뭔 말인지 알지?”"
1000255,지푸라기라도 잡고 싶은 짐승들,996,5442138750,626815,2018,20200219,109,19세관람가(청소년관람불가),87.0,15113,7.99,288,"[모든 것은 돈 가방과 함께 시작되었다.]사라진 애인 때문에 사채 빚에 시달리며 한 탕을 꿈꾸는 태영.아르바이트로 가족의 생계를 이어가는 가장 중만.과거를 지우고 새 인생을 살기 위해 남의 것을 탐하는 연희.벼랑 끝에 몰린 그들 앞에 거액의 돈 가방이 나타나고, 마지막 기회라 믿으며 돈 가방을 쫓는 그들에게 예기치 못한 사건들이 발생한다.[“큰돈 들어왔을 땐 아무도 믿음 안돼”]고리대금업자 박사장, 빚 때문에 가정이 무너진 미란, 불법체류자 진태, 가족의 생계가 먼저인 영선, 기억을 잃은 순자까지...절박한 상황 속 서로 속고 속이며 돈 가방을 쫓는 그들은 인생을 바꿀 수 있는 마지막 한탕을 계획한다."
1000256,국가대표 2,562,5424324942,703024,2016,20160810,125,12세관람가,94.0,10809,8.79,1618,"유일무이 정통 아이스하키 선수 출신 에이스 ‘지원’자존심은 금메달 급, 현실은 쇼트트랙 강제퇴출 ‘채경’사는 게 심심한 아줌마, 빙판에선 열정의 프로 ‘영자’시간외 수당이 목표, 아이스하키협회 경리 출신 ‘미란’취집으로 인생 반전 꿈꾸는 전직 피겨요정 ‘가연’주장 급 멘탈 보유자, 최연소 국가대표 꿈나무 ‘소현’말만 번지르르, 주니어 아이스하키 우정상에 빛나는 국대 출신 감독 ‘대웅’이들이 뭉친 단 하나의 이유는 아오모리 동계 아시안 게임 출전!출신불문, 경험부족, 능력제로한 팀이 되는 것 자체가 도전이었던 이들에게 다가온 차가운 현실은그저 동계 올림픽 유치를 위한 병풍 취급뿐이다뭉치면 싸우고 흩어지면 출전불가!모두가 불가능하다고 믿었던 이들의 뜨거운 도전이 시작된다!"
1000257,아마존 활명수,1479,5390831280,606612,2024,20241030,113,12세이상관람가,81.0,10072,6.06,743,"어서 와, 아마존은 처음이지전 양궁 국가대표 메달리스트였지만 지금은 구조조정 1순위 ‘진봉’(류승룡).회사에서 준 마지막 기회를 잡기 위해 아마존으로 향한다.죽을 고비를 넘기고 도착한 아마존.그곳에서 만난 신이 내린 활 솜씨의 아마존 전사 3인방 ‘시카’, ‘이바’, ‘왈부’!살 길을 찾았다고 생각한 ‘진봉’은 한국계 볼레도르인 통역사 ‘빵식’(진선규)과 함께 활의 명수 3인방을 데리고 한국으로 향하는데...이제 ‘진봉’의 부활은 아마존 3인방에 달려있다!"
1000258,널 기다리며,551,5232611336,634953,2015,20160310,108,19세관람가(청소년관람불가),82.0,11748,7.74,1047,"당신이 우리 아빠 죽였지?15년 전, 내 눈 앞에서 아빠를 죽인 범인이 드디어 세상 밖으로 나왔다. 15년을 기다린 이유는 단 하나!아빠를 죽인 범인을 쫓는 소녀 ‘희주’ 앞에 유사 패턴의 연쇄살인사건이 발생하고 15년을 기다린 희주의 계획은 전혀 예측하지 못한 새로운 국면을 맞이하게 되는데... 15년의 기다림, 7일간의 추적그 놈을 잡기 위한 강렬한 추적이 시작된다!"
1000259,광대들: 풍문조작단,806,5226776088,637021,2019,20190821,108,12세관람가,86.0,12480,7.51,278,"세조 실록에 기록된 40여건의 기이한 현상, 그 뒤에는 바로 광대들이 있었다?!조선 팔도를 무대로 풍문을 조작하고 민심을 뒤흔드는 광대패 5인방. 어느 날 조선 최고의 권력자 ‘한명회’로부터 조카를 죽이고 왕이 된 ‘세조’의 미담을 만들어내라는 명을 받는다. 광대패의 리더 ‘덕호’와 무리들은 목숨을 걸고 지금껏 듣지도 보지도 못한 놀라운 판을 짜기 시작하는데… 그들이 뜨는 순간, 역사가 뒤바뀐다!"
1000260,장르만 로맨스,1194,5191579940,518269,2020,20211117,113,15세관람가,86.0,13123,7.05,747,매일매일 버라이어티한 그 작가의 사생활 개봉박두!쿨내진동 이혼부부일촉즉발 비밀커플주객전도 스승제자알쏭달쏭 이웃사촌평범하지 않은 로맨스로 얽힌 이들의 사생활이 밝혀진다!
1000261,그날의 분위기,592,5142899612,652453,2015,20160114,103,15세관람가,80.0,14912,7.86,843,"부산행 KTX 열차에서 우연히 옆자리에 앉게 된 수정과 재현.자꾸 눈길이 가는 매력적인 수정에게 재현이 건넨 한 마디,“저… 오늘 웬만하면 그쪽이랑 자려구요.”자유 연애, 오픈 마인드! 작업했다 하면 100% 성공률을 자랑하는 맹공남 재현의훅훅 들어오는 맹렬한 공격에 수정은 점차 말려들게 되는데…“저 그런 여자 아니거든요!”10년 연애, 일편단심! 안 하는 것 참 많은 이 시대의 철벽녀 수정은당황스러움도 잠시 철벽 방어로 재현의 유혹에 맞선다.맹공남 VS 철벽녀! 두 남녀의 아슬아슬 밀당 로맨스, 승자는?"
1000262,나를 찾아줘,875,5117014620,645082,2019,20191127,108,15세관람가,87.0,15250,8.28,359,6년 전 실종된 아들을 봤다는 연락을 받은 ‘정연’(이영애).숱하게 반복되던 거짓 제보와 달리 생김새부터 흉터까지 똑같은 아이를 봤다는 낯선 이의 이야기에 ‘정연’은 지체 없이 홀로 낯선 곳으로 향한다.   하지만 자신의 등장을 경계하는 듯한 경찰 ‘홍경장’(유재명)과 비슷한 아이를 본 적도 없다는 마을 사람들.그들이 뭔가 숨기고 있음을 직감한 ‘정연’은 포기하지 않고 진실을 찾기 시작하는데…   6년 전 사라진 아이 그리고 낯선 사람들 모두가 숨기고 있다
1000263,미스터 주: 사라진 VIP,692,5057108660,601675,2018,20200122,114,12세관람가,80.0,11265,7.54,217,"동물의 말이 들리는 순간, 수사의 판도가 뒤집힌다!초특급 승진을 앞둔 국가정보국 능력탑 요원 ‘주태주’.언제나 완벽하게 사건을 해결하는 그의 숨겨진 비밀은 바로 동물의 목소리가 들린다는 것?!‘주태주’는 국가 안보를 위협할 사건을 해결할 결정적 단서를 물어온 개허세 군견 ‘알리’와 함께 합동수사에 나선다.그리고 이들을 돕는 카리스마 충만한 ‘민수희 국장’과 열정만 넘치는 ‘조만식 요원’까지!과연 이들의 댕소리 나는 역대급 팀플레이는 성공할 수 있을까?"
1000264,아빠는 딸,520,5047634395,646412,2016,20170412,115,12세관람가,95.0,13153,8.56,1055,"공부, 공부, 공부하라는 잔소리를 입에 달고 사는 만년 과장 아빠. 세상 다 싫지만 선배만은 넘나 좋은 여고생 딸. 딸이 꿈꾸던 첫 데이트가 현실이 되던 찰나, 아빠가 절실한 승진의 기회를 잡나 싶던 그때 두 사람의 몸이 바뀌는 청천벽력 같은 일이 벌어진다! 서로의 몸으로 살아야 하는 아빠와 딸. 첫사랑 사수 vs 직장 사수를 위해 상상을 초월한 노력을 하지만 상황은 오히려 꼬여만 가고, 사생활은 물론 마음까지 엿보게 되면서 서로 몰랐던 점을 점점 알아가게 되는데…"
1000265,이상한 나라의 수학자,1357,4996234520,528900,2021,20220309,117,12세관람가,95.0,8604,7.84,585,“정답보다 중요한 건 답을 찾는 과정이야”학문의 자유를 갈망하며 탈북한 천재 수학자 '이학성’(최민식).그는 자신의 신분과 사연을 숨긴 채 상위 1%의 영재들이 모인 자사고의 경비원으로 살아간다.차갑고 무뚝뚝한 표정으로 학생들의 기피 대상 1호인 ‘이학성’은 어느 날 자신의 정체를 알게 된 뒤 수학을 가르쳐 달라 조르는 수학을 포기한 고등학생 ‘한지우’(김동휘)를 만난다.정답만을 찾는 세상에서 방황하던 ‘한지우’에게 올바른 풀이 과정을 찾아나가는 법을 가르치며 ‘이학성’ 역시 뜻하지 않은 삶의 전환점을 맞게 된다.
1000266,3일의 휴가,863,4921168917,525427,2020,20231206,105,12세관람가,93.0,7580,8.06,482,"“따님은 어머님을 보거나 목소리를 들을 수 없고요.그냥 따님의 행복한 기억만 담고 오시면 됩니다.”죽은 지 3년째 되는 날, ‘복자’(김해숙)는 하늘에서 3일간의 휴가를 받아 규칙 안내를 맡은 신입 ‘가이드’(강기영)와 함께 지상에 내려온다.미국 명문대학교 교수인 자랑스러운 딸을 볼 생각에 설레던 마음도 잠시, 돌연 자신이 살던 시골집으로 돌아와 백반 장사를 시작한 ‘진주’(신민아)의 모습에 당황한다.속 타는 엄마의 마음도 모르는 ‘진주’는 자신을 찾아온 단짝 ‘미진’(황보라)과 엄마의 레시피를 찾아가고, 낯익은 요리를 보자 서로의 추억이 되살아나는데…"
1000267,사냥,696,4912658515,645922,2015,20160629,93,15세관람가,58.0,13700,5.93,872,"“그 날, 그 산에는 아무도 오르지 말았어야 했다”인적이 드문 산에서 거대한 금맥이 발견된다. 금이 발견되었다는 것을 우연히 알게 된 동근(조진웅)은 정체를 알 수 없는 엽사 무리를 이끌고 산에 오른다. 인생 역전을 맞이한 기쁨도 잠시, 금맥이 있는 땅주인 노파가 나타나고 말씨름 끝에 노파가 절벽 아래로 떨어지고 만다. 한편, 과거 탄광 붕괴 사고 이후 후유증에 시달리던 기성(안성기)은 매일같이 산을 오르며 사냥에 매진한다. 여느 날과 다름없이 총 한 자루를 쥔 채 사냥에 나선 기성은 산사태 때문에 출입이 불가하다던 산에 수상한 엽사 무리들을 발견하고 그들을 뒤쫓다 사고 현장을 목격하게 되는데…금을 차지하려는 엽사들과 소중한 것을 지켜야 하는 사냥꾼미로 같은 산 속에서 목숨을 건16시간의 추격이 시작된다!"
1000268,더 문,1187,4893985038,486060,2023,20230802,129,12세관람가,86.0,16395,7.19,1691,"2029년, 대한민국의 달 탐사선 우리호가 달을 향한 여정에 나선다. 위대한 도전에 전 세계가 주목하지만 태양 흑점 폭발로 인한 태양풍이 우리호를 덮치고 ‘황선우’(도경수) 대원만이 홀로 남겨진다.대한민국의 우주선이 달로 향한 것이 이번이 처음은 아니었다. 5년 전, 원대한 꿈을 안고 날아올랐지만 모두가 지켜보고 있는 가운데 공중 폭발로 산산이 부서졌던 나래호. 또다시 일어난 비극에 유일한 생존자인 선우를 지키기 위해 나로 우주센터 관계자들과 정부는 총력을 다하고 온 국민이 그의 생존을 염원한다. 선우를 무사 귀환시키기 위해서 5년 전 나래호 사고의 책임을 지고 산에 묻혀 지내던 전임 센터장 ‘김재국’(설경구)이 다시 합류하지만, 그의 힘만으로는 역부족이다. 선우를 구출할 또 다른 희망인 NASA 유인 달 궤도선 메인 디렉터 ‘윤문영’(김희애)에게 도움을 청해보지만 그마저 쉽지 않다. 재국은 또다시 누군가를 잃지 않기 위해 마지막으로 자신의 모든 것을 걸어 보는데···.우주에 홀로 고립된 대원과 그의 무사 귀환에 모든 것을 건 남자살기 위한, 살려내기 위한 고군분투가 시작된다."
1000269,우는 남자,508,4883740800,599050,2014,20140604,116,19세관람가(청소년관람불가),53.0,18240,6.78,410,"그 날의 총알 한 발이 모든 것을 바꿔 놓았다. 진실을 원해? 낯선 미국 땅에 홀로 남겨져 냉혈한 킬러로 살아온 곤.조직의 명령으로 타겟을 제거하던 중 예상치 못한 실수를 저지르고, 그는 자신의 삶에 깊은 회의를 느낀다. 그런 그에게 조직은 또 다른 명령을 내리고, 곤은 마지막 임무가 될 타겟을 찾아 자신을 버린 엄마의 나라, 한국을 찾는다. 당신 이름이 뭐야? 나한테 왜 이러는 거야? 남편과 딸을 잃고, 치매에 걸린 엄마를 돌보며 하루하루 절망 속에서 살아가고 있는 여자, 모경.엄청난 사건에 연루된 것도 모른 채 일만 파고들며 술과 약이 없으면 잠을 이루지 못하던 그녀 앞에 딸의 죽음 뒤에 감춰진 진실을 알려주겠다는 한 남자가 다가온다.잃을 것이 없는 남자와 남은 게 없는 여자, 그들이 절벽의 끝에서 만났다"
1000270,침입자,1365,4806314000,531212,2017,20171214,95,15세관람가,80.0,13321,7.48,198,"혼자 사는 엄마의 생신을 챙기러 서울에서 찾아온 두 딸, 송영과 송미. 세상에서 가장 행복한 시간을 보내고 있는 세 모녀에게 무자비한 살인을 저지르고 경찰을 피해 도망 다니던 연쇄살인범 ‘유재마’가 찾아온다. 하지만 유재마에게 감금된 세 모녀는 그가 저지른 살인사건 뒤에 숨겨진 사실을 알게 되는데..한치 앞도 알 수 없는 연쇄살인범과의 대치 상황!세 모녀는 무사히 살아남을 수 있을까?!"
1000271,침입자,1365,4806314000,531212,2019,20200604,102,15세관람가,80.0,13321,7.48,198,"25년만에 돌아온 동생, 나는 그녀가 의심스럽다!얼마 전 사고로 아내를 잃고 실의에 빠져 있는 건축가 ‘서진’에게 25년 전 실종된 동생을 찾았다는 연락이 온다.처음 본 자신을 친근하게 “오빠”라고 부르는 ‘유진’이 어딘가 불편한 ‘서진’과 달리 가족들은 금세 그녀를 받아들인다.  그런데 ‘유진’이 돌아온 후 가족들에게 이상한 일들이 벌어지기 시작하고, 이를 의심스럽게 여긴 ‘서진’은 동생의 비밀을 쫓다 자신의 일상을 송두리째 뒤흔든 사건에 그녀가 연관되어 있음을 알게 되는데...   추적 끝에 드러나는 충격적인 진실!"
1000272,늑대사냥,1226,4769650393,458720,2022,20220921,121,19세관람가(청소년관람불가),64.0,13332,5.39,784,"인간 스스로 먹잇감이 되다동남아시아로 도피한 인터폴 수배자들을 이송할 움직이는 교도소 ‘프론티어 타이탄’.극악무도한 이들과 베테랑 형사들이 필리핀 마닐라 항구에 모이고 탈출을 꿈꾸는 종두(서인국), 한국으로 돌아가야만 하는 도일(장동윤)을 비롯해 이들은 각자의 목적과 경계심을 품고 탑승한다.한국으로 향하던 중, 태평양 한 가운데에서 이들에게는 지금까지 보지 못한 극한의 상황과 마주하게 되는데…태평양 한 가운데의 지옥, 누가 살아남을 것인가?"
1000273,열정같은소리하고있네,566,4761399902,654407,2015,20151125,106,15세관람가,78.0,12989,7.98,834,"취업만 하면 인생 제대로 즐기리라 생각한 햇병아리 연예부 수습기자 ‘도라희’(박보영). 몸에 딱 맞는 정장에 하이힐을 신은 완벽한 커리어우먼…!이 모든 환상은 첫 출근 단 3분 만에 깨졌다.“지금은 니 생각, 니 주장, 니 느낌 다 필요없어!”도라희의 눈 앞에 펼쳐진 건 터지기 일보 직전인 진격의 부장 ‘하재관’(정재영). 첫 출근 따뜻한 말 한마디 대신 찰진 욕이 오가는 가운데 손 대는 일마다 사건사고인 도라희는하재관의 집중 타겟이 되어 본격적으로 털리게 되는데…!전쟁터 같은 사회생활에서 살아남기 위한 수습사원 도라희의 극한분투기!!! 오늘도 탈탈 털린 당신에게 바칩니다!"
1000274,특종: 량첸살인기,776,4754763118,616481,2015,20151022,125,15세관람가,75.0,11688,7.96,861,"일생일대의 특종인.줄.알.았.다! 이혼, 해고의 위기에 몰린 열혈 기자 ‘허무혁’. 우연한 제보로 연쇄살인사건과 관련한 일생일대의 특종을 터트린다.  하지만 단독 입수한 연쇄살인범의 친필 메모가 소설 ‘량첸살인기’의 한 구절임을 알게 된 무혁은  세상을 떠들썩하게 만든 특종이 사상초유의 실수임을 깨닫게 된다. 내가 보도하는 대로 사건이 벌어진다! 이를 알리 없는 보도국은 후속 보도를 기다리고 경찰은 사건의 취재 과정을 밝히라며 무혁을 압박해온다. 심지어 특종의 진실을 알고 있다는 목격자까지 나타나는 걷잡을 수 없는 상황 속, 무혁이 보도한 오보 그대로 실제 살인사건이 벌어지기 시작하는데…! 사상초유의 실수! 사건은 걷잡을 수 없이 점점 커져간다!"
1000275,동감,1013,4753528700,489898,2022,20221116,114,12세관람가,96.0,714,6.43,790,"1999년, '용'은 첫눈에 반하게 된 '한솔'을 사로잡기 위해 친구에게 HAM 무전기를 빌린다.2022년, ‘무늬’는 인터뷰 과제를 위해 오래된 HAM 무전기를 작동시킨다. 씨큐... 씨큐... 제 목소리 들리세요? 개기 월식이 일어난 날, 시간을 뛰어넘어 기적처럼 연결된 ‘용’과 ‘무늬’는 서로의 사랑과 우정을 이야기하며 특별한 감정을 쌓아가는데...1999 - 2022마음을 수신합니다."
1000276,황제를 위하여,423,4751881771,592041,2014,20140612,104,19세관람가(청소년관람불가),54.0,9131,6.25,440,"비열함은 기술이 되고, 배신은 재능이 된다!촉망 받는 야구선수였지만 승부 조작에 연루된 후 모든 것을 잃게 된 '이환'(이민기). 빠져나갈 곳 없는 인생의 바닥에서 이환은 부산 최대 규모의 조직, 황제 캐피탈의 대표 '상하'(박성웅)를 만나게 된다. 돈 앞에선 냉정하지만 자신의 식구들은 의리와 신뢰로 이끄는 상하. 이환의 잠재력을 본능적으로 알아 본 상하는 다른 조직원들의 반대에도 불구하고, 그를 자신의 세계로 끌어들인다.이긴 놈만 살아남는 도박판 같은 세상. 상하의 절대적인 신임 속에서 이환은 타고난 승부근성과 거침없는 행보로 점점 자신의 영역을 넓히고, 감춰두었던 야망을 키워가는데…!"
1000277,서부전선,509,4751661400,609063,2015,20150924,111,12세관람가,66.0,5818,7.15,775,"“너는 탱크! 나는 비밀문서! 전쟁의 운명이 두 쫄병에게 달렸다!”휴전 3일전, 농사 짓다 끌려온 남한군 ‘남복(설경구)’은 전쟁의 운명을 가를 일급 비밀문서를 정해진 장소, 정해진 시간까지 전달하라는 임무를 받게 되지만, 적의 습격으로 동료들과 비밀문서까지 모두 잃게 된다.탱크는 책으로만 배운 북한군 탱크병 ‘영광(여진구)’은 남으로 진군하던 도중 무스탕기의 폭격으로 사수를 잃고 혼자 남게 된다. 탱크를 끌고 홀로 북으로 돌아가려던 ‘영광’은 우연히 남복의 비밀문서를 손에 쥐게 되고 서부전선에서 단둘이 맞닥뜨리게 되는데…비문 잃어버리면 총살! VS 탱크 버리고 도망가면 총살!미션완수를 위한 두 쫄병의 위험천만한 대결이 시작된다!"
1000278,설계자,1345,4728639867,525369,2022,20240529,99,15세관람가,64.0,12227,5.42,711,"“정말 우연이라고 생각해요?”의뢰받은 청부 살인을 사고사로 조작하는 설계자 ‘영일’(강동원).그의 설계를 통해 우연한 사고로 조작된 죽음들이 실은 철저하게 계획된 살인이라는 것을 아무도 알지 못한다.최근의 타겟 역시 아무 증거 없이 완벽하게 처리한 ‘영일’에게 새로운 의뢰가 들어온다.이번 타겟은 모든 언론과 세상이 주목하고 있는 유력 인사.작은 틈이라도 생기면 자신의 정체가 발각될 수 있는 위험한 의뢰지만 ‘영일’은 그의 팀원인 ‘재키’(이미숙), ‘월천’(이현욱), ‘점만’(탕준상)과 함께 이를 맡기로 결심한다.철저한 설계와 사전 준비를 거쳐 마침내 실행에 옮기는 순간 ‘영일’의 계획에 예기치 못한 변수가 발생하는데...!사고인가살인인가그의 실체가 드러나기 시작했다!"
1000279,버닝,739,4714345098,528153,2018,20180517,148,19세관람가(청소년관람불가),79.0,20468,7.84,1138,"이제 진실을 얘기해봐 유통회사 알바생 종수(유아인)는 배달을 갔다가 어릴 적 같은 동네에서 살았던 해미(전종서)를 만나고, 그녀에게서 아프리카 여행을 간 동안 자기가 키우는 고양이를 돌봐 달라는 부탁을 받는다. 여행에서 돌아온 해미는 아프리카에서 만난 벤(스티븐 연)이라는 정체불명의 남자를 종수에게 소개한다. 어느 날 벤은 해미와 함께 종수의 집으로 찾아와 자신의 비밀스러운 취미에 대해 고백한다. 그때부터 종수는 무서운 예감에 사로잡히게 되는데..."
1000280,조선마술사,608,4650016527,628576,2015,20151230,122,12세관람가,58.0,10197,6.86,972,"운명을 거스른 사랑, 목숨을 건 복수.모든 것을 건 마지막 무대가 펼쳐진다!평안도 최대 유곽 물랑루의 자랑이자 의주의 보배인 조선 최고의 마술사 환희. 하지만 어린 시절, 청나라 마술사 귀몰에게서 학대 받았던 기억으로 늘 난봉꾼처럼 삐뚤어져있다. 그런 그를 이해하는 것은 귀몰의 손에서 함께 도망친 의누이 보음 뿐. 한편, 청명은 사행단의 호위무사 안동휘와 함께 청나라의 11번째 왕자빈으로 혼례를 치르러 가던 중 의주에 머물게 되고, 우연히 마주친 환희에게 운명처럼 끌리게 된다. 청명이 공주일거라고는 꿈에도 생각 못한 환희 역시 처음 느낀 감정에 다른 사람처럼 변해간다. 하지만 이들의 사랑이 채 피어나기도 전에 과거의 악연에 앙심을 품은 귀몰이 복수를 위해 환희를 찾아오고 청명이 가지고 있던 청나라에 올릴 진상품을 노린 자들의 음모가 더해지면서 위험의 그림자가 점점 그들을 조여오는데…이것이 운명을 거스르는 사랑일지라도, 모든 것을 건 황홀한 마술, 환희의 마지막 무대가 펼쳐진다!"
1000281,극장판 헬로카봇 : 달나라를 구해줘!,889,4553434150,587818,2019,20190904,76,전체관람가,93.0,4279,7.93,372,"평화로웠던 지구에는 타워크레인, 우주정거장이 사라지고, 달의 뒷면에서 살던 토끼족 마을은 외계 로봇의 공격으로 위기에 처하게 된다.이 모든 것은 바로 지구를 정복하려는 치올라 외계인들의 공격이었던 것!평화를 수호하는 차탄과 카봇들은 달을 넘어 지구까지 혼란에 빠뜨린 치올라 외계 군단에 맞서기 위해 달나라로 떠나게 되는데…!지구와 달을 구하기 위한 카봇과 토끼족들의 지상최대 연합작전이 시작된다!"
1000282,빅토리,789,4544420767,508220,2024,20240814,120,12세이상관람가,96.0,10970,7.89,1585,"스탠드 업! 텐션 업! 치얼 업!1999년 세기말, 거제의 댄스 콤비 ‘필선'(이혜리)과 '미나’(박세완)는 댄스 연습실을 마련하기 위해 서울에서 전학온 치어리더 ‘세현'(조아람)을 내세워 치어리딩 동아리를 만든다.그렇게 9명의 멤버들이 모여 얼렁뚱땅 탄생한 ‘밀레니엄 걸즈’.‘치형’(이정하)의 만년 꼴찌 거제상고 축구부를 우승으로 이끌어야만 하는데…오직 열정만큼은 충만한 생판 초짜 치어리딩 동아리‘밀레니엄 걸즈’의 모두를 향한 신나는 응원이 펼쳐진다!“자, 고개 들고! 가슴 펴고!”"
1000283,플랜맨,458,4528561558,632299,2013,20140109,115,15세관람가,75.0,7193,8.67,33,"전 모든 일에 계획을 세우고 알람을 맞춥니다. 그게 이상한가요? 성실한거지. 6:00 기상, 밤새 흐트러진 침구 다림질. 6:35 샤워, 드라이기로 욕실 물기 제거. 8:00 옷 입기, 8:30 출근, 8:42 횡단보도 건너기... 예측불가능하고 무질서하며 세균 투성이인 이 세상에서, 정석(정재영)은 모든 일에 알람을 맞추고 계획대로 사는 평화로운 삶을 추구한다.  아저씨 내가 도와줘요? 나 그 언니랑 엄청 친한데.  자신과 똑닮은 그녀(차예련)와 운명적인 짝사랑에 빠진 정석. 그러나 그녀는 정석의 계획적인 면이 싫다며 거절하고, 의사는 충격에 빠진 정석에게 변화를 권유한다. 짝사랑을 포기할 수 없는 정석은 평생 처음으로 '무계획적인 삶'을 결심하고, 그녀의 후배 소정(한지민)의 도움을 받기로 한다. 이름을 알게 된지 37시간하고 13분 만에, 그런 황당한 제안은 처음 들어봤습니다! 자유분방하고 즉흥적인 소정은 하루 만에 정석의 인생을 뒤집어 놓는다. 급기야 출근 8년 7개월 26일 만에 처음으로 지각을 한 정석. 알람 없는 그의 인생은 순식간에 꼬여 가지만, 웬일인지 정석의 주변인들은 환호성을 보낸다. 급기야 소정은 정석은 상상도 못했던 이상한(?) 제안을 하는데..."
1000284,양자물리학,799,4526478380,553879,2019,20190925,120,15세관람가,93.0,15939,8.43,343,"‘생각이 현실을 만든다’라는 양자물리학적 신념을 인생의 모토로 삼은 유흥계의 화타 ‘이찬우’어느 날 유명 연예인이 연루된 마약 파티 사건을 눈치챈다.“불법 없이! 탈세 없이!” 이 바닥에서도 혁신이 일어나야 한다고 믿는 그는 오랫동안 알고지낸 범죄정보과 계장 ‘박기헌’에게 이 정보를 흘린다.단순한 사건이라고 생각했던 마약파티가 연예계는 물론 검찰, 정치계까지 연루된 거대한 마약 스캔들임을 알게 된 '이찬우'.이제는 살기 위해 거대 권력과 맞서야 하는 상황.'이찬우’는 ‘박기헌’ 계장을 비롯해 황금인맥을 자랑하는 업계 퀸 ‘성은영’ 등 업계 에이스들과 함께 이 사건을 파헤치기로 한다.9월, 부패 권력에 통쾌하게 맞서라! 생각은 현실을 만드니까!"
1000285,국제수사,1074,4496549760,537470,2020,20200929,106,15세관람가,78.0,11655,7.25,174,"대한민국 촌구석 형사, 글로벌 범죄에 휘말렸다!필리핀으로 인생 첫 해외여행을 떠난 대천경찰서 강력반 ‘홍병수’(곽도원) 경장.여행의 단꿈도 잠시, ‘병수’는 범죄 조직의 킬러 ‘패트릭’(김희원)의 작전에 휘말려 살인 용의자가 되고, 누명을 벗기 위해 현지 가이드이자 고향 후배 ‘만철’(김대명)과 함께 수사에 나선다.하지만, 형사 본능이 끓어오르는 마음과는 달리 ’병수’의 몸과 영어는 따라주지 않고, 필리핀에서 재회한 웬수 같은 죽마고우 ‘용배’(김상호)가 끼어드는 바람에 수사는 자꾸 의도치 않은 방향으로 흘러가는데…촌구석 형사 ‘병수’는 과연 무사히 한국에 돌아갈 수 있을까? “나 코리안 폴리스여!”동네급 형사의 국제급 수사가 시작된다!"
1000286,극장판 헬로카봇: 옴파로스 섬의 비밀,752,4485905140,575353,2018,20190131,78,전체관람가,96.0,4687,8.77,1619,따뜻한 남태평양으로 휴가를 떠난 차탄 가족과 친구들은 어느 외딴섬에 표류하고 만다.그곳은 바로 지구의 배꼽이라 불리는 강력한 생명력을 지닌 신비의 섬 ‘옴파로스’!그곳에서 차탄 가족은 ‘슈퍼연료전지 구공탄’을 노리는 외계 로봇들의 공격으로 위기에 처하는데…지구 온난화를 일으켜 세상을 정복하려는 ‘외계인’들에 맞선 차탄과 ‘동물카봇’의 운명을 건 대결이 시작된다!
1000287,패션왕,523,4338223379,591125,2014,20141106,114,15세관람가,53.0,8115,6.79,437,"이번 생은 망한 줄 알았다. 제대로 된 간지에 눈 뜨기 전까진…! 내 이름은 우기명. 다들 무기명이라고 부른다.  하루의 시작은 어김없이 친구들 빵셔틀.  늦었다가는 귀찮은 일이 생기니, 오늘도 전속력으로 매점을 향해 달린다.    전설의 간지 멘토를 만나고,  모든 것이 달라지기 시작했다!    어딜가나 사람들이 나를 쳐다본다…  기안고 여신 혜진이가 내게 다가온다…!  기안고 황태자 원호가 나를 의식한다!!!!!    내가 하는 모든 것이 대세가 되는 꿈 같은 시간도 잠시,  나는 또 무기명이 될 위기에 놓였다.  하지만 이제 피하고 싶지 않다.  난생 처음, 나는 모든 것을 걸고 인생 반전에 나선다!    나는 더 이상 무기명이 아니다.  나는 패션왕이 될 우기명이다!"
1000288,소년들,1042,4303729586,452858,2020,20231101,124,15세관람가,95.0,8547,7.37,481,"이것이 무슨 수사여? 똥이제!1999년 전북 삼례의 작은 슈퍼마켓에서 강도 살인 사건이 발생한다.경찰의 수사망은 단번에 동네에 사는 소년들 3인으로 좁혀지고, 하루아침에 살인자로 내몰린 이들은 영문도 모른 채 감옥에 수감된다.이듬해 새롭게 반장으로 부임 온 베테랑 형사 '황준철'(설경구)에게 진범에 대한 제보가 들어오고, 그는 소년들의 누명을 벗겨주기 위해 재수사에 나선다.하지만 당시 사건의 책임 형사였던 '최우성'(유준상)의 방해로 모든 것이 수포로 돌아가고, '황반장'은 좌천된다.그로부터 16년 후, '황반장' 앞에 사건의 유일한 목격자였던 '윤미숙'(진경)과 소년들이 다시 찾아오는데…"
1000289,점박이 한반도의 공룡2 : 새로운 낙원,672,4293073300,550059,2018,20181225,94,전체관람가,97.0,5513,9.16,1052,"백악기를 지배한 공룡의 제왕 ‘점박이’의 새로운 모험이 시작된다!8천만 년 전 백악기 최후의 재난 이후,모든 가족을 잃고 둘만 남게 된 공룡의 제왕 타르보사우르스 ‘점박이’와 그의 아들 ‘막내’아빠 ‘점박이’와 달리 겁이 많고 소심한 ‘막내’는 다른 공룡들의 놀림감이 되기 일쑤다.어느 날, ‘막내’가 최악의 악당 데이노니쿠스 3인방에게 붙잡혀 사라지고, ‘점박이’는 ‘막내’의 흔적을 찾기 위해 새로운 모험을 시작한다. 그러던 중 사라진 딸을 찾는 ‘송곳니’, 넉살 좋은 초식공룡 ‘싸이’를 만나 아이들을 구하기 위해 힘을 합치기로 한 ‘점박이’는 병풍 바위와 활화산 지대, 끝이 보이지 않는 사막과 협곡을 지나는 모험 끝에 드디어 아들 ‘막내’에 대한 단서를 찾게 된다.하지만 그들 앞에 상상을 초월하는 초강력 돌연변이 공룡이 나타나는데…과연 ‘점박이’는 ‘막내’를 구하고 새로운 낙원에 도착할 수 있을까?2018년 12월, 마침내 백악기 최후의 승자가 결정된다!"
1000290,뽀로로 극장판 드래곤캐슬 대모험,748,4189380075,447357,2022,20220728,70,전체관람가,96.0,1665,8.83,103,"깊은 산속 드래곤캐슬에 꼬마 드래곤 왕 아서의 막강한 힘이 봉인된 보석 ‘드래곤 하트’를 빼앗아 왕이 되려는 수상한 마법사 게드가 나타난다.한편, 우연히 ‘드래곤 하트’의 힘을 흡수한 크롱이 자이언트 크롱으로 변하면서 뽀로로와 친구들 역시 위험에 처한다.아서와 뽀로로와 친구들은 악당 마법사 게드로부터 힘을 되찾고 친구들을 구하기 위해 무적의 메카드래곤을 만들어 드래곤캐슬로 향하는데…! 뽀로로와 친구들의 판타지 액션 어드벤처!과연 드래곤캐슬과 소중한 친구들을 지켜낼 수 있을까?"
1000291,특송,996,4172193200,443177,2022,20220112,108,15세관람가,93.0,11133,7.42,885,2022년을 여는 가장 짜릿한 범죄 오락 액션의 탄생!예상치 못한 배송사고로 걷잡을 수 없는 사건에 휘말린 특송 전문 드라이버 ‘은하’.어쩌다 맡게 된 반송 불가 수하물에 출처를 알 수 없는 300억까지!경찰과 국정원의 타겟이 되어 도심 한복판 모든 것을 건 추격전을 벌이게 되는데…NO브레이크! FULL엑셀!성공률 100% 특송 전문 드라이버가 온다!
1000292,몬스터,527,4136202515,526282,2013,20140313,113,19세관람가(청소년관람불가),63.0,12310,6.27,630,"노점상을 하며 하나뿐인 동생과 살고 있는 '복순', 약간 모자라지만 제대로 건드리면 큰일나는 그녀는 동네에서 일명 '미친년'이라 불린다. 어느 날 그녀 앞에 나타난 냉혈 살인마 '태수'는 비밀을 감추기 위해 복순의 동생을 죽이게 된다. 동생의 복수를 위해 칼 한 자루 손에 든 채 그를 추격하는 복순, 그리고 살인을 마무리 하기 위해 집요하게 복순을 쫓는 태수. 포기를 모르는 두 괴물의 숨가쁜 추격이 시작된다!"
1000293,신비아파트 극장판 차원도깨비와 7개의 세계,665,4126165171,431892,2022,20221214,103,전체관람가,97.0,2042,8.58,99,“열려라! 차원의 문!” 평화롭던 7개의 평행 세계가 새로운 악당 ‘어나더’의 등장으로 위험에 처했다. 차원도깨비 ‘키비’는 평행 세계의 질서를 거스르는 ‘어나더’를 막기 위해 ‘하리’와 ‘신비’에게 도움을 요청한다.‘키비’로 인해 또 다른 7개의 세계가 존재하고 그곳에는 자신과 똑같은 외모와 이름을 가진 사람들이 살고 있다는 것을 알게 된 ‘하리’.갑자기 사라진 동생 '두리'와 '금비'도 '어나더'의 세계에 떨어졌다는 사실을 듣게 된다.동생을 찾기 위해! 평행세계를 구하기 위해!하리는 마지막 희망의 열쇠가 있는 제 7세계로 모험을 떠난다!
1000294,헬머니,422,4096141972,519983,2014,20150305,108,19세관람가(청소년관람불가),74.0,6922,7.51,457,"노래, 연기, 댄스, 요리 오디션에 이어 2015년을 화려하게 수놓을 극강 서바이벌이 시작된다!이름 하야 세계최초 대국민 오디션, '욕의 맛'! 고삐리 일진부터 디스전문래퍼, 자갈치 할매, 욕쟁이 경찰, 지하철 막말녀 등 전국 각지 욕의 고수들이 한자리에 모여 레전드를 가릴 욕 배틀이 펼쳐진 가운데, 세상사는 맛을 욕 안에 모두 녹여낸 남다른 이빨(?)의 소유자 답답한 세상, 욕으로 풀어줄 지옥에서 온 할매 '헬(Hell)머니'가 온다!"
1000295,미션 파서블,930,4064099600,447048,2020,20210217,105,15세관람가,90.0,9367,8.42,424,한국으로 다량의 총기류가 불법으로 흘러 들어간 정황이 포착되어 신입 정보원 ‘유다희’가 한국으로 파견된다. 도움을 주기로 한 국정원 ‘우수한‘을 만나지만 사건 현장을 들락거리며 첩보를 벌이는 그의 허술한 솜씨에 둘은 사사건건 시비만 붙게 된다. 급기아 단서를 찾기 위해 만나는 사람들이 모두 살해를 당하고 두 사람이 오히려 유력한용의자로 몰리게 되는데... 위기 일발의 두 사람은 과연 이 난관을 극복할 수 있을까?
1000296,타겟,986,4003424694,424916,2023,20230830,101,15세관람가,92.0,8884,6.92,720,"나는 오늘 중고거래 사이트에서 죽은 사람의 물건을 샀다평범한 직장인 ‘수현’은 이사 후 세탁기를 중고거래로 구매하지만, 고장 난 세탁기를 받고 사기를 당했다는 사실을 알게 된다.이대로 넘어갈 순 없다! 잠적한 판매자를 찾아내는데 성공한 ‘수현’은 그의 게시글마다 사기꾼이라는 댓글을 남겨 거래를 방해한다.그날 이후 ‘수현’에게는 정체 모를 전화, 주문한 적 없는 음식 배달, 한밤 중 찾아오는 의문의 남자들까지 소름 끼치는 일들이 연이어 벌어진다.개인 정보는 모두 유출되었고, 집안 곳곳에는 낯선 흔적들이 발견되면서 서서히 모든 일상이 파괴되기 시작한다.드디어 본격적인 수사가 진행되고, ‘주형사’와 중고거래 판매자의 집을 찾아간 ‘수현’은 그곳에서 시체를 발견하는데…단 한번의 중고거래, 모든 일상이 파괴된다!당신도 타겟이 될 수 있다!"
1000297,리멤버,1189,3970165717,412836,2020,20221026,128,15세관람가,,95,7.77,837,"“부서진 차… 손에 묻은 피… 권총 한 자루… 내가 왜 여기에 있는 거지?”뇌종양 말기, 80대 알츠하이머 환자인 한필주. 일제강점기 때 친일파들에게 가족을 모두 잃었다.아내가 세상을 떠나자 필주는 60여 년을 계획해 온 복수를 감행하려고 한다.그는 알바 중인 패밀리 레스토랑에서 절친이 된 20대 알바생 인규에게 일주일만 운전을 도와 달라 부탁한다.“원래 이런 사람이었어요? 정체가 뭐예요 도대체?! 같이 접시 닦던 사람 맞아요?”이유도 모른 채 필주를 따라나선 인규는 첫 복수 현장의 CCTV에 노출되어 유력 용의자로 지목된다.경찰은 수사망을 좁혀오고 사라져가는 기억과 싸우며 필주는 복수를 이어가는데…60년의 계획, 복수를 위한 위험한 동행이 시작된다!"
1000298,7년의 밤,872,3969337524,528007,2018,20180328,123,15세관람가,67.0,14054,6.0,431,"세령호에서 벌어진 우발적 살인 사건, 한 순간의 실수로 모든 걸 잃게 된 남자 현수와  그로 인해 딸을 잃고 복수를 계획한 남자의 7년 전의 진실, 그리고 7년 후 끝나지 않은 이야기"
1000299,가려진 시간,884,3946462400,510878,2016,20161116,130,12세관람가,90.0,15470,8.25,793,"“이 얘기를… 네가 믿어줄까?”    엄마를 잃은 후 새 아빠와 함께 화노도로 이사 온 ‘수린’. 자신만의 공상에 빠져 홀로 지내는 수린에게 ‘성민’이 먼저 다가온다. 둘만의 암호로, 둘만의 공간에서, 둘만 아는 추억을 쌓아가는 그들. 어느 날, 공사장 발파 현장을 구경하기 위해 친구들과 산으로 가고 그곳에서 모두가 실종된 채, 유일하게 수린만 돌아온다.   그리고 며칠 뒤, 자신이 성민이라는 남자가 수린 앞에 나타난다. ‘가려진 시간’에 갇혀 어른이 되었다는 성민. 수린만이 성민을 믿어주는 가운데 경찰과 마을 사람들은 의심을 거두지 못하고 성민은 쫓기는 상황에 이르게 되는데…    “너만, 나를 믿어주면 돼” 세상은 몰랐던 특별한 이야기"
1000300,변산,763,3886052473,474137,2017,20180704,123,15세관람가,93.0,10697,8.34,445,"“꼬일 대로 꼬여버린 빡센(?) 인생, 더 꼬이기 시작했다!”발렛 파킹, 편의점 아르바이트로 빡센(?!) 청춘을 보내지만, 쇼미더머니 6년 개근의 열정을 불태우는 무명 래퍼 학수 a.k.a 심뻑(박정민). 또 다시 예선 탈락을 맞이한 인생 최악의 순간, 한 통의 전화를 받고 잊고 싶었던 고향 변산으로 향한다. 짝사랑 선미 (김고은)의 꼼수(?)에 제대로 낚여 고향에 강제로 소환된 학수. 징글징글하게 들러 붙는 옛 친구들로 인해 지우고 싶었던 흑역사는 하나, 둘 떠오르고 하루 빨리 고향을 뜨고 싶었던 학수는 예측 불허의 사건들을 겪으면서 인생 최대 위기를 맞이하게 되는데…   빡세지만 스웩 넘치고, 부끄럽지만 빛나는 청춘! 징하게 들러붙는 흑역사 정면 돌파가 시작된다!"
1000301,침묵,634,3873542364,487897,2017,20171102,125,15세관람가,91.0,16896,8.24,732,"재력과 사랑, 세상을 다 가진 남자 ‘임태산’(최민식) 모든 것이 완벽히 행복하다 믿었던 그 날 약혼녀이자 유명 가수인 ‘유나’(이하늬)가 살해 당하고, 용의자로 딸 ‘임미라’(이수경)가 지목된다. 세간의 이목이 집중된 사건 임태산은 그날의 일을 기억하지 못하는 딸을 무죄로 만들기 위해 자신만의 방식으로 사건을 쫓기 시작한다. 그리고 최고의 변호인단을 마다한 채, 미라의 무죄를 믿고 보듬어줄 젊은 변호사 ‘최희정’(박신혜)을 선임한다. 미라가 기억하지 못하는 시간을 둘러싼 치열한 법정 공방 하지만 사라진 그날의 CCTV 영상을 갖고 있는 유나의 팬 ‘김동명’(류준열)의 존재가 드러나며 사건은 예상치 못한 방향으로 흘러가는데... 살해된 약혼녀용의자가 된 딸 가장 완벽한 날, 모든 것을 잃었다"
1000302,동네사람들,731,3797676112,459020,2017,20181107,99,15세관람가,80.0,8439,7.12,558,"여고생이 사라졌지만 너무나 평온한 시골의 한적한 마을, 기간제 교사로 새로 부임 온 외지 출신 체육교사 ‘기철(마동석)’은 동네 분위기가 심상치 않음을 감지한다. 실종된 여고생의 유일한 친구 '유진(김새론)'만이 친구가 납치된 거라 확신하여 사건을 쫓고, 의도치 않게 ‘유진’과 함께 사라진 소녀를 찾기 위해 나선 ‘기철’은 누군가에 의해 그녀의 흔적들이 사라지고 있다는 사실을 알게 되는데...모두가 침묵하는 사라진 소녀, 하지만 누군가는 반드시 그녀를 찾아야만 한다"
1000303,스위치,912,3793820810,399162,2021,20230104,113,12세관람가,59.0,48,7.69,859,"하룻밤 사이, 인생이 180도 뒤집어졌다!캐스팅 0순위 천만배우이자 자타공인 최고의 스캔들 메이커 ‘박강’.화려한 싱글 라이프를 만끽하고 있지만,정작 크리스마스이브에 끌어안을 것이라고는 연말 시상식 트로피뿐.유일한 친구이자 뒤처리 전문 매니저 ‘조윤’을 붙잡아 거하게 한잔하고 택시를 잡아탄다.다음날 아침, 낯선 집에서 깨어난 ‘박강’에게 생전 처음 보는 꼬맹이 둘이 안겨오고, 성공을 위해 이별했던 첫사랑 ‘수현’이 잔소리를 폭격하며 등짝 스매싱을 날리는 것이 아닌가?게다가 매니저 ‘조윤’이 천만배우가 되어 그가 있어야 할 톱스타의 자리를 꿰차고 있는데…이게 무슨 황당한 시추에이션?!180도 뒤집어진 인생에 속이 뒤집어지는 ‘박강’은불현듯, 지난밤 택시 기사가 무심코 건넨 한마디가 떠오르는데…“만약에 선택을 바꿀 기회가 생긴다면, 어떻게 하시겠어요?”"
1000304,뜨거운 피,1279,3782750970,398090,2022,20220323,120,15세관람가,81.0,7326,6.74,584,"부산 변두리 작은 포구 '구암'의 절대적인 주인 '손영감’(김갑수), 그의 밑에서 수년간 수족으로 일해온 '희수'(정우)는 무엇 하나 이뤄낸 것 없이, 큰돈 한번 만져보지 못한 채 반복되는 건달 짓이 지긋지긋하다.1993년, 범죄와의 전쟁 이후 새로운 구역을 집어삼키기 위해 물색중인 영도파 건달들은 아무도 관심 갖지 않는 ‘구암’에 눈독을 들이고, 영도파 에이스이자 ‘희수’의 오랜 친구 '철진'(지승현)이 '희수'에게 은밀히 접근한다. 새로운 삶을 시작하려는 ‘희수’는 갈등하고, 조용하던 ‘구암’을 차지하려는 밑바닥 건달들의 치열한 생존 싸움이 시작되는데...더 이상 물러날 곳도 도망칠 곳도 없다.누구든 망설이는 놈이 진다!"
1000305,카운트,946,3772828091,397303,2021,20230222,109,12세관람가,96.0,9123,7.9,986,"마이웨이, 오직 직진!한번 물면 절대 놓지 않는 킹받는 美친 개가 온다!1988년 올림픽 금메달리스트지만 1998년 지금은 평범한 고등학교 선생인 ‘시헌’(진선규).선수 생활 은퇴 후 남은 건 고집뿐, 모두를 킹받게 하는 마이웨이 행보로 주변 사람들의 속을 썩인다.그러던 어느 날, 우연히 참석한 대회에서 뛰어난 실력에도 불구하고 승부 조작으로 기권패를 당한 ‘윤우’(성유빈)를 알게 된 ‘시헌’은 복싱부를 만들기로 결심한다.아내 ‘일선’(오나라)의 열렬한 반대와, ‘교장’(고창석)의 끈질긴 만류도 무시한 채, ‘시헌’은 독기만 남은 유망주 ‘윤우’와영문도 모른 채 레이더망에 걸린 ‘환주’(장동주), ‘복안’(김민호)을 데리고 본격적인 훈련에 돌입하기 시작하는데...!쓰리, 투, 원! 2023년 새해, 긍정 파워 풀충전!그들만의 가장 유쾌한 카운트가 시작된다"
1000306,싱글 인 서울,917,3748567012,400651,2023,20231129,103,12세관람가,93.0,7699,7.23,651,"“나한테 딱 맞는 사람은 나밖에 없어, 싱글이 답이다!”혼자 걷기, 혼자 쉬기, 혼자 먹기, 혼자 살기…혼자가 좋은 파워 인플루언서 ‘영호'(이동욱)“사실 혼자인 사람은 없잖아요”혼자 썸타기, 나 홀로 그린 라이트…유능한 출판사 편집장이지만 혼자는 싫은 ‘현진’(임수정)싱글 라이프를 담은 에세이  싱글 인 더 시티  시리즈의 작가와 편집자로 만난 ‘영호’와 ‘현진’.생활 방식도 가치관도 서로 다른 두 사람은 책을 두고 사사건건 대립하면서도, 함께 보내는 시간이 나쁘지만은 않은데…?서울, 혼자가 좋지만 연애는 하고 싶은두 남녀의 싱글 라이프가 시작된다!"
1000307,원더풀 고스트,351,3720931600,450374,2018,20180926,97,12세관람가,81.0,23320,7.98,229,"“이거 뭐야! 매직이야?”남의 일에는 1도 관심 없는 유도 관장 ‘장수’(마동석)에게 의욕과다 경찰 출신 고스트 ‘태진’(김영광)이 보이기 시작한다. 안 들리는 척, 안 보이는 척해도 ‘장수’의 뒤만 졸졸 쫓아다니며 ‘태진’은 자신과 함께 이 동네에서 일어나는 사건을 함께 수사할 것을 부탁하는데…귀찮은 고스트와 ‘장수’의 귀신착붙 범죄 코미디가 온다!"
1000308,이웃사촌,1363,3709121750,431559,2018,20201125,130,12세관람가,89.0,11158,8.3,243,"적인가, 이웃인가? 낮에는 친근한 이웃집 vs 밤에는 수상한 도청팀백수가장 좌천위기 도청팀장 대권(정우)은 팀원들과 함께 해외에서 입국하자마자 자택 격리된 정치인 가족을 24시간 감시하라는 미션을 받는다.이웃집으로 위장 이사온 도청팀원들은 라디오 사연 신청부터 한밤중에 나는 부스럭 소리까지 수상한 가족들의 모든 소리와 행동을 감시하면서 새로운 비밀들을 하나씩 발견하게 되는데…담벼락 사이 수상한 이웃사촌들 웃고 울리는 비밀 소통작전이 펼쳐진다!"
1000309,순수의 시대,546,3702353828,465492,2014,20150305,113,19세관람가(청소년관람불가),56.0,9855,6.39,430,"'붉은 피 속에 태어난 새로운 왕국. 조선의 주인은 누구인가'  1398년, 태조 이성계는 제 손에 피를 묻혀 개국을 일군 왕자 이방원(장혁)이 아닌 어린 막내 아들을 정도전의 비호 하에 세자로 책봉하고, 왕좌와 권력을 둘러 싼 핏빛 싸움이 예고된다. 한편, 정도전의 사위이자 태조의 사위 진(강하늘)을 아들로 둔 장군 김민재(신하균)는 북의 여진족과 남의 왜구로부터 끊임없이 위태로운 조선의 국경선을 지켜낸 공로로 군 총사령관이 된다.    '왕좌와 권력을 향한 야망의 조선, 그 뒤에 숨은 순수의 시대'  왕이 될 수 없었던 왕자 이방원, 여진족 어미 소생으로 정도전의 개로 불린 민재와 그의 친자가 아니라는 비밀 속에 쾌락만을 쫓는 부마 진. 민재는 어미를 닮은 모습의 기녀 가희(강한나)에게서 난생 처음 지키고 싶은 제 것을 발견한다. 하지만 그의 최초의 반역, 야망의 시대를 거스르는 그의 순수는 난세의 한 가운데 선 세 남자와 막 태어난 왕국 조선의 운명을 바꿀 피 바람을 불러온다."
1000310,마담 뺑덕,536,3685882590,465749,2014,20141002,111,19세관람가(청소년관람불가),53.0,7719,6.53,547,"8년 전, 처녀 덕이 그리고 학규. 욕망에 눈멀다 불미스러운 오해에 휘말려, 지방 소도시 문화센터의 문학 강사로 내려온 교수 학규(정우성)는 퇴락한 놀이공원의 매표소 직원으로, 고여있는 일상에 신물 난 처녀 덕이(이솜)와 걷잡을 수 없는 사랑에 빠진다. 그러나 학규는 복직이 되자마자 서울로 돌아가고 덕이는 버림 받는다.8년 후, 악녀 덕이. 학규와 그의 딸 청이 사이를 파고들다 8년 후, 학규는 작가로 명성을 얻지만 딸 청이(박소영)는 엄마의 자살이 아버지 탓이라 여기며 반항하고, 학규는 눈이 멀어져 가는 병까지 걸린다. 모든 것을 잃을 위기에 처한 학규의 앞 집으로 이사 온 여자 세정. 눈이 거의 보이지 않는 학규가 세정이 8년 전 덕이라는 걸 모른 채 그녀에게 의지하는 사이, 청이 또한 그녀에게 집착하게 된다.덕이와 학규, 그리고 청이. 집착에 눈뜨다 덕이 없이 아무것도 못하게 된 학규, 그리고 두 사람 사이를 눈치채고 위험한 질투를 시작하는 청이. 세 사람의 위태로운 관계의 한 가운데, 마침내 주도권을 쥔 덕이는 학규의 모든 것을 망가뜨리려고 하는데…"
1000311,늘봄가든,875,3664813577,380376,2024,20240821,90,15세이상관람가,65.0,3654,5.82,123,"대한민국 3대 흉가곤지암 정신병원, 경북 영덕횟집, 그리고 충북 제천의 늘봄가든소희는 언니 혜란의 만류에도 불구하고, 남편의 유일한 유산인 한적한 시골의 저택 ‘늘봄가든’으로 이사를 간다.그곳을 방문한 후 그들은 이유를 알 수 없는 기이하고 섬뜩한 일들을 겪게 되는데…당장 그 집에서 나와!늘봄가든 괴담의 실체를 밝힐 진짜 공포가 시작된다!"
1000312,비와 당신의 이야기,957,3634766350,398580,2020,20210428,117,전체관람가,89.0,6306,,,"“이건 기다림에 관한 이야기다  뚜렷한 꿈도 목표도 없이 지루한 삼수 생활을 이어가던 ‘영호'(강하늘), 오랫동안 간직해온 기억 속 친구를 떠올리고 무작정 편지를 보낸다. 자신의 꿈은 찾지 못한 채 엄마와 함께 오래된 책방을 운영하는 ‘소희'(천우희)는 언니 ‘소연’에게 도착한 ‘영호'의 편지를 받게 된다. “몇 가지 규칙만 지켜줬으면 좋겠어.질문하지 않기, 만나자고 하기 없기 그리고 찾아오지 않기.” ‘소희'는 아픈 언니를 대신해 답장을 보내고 두 사람은 편지를 이어나간다.우연히 시작된 편지는 무채색이던 두 사람의 일상을 설렘과 기다림으로 물들이기 시작하고, ‘영호'는 12월 31일 비가 오면 만나자는 가능성이 낮은 제안을 하게 되는데..."
1000313,서복,1382,3627302450,385284,2020,20210415,114,15세관람가,79.0,10370,8.17,287,"인류 최초의 복제인간 ‘서복’그와의 특별한 동행이 시작된다!과거 트라우마를 안겨준 사건으로 인해 외부와 단절된 삶을 살아가고 있는 전직 요원 ‘기헌’은 정보국으로부터 거절할 수 없는 마지막 제안을 받는다.줄기세포 복제와 유전자 조작을 통해 만들어진 실험체 ‘서복’을 안전하게 이동시키는 일을 맡게 된 것.하지만 임무 수행과 동시에 예기치 못한 공격을 받게 되고, 가까스로 빠져나온 ‘기헌’과 ‘서복‘은 둘만의 특별한 동행을 시작하게 된다.실험실 밖 세상을 처음 만나 모든 것이 신기하기만 한 ‘서복‘과 생애 마지막 임무를 서둘러 마무리 짓고 싶은 ‘기헌’은 가는 곳마다 사사건건 부딪친다.한편, 인류의 구원이자 재앙이 될 수도 있는 ‘서복’을 차지하기 위해 나선 여러 집단의 추적은 점점 거세지고 이들은 결국 피할 수 없는 선택을 하게 되는데…"
1000314,계춘할망,526,3589317348,480987,2016,20160519,120,15세관람가,95.0,8572,8.63,845,"12년만에 잃어버린 손녀를 기적적으로 찾은 해녀 계춘손녀 혜지와 예전처럼 단둘이 제주도 집에서 함께 살면서 서로에게 적응해간다.그러나, 아침부터 밤까지 오로지 손녀 생각만 가득한 계춘과 달리도통 그 속을 알 수 없는 다 커버린 손녀 혜지.어딘가 수상한 혜지에 대한 마을 사람들의 의심이 커져가는 가운데혜지는 서울로 미술경연대회를 갔다가 사라진다.12년만에 혜지가 할망을 찾아온 진짜 이유는 무엇일까? 할머니와 떨어져있던 시간 동안 혜지에게 무슨 일이 있었던 걸까?"
1000315,위험한 상견례 2,429,3575384754,472693,2014,20150429,118,15세관람가,,,7.77,535,"“어디 내 딸을... 언감생심!  그래, 네가 대한민국 경찰만 돼봐~ 아예 결혼을 허락해주마!”은퇴를 앞둔 강력반 형사 아빠, 과학수사팀 리더 큰 언니, 경찰대학 교수 형부, 강력반 형사 둘째 언니, 온 가족이 경찰공무원인 집안의 막내, 전직 국가대표 펜싱선수이자 강남경찰서 마약 3팀 팀장 영희.… 7년 째 경찰고시생 남친 뒷바라지 중.古(고)문화재 전문털이범 아빠, 각종 문서 위조 전문가 엄마 온 가족이 지명수배자인 집안의 귀한 외아들로 천재적 범죄성의 강점만을 물려받은 철수.… 7년 째 경찰공무원 시험 준비 중.공직생활 동안 평생 쫓던 지명수배자의 아들은 사위로는 절대 안돼! VS 철두철미한 방해공작(?)! 내 자식을 절대 경찰이 되게 할 수 없어! 4월, 뼈대부터 너~무 다른 두 집안의 피할 수 없는 대결이 시작된다!"
1000316,소리도 없이,1084,3558023900,403326,2019,20201015,99,15세관람가,78.0,10635,7.8,248,"계획에 없던 유괴범이 되다!범죄조직의 하청을 받아 근면성실하고 프로페셔널하게 시체 수습을 하며 살아가는 ‘태인’과 ‘창복’.어느 날 단골이었던 범죄조직의 실장 ‘용석’에게 부탁을 받고 유괴된 11살 아이 ‘초희’를 억지로 떠맡게 된다.그런데 다음 날 다시 아이를 돌려주려던 두 사람 앞에 '용석'이 시체로 나타나고, 두 사람은 예기치 못한 사건에 휘말리게 되는데…"
1000317,소녀괴담,455,3546340054,480528,2014,20140703,90,15세관람가,51.0,3291,3.5,42,"모두가 알지만 아무도 말하지 않는 비밀…!귀신을 보는 특별한 능력을 가졌지만 어린 시절 죽은 친구를 본 기억으로 고향을 떠나 늘 외톨이로 지내온 소년 인수(강하늘). 외로움에 지쳐 다시 퇴마사 삼촌 선일(김정태)이 있는 시골집으로 돌아오지만, 인수를 괴롭히는 초등학교 동창 해철(박두식) 때문에 전학 온 학교 생활도 순탄치 않다.그러던 어느 날, 기억을 잃고 학교를 맴도는 또래의 소녀귀신(김소은)을 만난 인수는 조금은 특별한 그녀와의 우정을 쌓으면서 점차 마음을 열게 되고, 저주라고 생각했던 자신의 능력에 대해서도 조금씩 받아들이게 된다.한편, 학교에서는 정체불명의 핏빛 마스크 괴담이 떠도는 가운데 반 친구들이 하나둘씩 사라지는 의문의 실종사건이 발생한다. 사건을 쫓던 인수는 소녀귀신조차 두려워 하는 괴담 속 마스크 귀신과 그녀의 관계에 얽힌 끔찍한 비밀을 점차 알아가기 시작하는데..."
1000318,뽀로로 극장판 슈퍼스타 대모험,850,3532753203,387485,2023,20231213,78,전체관람가,98.0,2085,8.63,81,"뽀로로와 친구들은 전 우주를 통틀어 최고의 슈퍼스타를 뽑는 음악 축제 ‘파랑돌 슈퍼스타 선발대회’에 참가하기 위해 모험을 떠난다.파랑돌 행성에 불시착한 뽀로로와 친구들 앞에 나타난 열정 가득한 매니저 ‘스캣’의 도움으로 ‘뽀로로 밴드’는 가까스로 설레는 예선 무대에 오른다.한편, 악당 ‘빅벤’은 ‘스캣’과의 경쟁에서 이기기 위해 모든 것이 완벽한 AI 아이돌 ‘아이원’을 앞세워 대회에 참가하지만 ‘뽀로로 밴드’의 예상치 못한 인기에 위기감을 느껴 급기야 방해 공작을 벌이게 되고, 뽀로로와 친구들은 마지막 공연을 앞두고 갑작스러운 위기를 맞이하는데…12월, 노는 게 제일 좋은 뽀로로 밴드의 아주 특별한 모험이 시작된다!"
1000319,"로봇, 소리",609,3519595560,476665,2015,20160127,117,12세관람가,89.0,8443,8.25,888,"10년전 실종된 딸, 포기하려는 순간 녀석이 나타났다!2003년 대구, 해관(이성민)의 하나뿐인 딸 유주가 실종되는 사건이 벌어진다. 아무런 증거도 단서도 없이 사라진 딸의 흔적을 찾기 위해 해관은 10년 동안 전국을 찾아 헤맨다. 모두가 이제 그만 포기하라며 해관을 말리던 그때, 세상의 모든 소리를 기억하는 로봇 ‘소리’를 만난다.“미친 소리 같겠지만, 이 녀석이 내 딸을 찾아줄 것 같습니다.”해관은 목소리를 통해 대상의 위치를 추적할 수 있는 로봇의 특별한 능력을 감지하고 딸 유주를 찾기 위해 동행에 나선다. 사라진 딸을 찾을 수 있다는 마지막 희망을 안고 ‘소리’가 기억해내는 유주의 흔적에 한 걸음씩 가까워지는 둘. 한편, 사라진 로봇을 찾기 위해 해관과 ‘소리’를 향한 무리들의 감시망 역시 빠르게 조여오기 시작하는데… 과연 그들은 사라진 딸 유주를 찾을 수 있을까?2016년 가장 희망적인 ‘소리’를 만난다!"
1000320,도그데이즈,847,3478441608,357393,2023,20240207,120,12세관람가,96.0,7846,7.72,427,"깔끔한 성격의 계획형 싱글남 ‘민상’(유해진).영끌까지 모아 산 건물을 개똥밭으로 만드는 세입자 수의사 ‘진영’(김서형) 때문에 매일 머리가 아프다.오늘도 ‘진영’과 티격태격하던 ‘민상’은 동물병원에서 한 성격하는 할머니를 만나는데, 다름 아닌 세계적 건축가 ‘민서’(윤여정)!진행 중인 프로젝트를 위해 ‘민서’의 도움이 절실한 ‘민상’은 ‘민서’에게 잘 보이기 위해 ‘진영’과 그녀의 반려견 ‘차장님’을 공략하기 시작한다.갑자기 길에서 쓰러지게 되며 유일한 가족인 반려견 ‘완다’를 잃어 버리고만 ‘민서’.동네에 살고 있는 케이팝 작곡가 ‘선용’(정성화)과 ‘정아’(김윤진) 가족이 완다를 보살피고 있다는 사실을 모르는 ‘민서’는 자신을 구해준 MZ 배달 라이더 ‘진우’(탕준상)와 함께 완다를 찾아 나선다.한편 ‘선용’의 후배인 밴드 리더 ‘현’(이현우)은 자리를 비운 여친의 반려견 ‘스팅’을 돌보던 중 스팅의 대디를 자청하며 나타난 여친의 전남친 ‘다니엘’(다니엘 헤니)의 등장에 기가 막힐 따름인데…!특별한 단짝 덕분에 엮이게 된 이들의 기분 좋은 갓생 스토리가 시작된다!"
1000321,또 하나의 약속,192,3470184400,489409,2013,20140206,115,12세관람가,94.0,8322,9.25,589,"상구는 택시를 몰면서도 딸을 생각할 때면 늘 웃음이 나왔다.  딸 윤미가 세계 굴지의 ‘진성 반도체’ 공장에 들어갔기 때문이다.  2년 후, 스무 살 꽃다운 아이 윤미는 백혈병에 걸려서 왔다. 막대한 병원비에 집안은 풍비박산이 났다. 왜 이런 불행이 왔는지…  딸 윤미는 자기 탓 인양 미안해했고 그럴수록 상구의 가슴은 아팠다.  그러던 어느 날, 상구는 윤미의 회사동료들도 희귀병에 걸렸다는 걸 알게 되는데…"
1000322,나를 잊지 말아요,559,3398915000,425799,2015,20160107,106,15세관람가,61.0,10015,6.72,678,"(Jeong Woo Sung) Suk-won, a successful lawyer who gets into a car crash and loses his memory. His firm tries to court him back to please a big client, but Suk-won is trying to piece his life back together. He then meets a mysterious woman (KIM Ha-neul) whom he is instantly drawn to. As their relationship develops, secrets and memories from his past begin to trickle out.||처음 본 여자가 나를 보고 울었다 교통사고 후, 지난 10년의 기억이 지워진 남자 ‘석원’(정우성).친구, 가족, 심지어 본인이 어떤 사람인지조차 흐릿해진 석원은 병원에서 우연히 자신을 보며 눈물을 흘리는 낯선 여자 ‘진영’(김하늘)을 만난다그녀에 대해 잘 알진 못하지만 진영과 함께하며 새로운 행복을 느끼는 석원.그 사람, 기억이 전부 돌아오면 그래도 날 찾을까? 스마트폰에 놀라고, 김연아, 류현진도 모르는 남자와 사랑에 빠진 ‘진영’.10년 전 과거에 머물러 있는 그와의 시간이 소중하고 행복하다. 하지만 시간이 멈춘 것 같은 행복함도 잠시, 석원에게 조금씩 과거의 기억이 되살아나고 지금의 행복이 깨어질까 두려운 진영은 흔들리기 시작하는데…기억을 찾고 싶은 남자와 기억을 감추고 싶은 여자2016 감성멜로  나를 잊지 말아요"
1000323,흥부: 글로 세상을 바꾼 자,627,3381050200,416303,2017,20180214,105,12세관람가,82.0,8281,6.88,358,"내가 쓴 흥부전 궁금하지 않소”아무도 몰랐던 형제, 흥부 - 놀부 양반들의 권력 다툼으로 백성들의 삶이 날로 피폐해져 가던 조선 헌종 14년. 붓 하나로 조선 팔도를 들썩이게 만든 천재작가 ‘흥부’는 어릴 적 홍경래의 난으로 헤어진 형 ‘놀부’를 찾기 위해 글로써 자신의 이름을 알리려 한다. 모두가 알고 있는 형제, 조혁 - 조항리 수소문 끝에 형의 소식을 알고 있다는 ‘조혁’을 만나게 된 ‘흥부’는 모 잃은 아이들을 돌보며 백성들의 정신적 지도자로 존경 받는 ‘조혁’을 통해 새로운 깨달음을 얻는다. 한편, 백성을 생각하는 동생 ‘조혁’과 달리 권세에 눈이 먼 형 ‘조항리’의 야욕을 목격한 ‘흥부’는 전혀 다른 이 두 형제의 이야기를 쓰기로 결심한다. 그렇게 탄생한 ‘흥부전’은 순식간에 조선 전역에 퍼져나가고, 를 지켜보던 ‘조항리’는 그를 이용해 조선을 삼킬 음모를 계획하는데…"
1000324,감쪽같은 그녀,761,3377895790,436257,2019,20191204,104,전체관람가,92.0,6736,8.86,202,"“초면에 실례하겠습니다~”72살 나 홀로 라이프를 즐기는 ‘말순’ 할매의 인생에 듣도 보도 못한 손녀(?)가 나타났다! 특기는 자수, 용돈 벌이는 그림 맞추기(?)동네를 주름잡으며 나 혼자 잘살고 있던 ‘말순’ 할매 앞에 다짜고짜 자신을 손녀라고 소개하는 열두 살 ‘공주’가 갓난 동생 ‘진주’까지 업고 찾아온다. “혼자 살다가 애들 손 타니까 죽겠네~” 외모, 성격, 취향까지 모든 것이 극과 극인 ‘말순’과 ‘공주’는 티격태격 하루도 조용할 날 없이 지내지만, 필요한 순간엔 든든한 내 편이 되어주며 서로에게 특별한 존재가 되어간다.하지만 ‘말순’은 시간이 갈수록 ‘공주’와의 동거생활이 아득하고 깜깜하게만 느껴지는데… 2019년 마지막 웃음과 감동을 선사할 ‘감쪽같은’ 그녀가 온다!"
1000325,"협녀, 칼의 기억",572,3360045489,431310,2013,20150813,121,15세관람가,51.0,8198,6.02,449,"민란이 끊이지 않던 고려 무신시대, 풍진삼협이라 불리며 상주 민란을 주도한 세 명의 검객, 존걸ㆍ설랑ㆍ덕기. 이들의 대의가 실현되는 순간, 덕기의 배신은 대사형 존걸을 죽음으로 몰고, 설랑은 덕기의 회유를 뿌리친 채 존걸의 검과 그의 딸 홍이를 데리고 사라진다.  너는, 아니 너와 나는 홍이 손에 죽는다.  라는 살인예고를 남긴 채. 18년 후, 벽란포구에 장님 월소(설랑)가 두 아이와 함께 찻집을 열게 된다. 월소는 복수를 다짐하며 홍이에게 검을 가르치나 어릴 적 아명을 버리고 설희라는 이름으로 살아가는 홍이는 아버지의 죽음보다 세상사에 관심이 더 많다. 그러던 어느 날, 벽란도 저잣거리에 무인집정 송유백(덕기)이 개최하는 무술대회가 열리고, 설희는 월소의 명을 어긴 채 무술대회에 뛰어든다. 그리고 그곳에서 승승장구하던 율을 만나 겨루게 된다. 덕기라는 과거의 이름을 버리고 최고 권력자의 자리에 오른 송유백은 설희의 초식에서 과거 동지이자 연인이었던 설랑을 읽어낸다. 설희를 잡으라 명하는 유백. 관군들의 추격 속에 대회장을 엉망으로 만든 채 사라진 설희. 그날 밤, 설희는 월소를 통해 아버지 존걸의 죽음에 얽힌 충격적인 비밀을 듣게 된다.  두 명의 원수가 있다고 했다. 하나는 오늘 처음으로 너를 보았고, 다른 하나는 오랫동안 너를 보아왔다. 오늘 대회를 연 유백이 그 하나고, 다른 하나는 바로 나 설랑이다.  절망 속에 길을 떠나는 설희. 설희의 복수를 향한 긴 여정이 시작된다."
1000326,리얼,970,3357312530,470105,2017,20170628,138,19세관람가(청소년관람불가),38.0,13303,4.45,649,"아시아 최대 규모의 카지노를 둘러싼 거대한 음모와 전쟁 나와 똑같이 생긴 놈이 나타났다 카지노 ‘시에스타’ 오픈을 앞둔 조직의 보스 장태영(김수현) 앞에 암흑가 대부 조원근(성동일)이 카지노의 소유권을 주장하며 나타난다. 조원근의 개입으로 카지노를 빼앗길 위기에 처한 장태영은 자금 문제를 해결하기 위해 투자자를 찾아 나선다. 어느 날, 이름뿐만 아니라 생김새마저 똑같은 의문의 투자자(김수현)가 나타나 자금은 물론 조원근까지 해결해주겠다는 제안을 한다. 의문의 투자자의 등장으로 조원근과 카지노를 차지하기 위한 전쟁이 시작되고 이들을 둘러 싼 거대한 비밀과 음모의 정체가 서서히 드러난다.오직 진짜만이 모든 것을 갖는다!"
1000327,오피스,425,3354086230,428429,2014,20150903,109,15세관람가,63.0,7871,7.07,458,"가족을 살해하고 그가 돌아온 이 곳… 그들에게 알 수 없는 불안감이 엄습해온다! 어느 날 한 가족의 가장이자 착실한 회사원인 김병국 과장이 일가족을 살해하고 사라졌다. 이에 형사 종훈은 그의 회사 동료들을 상대로 수사를 시작하지만 모두들 말을 아끼고, 특히 김과장과 사이가 좋았다는 이미례 인턴은 무언가를 숨기고 있는 눈치다. 게다가 종훈은 김과장이 사건 직후 회사에 들어온 CCTV 화면을 확보하지만, 그가 회사를 떠난 화면은 어디에도 없어 사건은 미궁으로 빠진다. 한편, 김과장이 아직 잡히지 않았다는 사실에 동료들은 불안에 떠는 가운데, 이들에게 의문의 사건들이 계속 일어나는데…"
1000328,반드시 잡는다,565,3324033772,446379,2017,20171129,110,15세관람가,89.0,12736,8.12,582,"오늘 또 한 명이 죽었다! 30년 전 해결되지 못한 장기 미제사건과 동일한 수법으로 또 다시 살인이 시작된다.동네를 꿰뚫고 있는 터줏대감 ‘심덕수(백윤식)’는 사건을 잘 아는 전직 형사 ‘박평달(성동일)’과 의기투합해 범인을 잡으려 하는데…11월 29일, 발보다 빠른 촉과 감으로 반드시 놈을 잡아라!"
1000329,원라인,613,3310122433,433825,2016,20170329,132,15세관람가,93.0,11245,8.67,917,"은행 돈, 필요하세요?우리 대본대로 하면 돈 나옵니다!평범했던 대학생 ‘민재’는 모든 걸 속여 은행 돈을 빼내는,일명 ‘작업 대출’계 전설의 베테랑 ‘장 과장’을 만나 업계의 샛별로 거듭난다.환상의 케미를 자랑하며 돈이란 돈은 모두 쓸어 담던 5인의 신종 범죄 사기단!그러나, 결코 서로를 믿을 수 없는 사기꾼들은 서서히 다른 속내를 드러내는데…진짜 사기꾼들의 짜릿한 세계!신종 범죄 사기극이 펼쳐진다!"
1000330,뽀로로 극장판 컴퓨터 왕국 대모험,544,3290582700,445014,2015,20151210,60,전체관람가,93.0,2886,8.82,2264,"One day , Pororo and Crong enter a video game  Golden wing adventure  In the cyber space , Pororo and Crong met 'Prince ChiChi  and agreed to find Golden wing to save Princess On the other hand, Pororo's friends were captured by SPIDER KING   Will Pororo save the Princess and his friends and escape from Cyber space ?"
1000331,넛잡: 땅콩 도둑들,382,3280608100,478392,2014,20140129,86,전체관람가,88.0,2396,7.33,394,"도심 속 공원의 말썽쟁이 다람쥐 설리!  그만 나타나면 모든 일이 엉망이 되는 바람에 공원에 사는 동물들은 항상 걱정투성이다.  아니나 다를까, 공원에 사는 모든 동물들의 겨울나기 식량창고인 떡갈나무를 홀랑 태워먹는 설리.  제대로 된 재판도 없이 통솔자 라쿤의 주도 아래 공원식구들의 만장일치로 설리는 결국 공원에서 추방을 당하고,  그의 곁엔 마음 착한 생쥐 친구 버디만 남는다.    주린 배를 채우기 위해 식량을 찾아 떠나는 설리와 버디.  평온했던 공원과는 달리 텃세 심한 도심에는 여기저기 위험이 도사리고 있는데…  온갖 우여곡절 끝에 절망만이 남았다고 생각하던 바로 그 순간,  기적처럼 설리와 버디 앞에 짠~하고 나타난 땅콩가게! 보기만 해도 맛깔스런 땅콩이 수북수북!  설리와 버디는 땅콩가게를 털기로 결심한다.    한편, 먹을 거리가 없어진 공원식구들을 위해  라쿤은 여장부 앤디와 호기로운 그레이슨에게 식량을 구해올 것을 지시한다.  사명감을 가지고 도심으로 나선 그들이 도착한 곳은  다름 아닌 설리와 버디가 잠입한 바로 그 땅콩가게인데!?    그.러.나! 그 땅콩가게에는 숨겨진 비밀이 있으니…  그곳은 바로 은행털이 강도범들의 위장 은신처였던 것!  설리 버디 vs 앤디 그레이슨이 땅콩을 놓고 아웅다웅 하는 사이,  더 큰 위험이 그들에게 다가오는데!    설리와 친구들이 땅콩을 훔치기 위해 펼치는 좌충우돌 고군분투 스토리!  과연 그들은 땅콩을 차지해 올 겨울을 따뜻하게 보낼 수 있을까?"
1000332,무뢰한,482,3262087431,414626,2014,20150527,118,19세관람가(청소년관람불가),68.0,11630,7.33,453,"형사, 살인자의 여자를 만나다. 범인을 잡기 위해선 어떤 수단이든 다 쓸 수 있는 형사 정재곤(김남길 扮). 그는 사람을 죽이고 잠적한 박준길(박성웅 扮)을 쫓고 있다. 그를 잡을 수 있는 유일한 실마리는 박준길의 애인인 김혜경(전도연 扮). 재곤은 정체를 숨긴 채 혜경이 일하고 있는 단란주점 마카오의 영업상무로 들어간다. 하지만, 재곤은 준길을 잡기 위해 혜경 곁에 머무는 사이 퇴폐적이고 강해 보이는 술집 여자의 외면 뒤에 자리한 혜경의 외로움과 눈물, 순수함을 느낀다. 오직 범인을 잡는다는 목표에 중독되어 있었던 그는 자기 감정의 정체도 모른 채 마음이 흔들린다. 그리고 언제 연락이 올 지도 모르는 준길을 기다리던 혜경은, 자기 옆에 있어주는 그에게 마음을 열기 시작한다."
1000333,좋은 친구들,371,3201527031,404456,2014,20140710,114,19세관람가(청소년관람불가),0.0,54,7.51,309,"우리 어쩌다 여기까지 온 걸까 의리와 의심 끝에 선 세 남자걷잡을 수 없이 뒤틀려버린 친구들의 이야기세상에 둘도 없는 우정을 나눈 세 남자 현태, 인철, 민수거액의 현금이 사라진 강도화재사건으로현태의 가족이 죽고 사건은 미궁에 빠진다.수사 과정도 경찰도 의심스러운 현태는 사건을 집요하게 파헤치기 시작하고인철과 민수에게 도움을 청한다.그러나, 그가 유일하게 믿었던 친구들 마저 의심스러워 지는데……"
1000334,탄생,670,3188993816,356177,2022,20221130,151,12세관람가,90.0,6294,8.13,308,"1845년, 조선 근대의 문을 열다!새로운 세상을 꿈꾼 청년 김대건의 위대한 모험호기심 많고 말보다 행동이 앞서는 청년 김대건.조선 최초의 신부가 되라는 운명을 기꺼이 받아들이고, 신학생 동기 최양업, 최방제와 함께 마카오 유학길에 나선다.나라 안팎으로 외세의 침략이 계속되고 아편전쟁이 끝나지 않은 시기, 김대건은 바다와 육지를 종횡무진 누비며 마침내 조선 근대의 길을 열어젖힌다!"
1000335,강릉,761,3175724270,306809,2021,20211110,119,19세관람가(청소년관람불가),73.0,5606,6.62,289,"강릉 최대 조직의 ‘길석’평화와 의리를 중요시하며 질서 있게 살아가던 그의 앞에 강릉 최대 리조트 소유권을 노린 남자 ‘민석’이 나타난다첫 만남부터 서늘한 분위기가 감도는 둘,‘민석’이 자신의 목표를 위해 본격적으로 움직이기 시작하면서 두 조직 사이에는 겉잡을 수 없는 전쟁이 시작되는데..거친 운명 앞에 놓인 두 남자11월, 그들의 이야기가 시작된다"
1000336,극장판 공룡메카드: 타이니소어의 섬,763,3140214420,410131,2018,20190110,70,전체관람가,97.0,3236,9.17,1630,"타이니소어로 가득한 환상의 섬에서 펼쳐지는 뜨거운 우정 이야기가 시작된다!머나먼 옛날, 소행성 충돌로 인해 지구의 공룡들이 모두 사라지고사람들에게 알려지지 않은 어느 작은 섬에서 공룡들은 아주 작은 모습의 타이니소어로 탄생한다. 씩씩한 트리케라, 장난꾸러기 티라노, 잠꾸러기 스테고 등 타이니소어 친구들이 도토리 축구를 하며 즐거운 나날을 보내고 있던 중, 수상한 악당들이 나타나 평화로운 ‘타이니소어의 섬’을 위협하기 시작하는데… 타이니소어들을 노리는 수상한 눈빛의 정체는? 과연 이들은 위기에 처한 지상 낙원 ‘타이니소어의 섬’을 지켜낼 수 있을까?"
1000337,넛잡 2,526,3038945100,407727,2017,20171003,91,전체관람가,96.0,3887,8.62,605,"‘리버티 공원’을 지키기 위한오크톤 동물들의 지상최대 연합작전이 시작된다!땅콩 털이에 성공 후 여유로운 삶을 즐기던 ‘설리’와 공원 친구들! 어느 날 갑자기, 영원할 것만 같던 땅콩 가게가 폭발하고, ‘설리’와 친구들은 어쩔 수 없이 ‘리버티 공원’으로 돌아가게 되지만 이마저도 악덕 시장의 놀이공원 건설 계획으로 파괴될 위기에 처한다. 더 이상 물러날 곳이 없는 ‘설리’와 친구들! 과연 악덕 시장에 맞서 공원을 지킬 수 있을까?"
1000338,내일의 기억,957,3026073660,332993,2019,20210421,99,15세관람가,53.0,65,8.73,235,"깨어난 후, 다른 사람의 미래가 보이기 시작했다사고로 기억을 잃은 채 깨어난 수진 옆엔 자상한 남편 지훈이 그녀를 세심하게 돌봐주고 있다.그리고 집에 돌아온 후, 마주친 이웃들의 위험한 미래가 보이기 시작하자 수진은 혼란에 빠진다.그러던 어느 날 길에서 만난 옛 직장 동료는 수진을 걱정하며 지훈에 대한 믿기 힘든 소리를 하고, 때마침 발견한 사진에서 사진 속 남편 자리엔 지훈이 아닌 다른 남자가 있다.설상가상 수진은 알 수 없는 남자가 자신을 위협하는 환영에 시달리는데……"
1000339,자산어보,1250,3006620490,340574,2019,20210331,126,12세관람가,98.0,10233,8.97,343,"“이 양반은 대역 죄인이니 너무 잘해줄 생각들 말어”순조 1년, 신유박해로 세상의 끝 흑산도로 유배된 ‘정약전’.호기심 많은 '정약전'은 그 곳에서 바다 생물에 매료되어 책을 쓰기로 한다. 이에 바다를 훤히 알고 있는 청년 어부 ‘창대’에게 도움을 구하지만 ‘창대’는 죄인을 도울 수 없다며 단칼에 거절한다.“내가 아는 지식과 너의 물고기 지식을 바꾸자 ‘창대’가 혼자 글 공부를 하며 어려움을 겪고 있다는 것을 알게 된 ‘정약전’은 서로의 지식을 거래하자고 제안하고 거래라는 말에 ‘창대’는 못 이기는 척 받아들인다. 둘은 티격태격하면서도 점차 서로의 스승이자 벗이 되어 간다. 너 공부해서 출세하고 싶지? 그러던 중 '창대'가 출세하기 위해 공부에 매진했다는 사실을 알게 된 '정약전'은 크게 실망한다.‘창대’ 역시 '정약전'과는 길이 다르다는 것을 깨닫고 '정약전'의 곁을 떠나 세상 밖으로 나가고자 결심하는데..."
1000340,거미집,1058,3003379576,313686,2022,20230927,132,15세관람가,84.0,9408,7.56,1103,"“결말만 바꾸면 걸작이 된다, 딱 이틀이면 돼!” 1970년대 꿈도 예술도 검열당하던 시대성공적이었던 데뷔작 이후, 악평과 조롱에 시달리던 김감독(송강호)은 촬영이 끝난 영화 ‘거미집’의 새로운 결말에 대한 영감을 주는 꿈을 며칠째 꾸고 있다.그대로만 찍으면 틀림없이 걸작이 된다는 예감, 그는 딱 이틀 간의 추가 촬영을 꿈꾼다.그러나 대본은 심의에 걸리고, 제작자 백회장(장영남)은 촬영을 반대한다.제작사 후계자인 신미도(전여빈)를 설득한 김감독은 베테랑 배우 이민자(임수정), 톱스타 강호세(오정세), 떠오르는 스타 한유림(정수정)까지 불러 모아 촬영을 강행하지만, 스케줄 꼬인 배우들은 불만투성이다.설상가상 출장 갔던 제작자와 검열 담당자까지 들이닥치면서 현장은 아수라장이 되는데…과연 ‘거미집’은 세기의 걸작으로 완성될 수 있을까?"
1000341,보통사람,621,2956397623,383336,2017,20170323,122,15세관람가,91.0,8688,8.49,665,"평범하지 않았던 시대,평범하게 살고 싶었던 보통사람들의 특별한 이야기가 시작된다!열심히 범인 잡아 국가에 충성하는 강력계 형사이자 사랑하는 아내(라미란), 아들과 함께 2층 양옥집에서 번듯하게 살아보는 것이 소원인 평범한 가장 성진(손현주). 그날도 불철주야 범인 검거에 나섰던 성진은 우연히 검거한 수상한 용의자 태성(조달환)이 대한민국 최초의 연쇄살인범일 수도 있다는 정황을 포착하게 되고, 이로 인해 안기부 실장 규남(장혁)이 주도하는 은밀한 공작에 자신도 모르는 사이 깊숙이 가담하게 된다.한편, 성진과는 가족과도 같은 막역한 사이인 자유일보 기자 재진(김상호)은 취재 중 이 사건의 수상한 낌새를 눈치채고 성진에게 이쯤에서 손을 떼는 것이 좋겠다고 말하지만, 다리가 불편한 아들의 수술을 약속 받은 성진은 규남의 불편한 제안을 받아들이고 만다. 아버지로서 할 수 밖에 없었던 선택, 이것이 도리어 성진과 가족들을 더욱 위험에 빠트리고 그의 삶을 송두리째 흔들기 시작하는데…"
1000342,나의 독재자,654,2906692546,385934,2014,20141030,127,15세관람가,56.0,4781,7.42,216,"최초의 남북정상회담을 앞두고,무명 배우 ‘성근’(설경구)은 회담 리허설을 위한 김일성의 대역 오디션에 합격한다. 생애 첫 주인공의 역할에 말투부터 제스처 하나까지 필사적으로 몰입하는 성근. 결국 남북정상회담은 무산되지만, 그는 김일성 역에서 빠져 나오지 못한다. 그로부터 20여년 후 스스로를 여전히 김일성이라 믿는 아버지 성근 때문에 미치기 직전인 아들 ‘태식’(박해일). 빚 청산을 위해 어쩔 수 없이 아버지를 다시 옛집으로 모셔온 태식은 독재자 수령동지(?)와 조용할 날 없는 하루하루를 보내는데...! 대한민국 한복판,김일성이 되어버린 아버지와 인생 꼬여버린 아들 그들의 기막힌 동거가 시작된다!"
1000343,브링 더 소울 : 더 무비,569,2902500310,336074,2019,20190807,103,전체관람가,98.0,8753,9.68,308,"서울을 시작으로 북미와 유럽까지 LOVE YOURSELF 투어를 마친 방탄소년단!전세계의 팬들과 함께 호흡하고 열광했던 유럽에서의 콘서트가 파리를 마지막으로 끝났다.그리고 모든 긴장이 풀어진 다음날, 파리의 작은 루프탑 테이블에서 멤버와 팬들에게 하지 못했던 그들만의 이야기를 나누는 작은 뒷풀이가 시작된다. 방탄소년단의 솔직담백한 이야기를 한 테이블에 둘러 앉아 들을 수 있는 설레임 가득한 시간이 펼쳐진다."
1000344,소수의견,398,2891431205,383332,2013,20150624,126,15세관람가,90.0,10856,8.71,422,"“피고는 경찰이 아들을 죽였다고 하고, 검사는 철거용역이라고 한다  원고 국민, 피고 대한민국을 상대로 진실을 묻다!” 지방대 출신, 학벌 후지고, 경력도 후진 2년차 국선변호사 윤진원(윤계상). 강제철거 현장에서 열여섯 살 아들을 잃고, 경찰을 죽인 현행범으로 체포된 철거민 박재호(이경영)의 변론을 맡게 된다. 그러나 구치소에서 만난 박재호는 아들을 죽인 건 철거깡패가 아니라 경찰이라며 정당방위에 의한 무죄를 주장한다. 변호인에게도 완벽하게 차단된 경찰 기록, 사건을 조작하고 은폐하려는 듯한 검찰, 유독 이 사건에 관심을 갖고 접근해오는 신문기자 수경(김옥빈). 진원은 단순한 살인 사건이 아님을 직감하고, 선배인 이혼전문 변호사 대석(유해진)에게 사건을 함께 파헤칠 것을 제안한다. 경찰 작전 중에 벌어진, 국가가 책임져야 할 살인사건, 진압 중에 박재호의 아들을 죽인 국가에게 잘못을 인정 받기 위해 진원과 대석은, 국민참여재판 및 ‘100원 국가배상청구소송’이라는 과감한 선택을 하는데…"
1000345,대장 김창수,748,2871905115,380581,2017,20171019,115,12세관람가,93.0,10967,8.45,461,"“나는 그 날 짐승 한 마리를 죽였을 뿐이다”1896년 황해도 치하포, 청년 김창수가 일본인을 죽이고 체포된다. 그는 재판장에서 국모의 원수를 갚았을 뿐이라고 소리치지만 결국 사형 선고를 받고 인천 감옥소에 수감된다. 일본의 편에 선 감옥소장 강형식은 자신에게 굴복하지 않는 김창수를 갖은 고문으로 괴롭히고 죄수들마저 김창수에게 등을 돌린다.하지만 그 곳은 그에게만 지옥이 아니었다. 못 배우고, 못 가졌다는 이유로 재판조차 받지 못한 채 억울한 옥살이를 하는 조선인들을 보며 김창수는 조금씩 현실에 눈을 뜨게 되고, 변화를 꿈꾸기 시작한다.천하고 평범한 청년이 대장 김창수로 거듭나기까지그의 모든 것을 바꿔놓은 625일의 이야기!"
1000346,웅남이,829,2867713071,314152,2023,20230322,97,15세관람가,74.0,9677,7.44,370,"태초에 마늘과 쑥을 100일 동안 먹고, 곰에서 사람이 된 최초의 인물이 있었으니그 이름 웅녀… 아니 웅남이??!!인간을 초월한 능력을 가졌지만 얼마 남지 않은 곰의 수명을 우연히 알게 된 충격에 경찰을 그만두고 빈둥빈둥 곰생인생을 살게 된다.하지만 자신과 머리부터 발끝까지 똑같이 생긴 테러 조직의 2인자가 있다는 사실을 알게 되고, 엄마의 소원인 경찰 복귀를 위해 형사, 구독자 10명의 유튜버, 동네 순경과 공조하여 국제 범죄 조직을 소탕하는 공조 수사대에 합류하게 되는데…"
1000347,내 심장을 쏴라,452,2856859132,387409,2014,20150128,101,15세관람가,61.0,6364,8.01,365,"경험이 말한다! “이 녀석은 피하라고!”  어린 시절의 트라우마 때문에 6년째 병원을 제집처럼 드나든, 누구보다 성실한 모범환자 ‘수명’.  하지만 움직이는 시한폭탄 ‘승민’과 엮이면서 그의 평화로운 병원라이프가 흔들리기 시작한다.    본능이 말한다! “이 녀석, 재미있겠다고!”  이유도 없이 강제로 병원에 갇히게 된 ‘승민’. 어떻게든 이 곳을 나가야만 하는 그는  같은 방 동기이자 동갑내기인 ‘수명’을 꼬드겨 탈출을 감행한다.    세상을 상대하러 나선 놈들!  모든 것을 내던진 청춘들의 위험한 탈출이 시작된다!"
1000348,석조저택 살인사건,539,2815742886,351830,2017,20170509,109,15세관람가,83.0,9851,8.19,691,"1947년 경성, 거대한 석조저택에서 두 남자가 마주한다.그리고 울린 여섯 발의 총성.최초 신고자의 전화를 받고 경찰이 출동하고, 운전수 ‘최승만’을 살해한 혐의로 경성 최고의 재력가 ‘남도진’이 체포된다. 하지만 현장에 남은 건 사체를 태운 흔적과 핏자국, 그리고 잘려나간 손가락 뿐. 미스터리한 석조저택 살인사건을 사건을 두고 치열한 법정공방이 벌어지는데… 정체불명의 운전수 최승만(고수) 경성 최고의 재력가 남도진(김주혁) 사건을 무마하려는 변호사(문성근) 유죄를 입증하려는 검사(박성웅)치밀하게 계획되고 잔인하게 실행된 살인사건! 이 모든 것은 누군가가 설계한 속임수다!"
1000349,오! 문희,1110,2798758600,351162,2020,20200902,109,12세관람가,91.0,11356,9.15,314,"평화로운 금산 마을. 불같은 성격에 가족 사랑도 뜨거운 ‘두원’(이희준)에게 하나뿐인 딸 ‘보미’가 뺑소니 사고를 당했다는 청천벽력 같은 소식이 전해진다. 게다가 현장의 유일한 목격자는 기억이 깜빡깜빡하는 엄니 ‘문희’(나문희)와 왈왈 짖기만 하는 개 ‘앵자’뿐.경찰 수사에 진전이 없자 속이 타들어가는 ‘두원’. 하지만 예기치 못한 순간 엄니 ‘문희’가 뜻밖의 단서를 기억해내자 엄니와 함께 논두렁을 가르며 직접 뺑소니범을 찾아 나서기 시작하는데! 아무도 못 잡으면, 우리가 직접 잡는다!"
1000350,경성학교: 사라진 소녀들,489,2749027700,356342,2014,20150618,99,15세관람가,53.0,4982,6.46,575,"외부와 단절된 경성의 한 기숙학교.어릴 때부터 몸이 약했던 주란(박보영)이 계모 손에 이끌려 전학을 온다. 낯설고 고립된 학교에서 주눅이 든 주란은 좀처럼 학교에 적응하지 못하고, 친구들은 이유를 말해주지 않은 채 그녀를 외면한다. 그런 주란에게 다가와 주는 이는 오직 급장 연덕(박소담)과 교장(엄지원)뿐이었다. 연덕과 금세 가까워진 주란은 그녀와 함께 갈 수 있다는 생각에 우수학생만 갈 수 있는 도쿄 유학까지 꿈꾸게 된다. 그러던 어느 날 학생들이 하나 둘 이상 증세를 보이다 흔적도 없이 사라지기 시작한다. 주란은 사라진 소녀들을 목격하지만 아무도 그녀의 말을 믿어주지 않고, 교장도 아무 일 없었다는 듯 우수학생 선발에만 힘쓸 뿐이다. 학교에서 벌어지는 사건들에 의문을 품은 주란, 하지만 곧 주란에게도 사라진 소녀들과 동일한 이상 증세가 나타나기 시작하는데…1938년 기록조차 될 수 없었던 미스터리가 드러난다!"
1000351,하이힐,385,2735972500,339844,2013,20140604,124,19세관람가(청소년관람불가),73.0,4748,7.77,354,"이건 내 선택이 아니야…신이 날 잊은 거야…  완벽한 남자의 조건을 모두 갖춘 강력계 형사 '지욱'은 범인을 단숨에 제압하는 타고난 능력을 발휘해 경찰은 물론 거대 범죄 조직 사이에서도 전설적인 존재로 불린다. 내면에 깊숙이 자리한 여자가 되고 싶은 욕망을 감추기 위해서 더욱 거친 남자의 모습으로 살아왔지만, 이제는 진짜 자신이 원하는 모습으로 살기 위한 새로운 삶을 준비하려고 하는데… 잔인하게 슬프고, 눈부시게 강렬한 감성 느와르가 온다!"
1000352,대가족,939,2689332800,303326,2023,20241211,107,12세이상관람가,93.0,9091,7.53,1095,"줄이 끊이지 않는 맛집 사장 무옥 승려 선언한 외아들 문석 때문에 대가 끊기다? 마지막 함씨 가문! 세울 것인가, 무너질 것인가! 자수성가 맛집의 근본, SNS 없던 시절부터 줄 서 먹던 노포 맛집 평만옥의 사장 무옥(김윤석)은 대를 이을 줄 알았던 외아들 문석이 승려가 되어 출가한 이후 근심이 깊어 간다. 자신의 대에서 끊겨버릴 예정인 가문을 걱정하던 가운데 어느 날, 평만옥에 문석이 자신의 아빠라며 방문한 어린 손님들! 끊길 줄 알았던 가문의 대를 잇게 생긴 무옥은 난생 처음 맛보는 행복을 느끼고 문석은 승려가 되기 이전의 과거를 되짚다 그만 충격적인 사실을 알게 되는데…"
1000353,싱글라이더,576,2685519021,351276,2016,20170222,97,15세관람가,88.0,10871,8.0,913,"그가 사라졌다그에게서 모든 것이 사라졌다증권회사의 지점장 강재훈(이병헌). 안정된 직장과 반듯한 가족, 나름 성공한 인생이라 생각했다. 어느 날 부실채권 사건으로 모든 것을 잃어버린 그는 가족이 있는 호주로 떠난다. 그러나 다른 삶을 준비하는 아내 수진의 모습을 보고 선뜻 다가가지 못하고 돌연 자취를 감추는데...완벽한 가정, 사라진 남편, 아무도 몰랐던 그의 충격적 진실이 밝혀진다."
1000354,7호실,629,2677284639,347790,2017,20171115,100,15세관람가,69.0,8835,7.09,406,"서울의 망해가는 DVD방 사장 두식(신하균). 학자금 빚을 갚으려 DVD방에서 일하는 알바생 태정(도경수).팔리지도 않던 가게에 기적처럼 매수자가 나타난 바로 그 때! 예상치 못한 사고가 일어나고, 두식은 시체를 7호실에 숨겨 봉쇄한다.한편, 빚을 해결해주는 조건으로 마약을 7호실에 잠시 감춰놨던 태정은 늘 열려있던 그 방의 문을 두식이 갑자기 잠가버리자 당황하는데…닫아야 사는 사장 vs 열어야 사는 알바생! 생존이 걸린 비밀을 감춘 방 ‘7호실’"
1000355,번 더 스테이지: 더 무비,243,2671391900,315010,2018,20181115,83,전체관람가,93.0,10718,,,"방탄소년단의 첫 번째 영화 번 더 스테이지: 더 무비 19개 도시, 40회의 공연, 55만석 날개를 펼친 소년들의 역사.성공적인 월드 투어로 마무리된 ‘2017 방탄소년단 라이브 트릴로지 에피소드3 윙스 투어(2017 BTS LIVE TRILOGY EPOSODE III THE WINGS TOUR)’를 가장 가까이에서 담아낸 방탄소년단의 첫 번째 영화지금, 우리 함께 빛나는 청춘의 순간이 스크린에 펼쳐진다"
1000356,1승,995,2669515130,307290,2021,20241204,107,12세이상관람가,93.0,9519,7.48,537,"그래도 한 번은 이기겠죠? 지도자 생활 평균 승률 10% 미만! 파직, 파면, 파산, 퇴출, 이혼까지 인생에서도 ‘패배’ 그랜드슬램을 달성 중인 배구선수 출신 감독 ‘우진’은 해체 직전의 프로 여자배구단 ‘핑크스톰’의 감독을 맡아 달라는 제안을 받는다.에이스 선수의 이적으로 이른바 ‘떨거지’ 선수들만 남은 팀 ‘핑크스톰’은 새로운 구단주 ‘정원’의 등장으로 간신히 살아나지만 실력도, 팀워크도 이미 해체 직전 상태.그 와중에 막장, 신파는 옵션, 루저들의 성장 서사에 꽂힌 ‘정원’은 ‘핑크스톰’이 딱 한번이라도 1승을 하면 상금 20억을 풀겠다는 파격 공약을 내세운다. 모두가 주목하는 구단이 됐지만 압도적인 연패 행진을 이어가는 ‘핑크스톰’.패배가 익숙했던 ‘우진’도 점점 울화통이 치밀고, 경험도 가능성도 없는 선수들과 함께 단 한번만이라도 이겨보고 싶은 마음이 생기는데…"
1000357,치외법권,446,2664941005,346483,2015,20150827,103,15세관람가,72.0,5576,7.22,345,"대한민국 1, 2위를 다투는 자타공인 또라이들이 만났다!범인만 봤다 하면 일단 패고 보는 프로파일러 ‘정진’.여자 꼬시려고 경찰대 수석 졸업한 강력계 형사 ‘유민’.경찰청장도 포기한 두 또라이 형사가 특수수사본부로 비밀리에 호출된다. 특명!! 또라이는 또라이로 잡아라!그야말로 골칫덩어리에, 내놓은 자식인 두 형사에게대한민국 높으신 분들을 뒤에 업고 법 위에 군림하는 최악의 범죄조직 보스를 잡으라는 명령이 떨어진다. 어떤 명령도, 외압도 받지 않는 특별한 수사팀에 투입된 두 형사. 법보다 주먹이 통하는 세상을 향한 그들의 통쾌한 액션이 시작된다.X같은 세상, 통쾌하게 날려버린다!법보다 주먹이 통하는  치외법권"
1000358,극적인 하룻밤,434,2610929429,320923,2015,20151203,107,19세관람가(청소년관람불가),75.0,12058,7.49,297,"각자 전 애인 결혼식장에서 만난 정훈(윤계상)과 시후(한예리).술잔을 기울이며 실연의 고통을 함께 나누던 두 사람은 몸까지 나누는 극적인 하룻밤을 보내고 만다.하지만 이대로 끝내기엔 너무나 기막혔던 하룻밤!“딱 몸친, 거기까지만. 열 개 다 채우고 빠이빠이. 어때?”시후는 커피 쿠폰 10개 채울 때까지, 딱 아홉 번만 더 자자는 당돌한 제안을 하고,속타는 연애에 지친 연애 ‘을(乙)’ 정훈과 시후의 ‘섹’다른 만남이 시작된다.하지만 쿠폰 도장이 늘어갈수록 두 사람의 마음은 미묘해 지고,시후의 전 남친 준석(박병은)은 자꾸 시후 곁을 맴돌며 정훈(윤계상)의 심기를 건드린다. 연애 ‘을(乙)’ 정훈과 시후, 원나잇 쿠폰 열 번 찍고 약속대로 쿨하게 굿바이 할 수 있을까?"
1000359,사랑하기 때문에,542,2538169440,324420,2016,20170104,110,12세관람가,90.0,7121,8.39,650,"충.격.고.백! 이 안에 차태현 있다?!사랑하는 그녀에게 고백하러 가던 날,갑작스러운 사고로 사랑에 서툰 사람들의 몸에들어갈 수 있는 뜻밖의 능력(?)을 가지게 된작곡가 '이형'(차태현)여고생 K양을 시작으로 이혼위기 P씨, 모태솔로 노총각 Y씨첫사랑만 찾는 치매할머니 K씨까지!유일하게 자신의 비밀을 알아챈 4차원 소녀'스컬리'(김유정)의 도움으로 인생 최대의 위기를 기회로 바꿔보기로 한다.'이형'은 과연 인생 최고의 순간을 맞이할 수 있을 것인가?웃음빵빵 해피 뉴 힐링 코미디 사랑하기 때문에"
1000360,허스토리,696,2521025949,336822,2017,20180627,121,12세관람가,98.0,7763,9.53,404,"이겨야죠! 이겨야 할매들 분이 안풀리겠습니까? 1992~1998 6년의 기간, 23번의 재판, 10명의 원고단, 13명의 변호인! 시모노세키와 부산을 오가며 일본 재판부에 당당하게 맞선 할머니들과 그들을 위해 함께 싸웠던 사람들의 뜨거운 이야기가 시작된다!"
1000361,희생부활자,781,2515479835,323628,2015,20171012,92,15세관람가,72.0,9751,6.6,352,"억울한 죽음 뒤 복수를 위해 살아 돌아온 자세상은 그들을 ‘희생부활자’(RV: Resurrected Victims)라 부른다.그리고 오늘, 죽은 엄마가 살아 돌아와 나를 공격했다!7년 전, 오토바이 강도 사건으로 살해당했던 엄마가 집으로 돌아왔다는 전화를 받은 검사 진홍.믿을 수 없는 현실에 충격도 잠시, 엄마 명숙이 진홍을 공격한다.전 세계 89번째이자 국내 첫 번째로 판명된 희생부활사건!국정원은 모든 목격자와 언론을 통제하려 들고, 신고를 받은 경찰은 진홍을 명숙 사건의 진범으로 의심하기 시작한다.이에 진홍은 스스로 엄마의 죽음에 얽힌 진실을 밝혀내려 하는데…7년 전, 사건의 숨은 진실이 밝혀진다!"
1000362,화란,976,2505690490,263087,2022,20231011,124,15세관람가,79.0,5570,6.58,745,"그냥 해야 되면 하는 거야. 우린희망도 미래도 없는 동네.이곳에서 태어나 다른 곳은 가본 적 없는 18살 소년 연규(홍사빈)는 반복되는 새아버지의 폭력 속에서 돈을 모아 엄마와 같이 네덜란드(화란)로 떠나는 것이 유일한 희망이다.이곳에서 나고 자라 지금은 조직의 중간 보스가 된 치건(송중기).일찌감치 세상은 지옥이란 걸 깨닫고 자신만의 방식으로 살아간다. 어느 날 동생 하얀(김형서)을 지키기 위해 싸움을 하게 된 연규.합의금이 절실한 연규에게 치건이 도움을 주고 이를 계기로 연규는 치건의 조직에서 새로운 삶을 시작한다. 무섭고 서툴지만 친형 같은 치건을 따르며 조금씩 적응해 가는 연규. 치건의 신뢰를 받으며, 조직에서 살아남기 위해 점점 위험한 상황에 빠져들기 시작하는데…지옥에서 벗어나기 위해지옥이 되기로 했다"
1000363,미성년,673,2493769950,293258,2018,20190411,96,15세관람가,92.0,12480,8.65,514,"알아? 어떻게 모르냐. 배가 불러오는데... 같은 학교 2학년 주리(김혜준)와 윤아(박세진)가 학교 옥상에서 만났다. 최근 주리의 아빠 대원(김윤석)과 윤아의 엄마 미희(김소진) 사이에 벌어진 일을 알게 된 두 사람.이 상황이 커지는 것을 막고 싶은 주리는 어떻게든 엄마 영주(염정아) 몰래 수습해보려 하지만 윤아는 어른들 일에는 관심 없다며 엮이지 않으려 한다. 그 때, 떨어진 주리의 핸드폰을 뺏어든 윤아는 영주의 전화를 받아 그 동안 감춰왔던 엄청난 비밀을 폭로해 버리고, 이를 본 주리는 멘붕에 빠지게 되는데… 폭풍 같은 사건을 마주한 두 가족의 이야기가 시작된다."
1000364,용감한 시민,887,2445021472,266816,2023,20231025,112,15세관람가,91.0,7315,6.86,759,"불의는 못 본 척, 성질은 없는 척, 주먹은 약한 척 먹고 살기 위해 조용히 살아 온 기간제 교사 '소시민’.법도 경찰도 무서울 것 하나 없는 안하무인 절대권력 '한수강'의 선을 넘는 행동을 목격하게 된다.그의 계속되는 악행을 도저히 참을 수 없었던 그녀, 정체를 숨긴 채 통쾌한 한 방을 날리기로 마음 먹는데… 선은 네가 먼저 넘었다말이 안 통하면 혼나야지!"
1000365,위대한 소원,524,2438260213,308180,2015,20160421,100,15세관람가,83.0,6042,8.2,501,"죽기 전에 꼭 한 번 하고 싶은 ‘ㅅㅅ’ 꿈나무, ‘고환’어설픈상남자, ‘남준’매를 버는 금수저, ‘갑덕’시한부 선고를 받은 ‘고환’의 마지막 소원은 오직 하나,“한 달이든... 내일 당장이든... 죽어도 어른으로 죽고 싶어!”‘고환’의 위대한 소원을 들어주기 위한 절친 녀석들의 고군분투가 시작된다!4월, 인정, 사정(?!)이 필요한 절친녀석들의 혈기왕성 코미디가 온다!"
1000366,레드카펫,385,2404458580,316780,2013,20141023,118,15세관람가,69.0,5018,8.41,250,"이틀에 한 편! 찍는대로 대박! 19금 영화계의 어벤져스 군단이 나타났다! 섹드립의 황제 조감독 진환(오정세), 할리우드를 능가하는 19금 CG계의 감성변태 준수(조달환), 입사하자마자 감춰왔던 음란마귀의 본색을 드러낸 엘리트 출신 막내 대윤(황찬성), 그리고 이들을 이끄는 19금계의 순정마초 감독 정우(윤계상). 백전 백승 무적의 시스템으로 19금계의 흥행 불패 신화를 새로 쓰고 있는 영화 제작사 '꼴'사단에게 떨어진 미션!  TOP 여배우를 캐스팅하라!   자타공인(?) 흥행여신 정은수(고준희)를 전격 캐스팅한 어벤져스 군단은 은수와 함께 NEW 프로젝트를 시작한다. 하지만, 경력 10년 차 베테랑으로 여자에 대해서라면 더 이상 궁금할 것도 없었던 정우의 호기심을 제대로 자극한 은수 덕분에 시작부터 이들 사이엔 므흣야릇(?)한 썸의 분위기가 감지 되는데…  2014년 가을, 누구나 한번쯤 엿보고 싶었던 그 현장이 공개됩니다!"
1000367,"안녕, 할부지",1021,2396284239,260297,2024,20240904,95,전체관람가,93.0,5490,7.84,942,"선물로 찾아온 만남, 예정된 이별푸바오의 중국 귀환 일정이 결정되고, 사랑하는 이들의 아쉬움이 커져만 간다.마침내 다가온 이별의 순간, 푸바오의 행복을 위해 애써 담담해 보였던 강바오와 송바오 역시 흔들리기 시작하는데…헤어질 때를 알기에 매 순간 진심이고 애틋했던 그들1354일, 그동안의 못다 한 이야기안녕, 그리고 안녕…"
1000368,기방도령,625,2327760190,286806,2019,20190710,110,15세관람가,79.0,7406,7.13,157,"불경기 조선, 폐업 위기 연풍각을 살려야 한다! 기왕지사 이리된 김에 사업을 해보는 게 어떻겠소? 내가 기생이 되겠단 말입니다!  수려한 용모와 뛰어난 기예, 여심을 꿰뚫어 보는 타고난 천성의 꽃도령 ‘허색’. 그는 자신이 나고 자란 ‘기방 연풍각’이 폐업 위기에 처하자 조선 최초의 남자 기생이 되기로 결심한다. 기방결의로 맺어진 25세 괴짜 도인 ‘육갑’과 함께 기획부터 홍보까지 환상의 호흡을 자랑하며 단숨에 조선 최고의 여심스틸러로 등극한 ‘허색’. 입소문이 번지며 조선 사대부 여인들의 마음이 두근거리기 시작한다. 그러나, 승승장구한 것도 잠시예기치 못한 인물의 등장으로 잘 나가던 ‘허색’의 사업은 삐거덕거리기 시작하는데…"
1000369,덕구,544,2320819700,306126,2017,20180405,91,전체관람가,97.0,4142,9.3,265,"당신에게도 소중한 사람이 있습니까? 어린 손자와 살고 있는 일흔 살 덕구 할배는 자신에게 주어진 시간이 얼마 남지 않음을 알게 된다. 세상에 덩그러니 남겨질 두 아이들을 위해 할배는 자신을 대신할 사람을 찾아주기로 하고, 홀로 먼 길을 떠나 특별한 선물을 준비하는데.."
1000370,리볼버,861,2307565653,246583,2023,20240807,114,15세이상관람가,70.0,229,6.03,764,"“약속한 돈을 받는데 무슨 각오가 필요해”꿈에 그리던 새 아파트 입주를 기다리던 경찰 수영은 뜻하지 않은 비리에 엮이면서 모든 죄를 뒤집어쓰면 큰 보상을 해준다는 제안을 받고 이를 받아들인다.2년 후 수영의 출소일, 교도소 앞 그녀를 찾아온 사람은 생전 처음 보는 윤선 뿐수영은 일이 잘못되었다고 직감한다.잃어버린 모든 것을 되찾기 위해 보상을 약속한 앤디를 찾아 나선 수영은 그 뒤에 있는 더 크고 위험한 세력을 마주하게 되는데…"
1000371,배심원들,784,2303130090,288113,2019,20190515,114,12세관람가,96.0,13675,9.34,151,"2008년 대한민국 첫 국민참여재판모두에게 그날은 처음이었다! 국민이 참여하는 역사상 최초의 재판이 열리는 날. 모두의 이목이 집중된 가운데, 나이도 직업도 제각각인 8명의 보통 사람들이 배심원단으로 선정된다. 대한민국 첫 배심원이 된 그들 앞에 놓인 사건은 증거, 증언, 자백도 확실한 살해 사건. 양형 결정만 남아있던 재판이었지만 피고인이 갑자기 혐의를 부인하며 배심원들은 예정에 없던 유무죄를 다투게 된다. 생애 처음 누군가의 죄를 심판해야 하는 배심원들과 사상 처음으로 일반인들과 재판을 함께해야 하는 재판부. 모두가 난감한 상황 속 원칙주의자인 재판장 ‘준겸’(문소리)은 정확하고 신속하게 재판을 끌어가려고 한다. 하지만 끈질기게 질문과 문제 제기를 일삼는 8번 배심원 ‘남우’(박형식)를 비롯한 배심원들의 돌발 행동에 재판은 점점 예기치 못한 방향으로 흐르는데... 처음이라 더 잘하고 싶었던 보통 사람들의 가장 특별한 재판이 시작된다!"
1000372,브레드이발소: 빵스타의 탄생,400,2284559000,265510,2024,20240914,77,전체관람가,94.0,4363,9.09,129,"대한민국 NO.1 애니메이션 ‘브레드이발소’ 두 번째 극장판! 천재 이발사 ‘브레드’와 사고뭉치 조수 ‘윌크’, 시크한 캐셔 ‘초코’와 귀염둥이 ‘소시지’가 함께 하는 ‘브레드이발소’! 이번엔 최고의 빵! 스타로 돌아왔다?! 월드스타 ‘탄빵보이즈’, 최고의 슈퍼모델 3인방, 액션배우 ‘앙버터’와 ‘마가린’, 먹방 크리에이터 ‘아이스크림’까지! 더 재밌어지고, 더 풍성해진 이야기가 시작된다! 초특급 빵스타 총출동! 극장을 빵! 터트리러 간다!"
1000373,혼숨,498,2258422445,288016,2016,20161026,88,15세관람가,69.0,3893,6.24,468,아프리카TV에서 공포 방송을 진행하는 BJ 야광(류덕환 분)과 박PD(조복래 분).레전드 방송을 위해 더욱 자극적이고 위험한 공포 소재를 찾아 다니던 그들에게실종된 여고생의 ‘혼숨’ 영상이 제보된다.귀신을 불러내어 숨바꼭질을 한다는 ‘혼숨’ 영상 속에서광기 어린 모습으로 변해가는 여고생.특종 냄새를 맡은 그들은 사라진 여고생을 추적하는 생방송을 시작하게 되는데...절대 따라 하지 말 것!목숨을 담보로 한 섬뜩한 놀이의 실체가 실시간으로 밝혀진다!
1000374,데드맨,800,2257546704,236661,2023,20240207,108,15세관람가,77.0,5274,5.88,576,"목숨값 단돈 500만원! 이름값 1000억?이름에 살고, 이름에 죽는다!인생 벼랑 끝, 살기 위해 이름까지 팔게 된 ‘이만재’.누구도 믿을 수 없는 바지사장 세계에서 탁월한 계산 능력 하나로 가늘고 길게 버텨온 그가 큰 거 한방 터뜨릴 절호의 기회를 잡는다.그러나 그에게 돌아온 것은 1천억 횡령 누명과 자신의 사망 기사!살아있지만 죽은 사람, 즉 ‘데드맨’이 되어 영문도 모른 채 중국의 사설감옥에 끌려간 ‘이만재’.정치 컨설턴트 ‘심여사’가 그의 앞에 나타나 목숨값을 담보로 위험한 제안을 하고, ‘이만재’ 때문에 아버지가 죽었다고 주장하는 ‘공희주’가 등장하면서 1천억짜리 설계판의 배후를 찾기 위해 의기투합한 세 사람의 추적이 시작되는데…"
1000375,악질경찰,833,2256615278,262233,2018,20190320,127,19세관람가(청소년관람불가),79.0,8783,6.72,200,"“나보다 더 나쁜 놈을 만났다”뒷돈은 챙기고, 비리는 눈감고, 범죄는 사주하는 악질경찰 조필호(이선균), 급하게 목돈이 필요했던 그는 경찰 압수창고를 털 계획을 세운다. 그러나 사건 당일 밤, 조필호의 사주를 받아 창고에 들어간 한기철(정가람)이 의문의 폭발사고로 죽게 되고, 필호는 유일한 용의자로 지목된다. 설상가상 거대기업의 불법 비자금 자료까지 타버려 검찰의 수사선상에도 오른다. 위기에서 벗어나기 위해 사건을 쫓던 중, 폭발사건의 증거를 가진 고등학생 미나(전소니)와 엮이게 되고 빙산의 일각에 불과한 거대한 음모와 마주치게 되는데…… 나쁜 놈 위, 더 나쁜 놈이 지배하는 세상 과연 그는 모든 것을 전복시킬 반격에 성공할 수 있을까?"
1000376,도리화가,563,2246950339,317505,2015,20151125,109,12세관람가,57.0,7342,7.26,301,"금기를 깨는 자는 목숨이 위태로운 혼돈의 조선 말기.조선 최초의 판소리학당 동리정사의 수장 ‘신재효’(류승룡) 그 앞에 소리가 하고 싶다는 소녀 ‘진채선’(배수지)이 나타난다. 어릴 적 부모를 잃고 우연히 듣게 된 신재효의 아름다운 소리를 잊지 못한 채 소리꾼의 꿈을 품어 온 채선. 그러나 신재효는 여자는 소리를 할 수 없다는 이유로 채선의 청을 단호히 거절한다.  채선은 포기하지 않고 남장까지 불사하며 동리정사에 들어가지만 신재효는 그녀를 제자로 인정하지 않는다.  하지만 흥선대원군이 개최하는 전국의 소리꾼을 위한 경연 ‘낙성연’의 소식이 들려오고신재효는 춘향가의 진정한 소리를 낼 수 있는 단 한 사람남자는 결코 흉내 낼 수 없는 소리를 지닌 채선을 받아들이기로 결심한다.  그리고 채선이 여자임이 발각되면 모두가 죽음을 면치 못하는 위험 속, 채선에게 자신의 모든 것을 가르치는데…"
1000377,소울메이트,749,2236460069,231257,2021,20230315,124,12세관람가,95.0,9011,7.94,1137,"“날도 더웠고 수업도 지루했고.. 그렇게 졸리고 나른하던 날에 너를 처음 만났어”1998년, 처음 만났다“누굴 좋아하면 용기내야 된대”2004년, 첫사랑이 생겼다“몰랐어? 나 원래 이렇게 살아”2010년, 각자 어른이 되어간다“가장 그리운 건…너였어”2014년, 흔적을 따라간다“이젠 니 얼굴을 그리고 싶어. 사랑없인 그릴 수조차 없는 그림 말이야”지금, 그리움을 그리다2023년 3월, 당신의  소울메이트 가 찾아옵니다."
1000378,해피 뉴 이어,832,2195273900,236642,2021,20211229,138,12세관람가,89.0,9050,6.51,440,"15년째 고백을 망설이는 당신,모두가 꿈꾸는 삶을 살고 있지만 외로운 당신,정말이지 되는 일이 하나도 없는 당신,오랜 기다림 끝에 꿈을 이룬 당신과그 곁을 지켜준 또 다른 당신,40년 만의 첫사랑을 만난 당신,새로운 인연을 기다리는 당신도호텔 엠로스에 오신 것을 환영합니다!"
1000379,극장판 헬로카봇: 수상한 마술단의 비밀,790,2140400817,228380,2022,20220928,79,전체관람가,95.0,1713,8.22,240,"할아버지 댁으로 휴가를 떠난 차탄과 가족들!그곳에서 만난 매력만점의 새로운 친구 ‘삼순’과 함께 즐거운 시간을 보낸다.그때, 할아버지가 키운 명품 수박들이 사라지는 사건이 일어나고 범인은 바로 마을에 자리 잡은 수상한 마술단? 그들이 노리는 것은 바로 수박 에너지!지구 정복을 노리는 수상한 마술단에 맞서 차탄과 카봇 그리고 새로운 친구 ‘삼순’은 초특급 한판 승부를 벌이게 되는데…!전설의 펜타스톰X와 함께더 강력하게! 더 화려하게 돌아왔다!"
1000380,내가 죽던 날,909,2135396020,233112,2019,20201112,116,12세관람가,93.0,11539,,,"그리고 삶은 다시 시작되었다!태풍이 몰아치던 밤, 외딴섬 절벽 끝에서 유서 한 장만을 남긴 채 소녀가 사라진다. 오랜 공백 이후 복직을 앞둔 형사 ‘현수’는 범죄 사건의 주요 증인이었던 소녀의 실종을 자살로 종결 짓기 위해 그곳으로 향한다. 소녀의 보호를 담당하던 전직 형사, 연락이 두절된 가족, 그리고 소녀를 마지막으로 목격한 마을 주민 ‘순천댁’을 만나 그녀의 행적을 추적해 나가던 '현수'는 소녀가 홀로 감내했을 고통에 가슴 아파한다. 수사가 진행될수록 자신의 모습과 닮아있는 소녀에게 점점 더 몰두하게 된 ‘현수’는 사건 이면에 감춰진 진실 앞에 한걸음 다가서게 되는데…"
1000381,극장판 안녕 자두야,523,2124832300,278914,2016,20160504,74,전체관람가,86.0,2839,8.15,55,"대한민국 국민 절친! 명랑소녀 최자두![자두렐라], [자두와 그레텔]명작동화 주인공이 된 자두의 동화나라 평정기가 시작된다!어린이날을 맞아 가족들과 함께놀이공원 ‘꿈의 랜드’로 놀러 가게 된 천방지축 최자두. 동생들과 신나게 놀이기구를 타던 자두는 급히 화장실을 찾게 되고,우연히 들어가게 된 건물에서 오래된 책을 한 권 꺼내들게 된다.그런데 동화책을 펼치는 순간! 알 수 없는 빛과 함께 자두는 책 속으로 빨려 들어가게 되는데...어린이날, 꿈의 랜드에서 마법 같은 여정이 시작된다!"
1000382,젠틀맨,751,2117151503,224718,2021,20221228,123,15세관람가,90.0,4540,6.56,829,"지금 제가 검사인 상황…인 거죠? 의뢰받은 사건은 100% 처리하는 흥신소 사장 '지현수'.의뢰인과 함께 강아지를 찾기 위해 간 어느 펜션에서 괴한의 습격을 받고 쓰러진다.끊어진 기억, 사라진 의뢰인. 정신을 차려보니 졸지에 납치 사건 용의자로 몰려버렸다.꼼짝없이 체포되던 중 차 전복사고 후 검사로 오해받은 '지현수'는 실종된 의뢰인을 찾기 위해 검사로 위장해 수사를 시작한다.  수사 방식이 남다르시네요? 검사답지 않게 검사들의 검사, 일명 감찰부 미친 X '김화진'.하늘 높은 줄 모르던 그가 좌천의 쓴맛을 보며 지내던 어느 날, 한 납치 사건을 조사하던 중 검사 행세를 하는 '지현수'와 만나게 된다.단순한 납치로 여겼던 사건이 자신을 물 먹인 로펌 재벌 '권도훈'과 관련되어 있음을 알게 된다. 나쁜 놈 잡는데 불법, 합법이 어딨습니까? 잡으면 장땡이지 누명을 벗고자 하는 '지현수'와 '권도훈'을 잡고 싶은 '김화진',각자의 목표를 위해 손을 잡게 된 두 사람은 거대 로펌 재벌의 추악한 범죄를 파헤치다 전혀 뜻밖의 상황을 맞이하게 되는데...작전은 완벽하게, 수사는 젠틀하게!고품격 범죄 오락이 펼쳐진다!"
1000383,다이노 타임,430,2099683100,283300,2012,20150430,85,전체관람가,85.0,1752,8.49,633,"쉿! 엄마 아빠한테는 비밀!상상초월 다이노 패밀리가 찾아온다! 어니, 맥스, 줄리아 악동 3인방은 우연히 맥스 아버지의 비밀 작업실 알 모양의 타임캡슐을 건드려 4천 5백 년 전 공룡세계에 도착하게 된다. 그들이 도착한 곳은 무시무시한 티라노사우루스 ‘타이라’의 둥지 속. 하지만 ‘타이라’는 악동 삼총사를 아기공룡으로 착각하고 타이라의 알을 노리는 알 도둑 삼총사는 알 모양의 타임캡슐을 훔치려 하는데……다이노 패밀리와 함께 짜릿한 공룡시대로의 환상적인 모험이 시작된다!"
1000384,함정,445,2088685200,257716,2015,20150910,96,19세관람가(청소년관람불가),58.0,5271,6.62,324,"SNS의 확인되지 않은 그 곳, 어디까지 믿으십니까? 5년째 아이가 없는 부부, 준식과 소연. 소연은 기분 전환을 위해 준식과 휴대폰도 터지지 않는 외딴 섬으로 여행을 떠나고, 그 곳에서 인터넷을 통해 우연히 알게 된 한 맛집에 가게 된다. 그곳의 허름하고 험악한 분위기의 불안한 기운이 감돌지만 이들이 온 것을 눈치챈 주인 성철은 보자마자 너무나도 친절하게 대하고 준식과 소연은 점점 경계를 풀게 된다. 화기애애한 분위기 속에 해가 지고 성철의 환대에 준식과 소연은 하룻밤만 묵고 가기로 하는데, 이때부터 의문의 묘한 분위기가 이들을 덮쳐오기 시작한다. 그 때 성철은 소연을 알아보는 듯 하며 알 수 없는 말을 건네는데... 함정에 빠뜨리려는 자와 빠져 나가려는 자의 목숨을 건 대결이 시작된다!"
1000385,기묘한 가족,625,2062904275,256202,2018,20190213,112,12세관람가,75.0,6099,7.49,260,"조용하고 평화로운 시골에 '기묘한 가족'이 살고 있었어요.그리고 그 앞에 금쪽 같은 좀비가 나타났답니다.망해버린 주유소의 트러블메이커 가장 '만덕'은 우연히 만난 좀비를 집안에 들인다.여타 좀비와 달리 반반한 외모, 말귀 알아듣는 ‘쫑비’를 보며 저마다의 속셈으로 패밀리 비즈니스를 꿈꾸는 가족.리더인 며느리 '남주'를 중심으로 행동대장 장남 '준걸'과 브레인 차남 '민걸' 에너지 담당 막내 '해걸'에 물리면 죽기는커녕 더 젊어지는 좀비 '쫑비'까지!이들의 기막힌 비즈니스는 조용했던 동네를 별안간 혈기 왕성한 마을로 만들어버리는데...이거 혹시… 우리 때문이야?"
1000386,비밀은 없다,502,2027801239,250650,2015,20160623,102,19세관람가(청소년관람불가),65.0,8062,6.98,512,"국회입성을 노리는 신예 정치인 ‘종찬’(김주혁)과 그의 아내 ‘연홍’(손예진)선거를 보름 앞둔 어느 날, 그들의 딸이 실종 된다. 갑작스럽게 사라진 딸의 행방을 찾기 위해 애를 쓰던 ‘연홍’은 딸의 실종에도 불구하고 선거에만 집중하는 ‘종찬’과 사건을 제대로 조사하지 않는 사람들에게 분노하고 누구도 믿을 수 없는 상황 속, 홀로 딸의 흔적을 쫓기 시작한다. 하지만 딸이 남긴 단서들을 집요하게 추적하던 ‘연홍’은점차 드러나는 충격적 진실과 맞닥뜨리게 되는데..유력한 후보, 사라진 딸, 15일간의 미스터리 선거 D-15, 딸이 사라졌다!"
1000387,극장판 뽀로로와 친구들: 바이러스를 없애줘!,380,1947417500,216084,2022,20221201,63,전체관람가,,,8.43,21,"맙소사!뽀로로와 친구들이 네모가 되어버렸다!?게임왕국을 초토화 시킨 네모 바이러스를 없애기 위해 ‘에디박사’의 도움을 구하러 차원을 넘어온 게임왕국의 집사 ‘차차 아저씨’.그를 쫓아온 바이러스 괴물로 인해 뽀롱뽀롱 마을은 위험에 빠지고, ‘크롱’과 ‘포비’는 네모가 되어버리고 만다.뽀로로와 친구들은 게임왕국과 뽀롱뽀롱 마을을 구하기 위해, 팀 뽀로로   팀 에디로 나뉘어 ‘에디박사’가 발명한 컴퓨터 백신을 가지고 바이러스 소탕 대작전을 시작하는데…과연 뽀로로와 친구들은 게임왕국과 뽀롱뽀롱 마을을 지킬 수 있을까?"
1000388,속닥속닥,314,1900914300,217444,2018,20180713,91,15세관람가,55.0,4478,8.97,30,"섬뜩한 소문의 귀신의 집, 그곳의 문이 열린다! 수능을 끝낸 6명의 고등학생, 섬뜩한 소문이 있는 귀신의 집을 우연히 발견하게 된다. 그곳에서 죽음의 속삭임과 함께 친구들이 한 명씩 사라지고 멈출 수 없는 극한의 공포가 그들을 덮치는데..."
1000389,미옥,635,1897705564,238587,2016,20171109,90,19세관람가(청소년관람불가),67.0,7332,6.92,315,"“이번이 정말 마지막이야” 범죄조직을 재계 유력기업으로 키워낸 언더보스 ‘현정’(김혜수)은 새로운 시작을 꿈꾸며 은퇴를 준비한다. 그녀를 위해서라면 어떤 일도 서슴지 않았던 조직의 해결사 ‘상훈’(이선균)은 그런 그녀를 이해하지 못한다. 한편, 법조계 라이징스타 ‘최검사’(이희준)는 자신의 치명적인 약점을 붙잡은 ‘현정’으로 인해 궁지에 몰리게 되고, ‘상훈’을 이용해 악에 찬 복수를 준비한다. 걷잡을 수 없는 세 사람의 욕망은 점점 파국을 향해 치닫는데… 뜨거운 욕망의 차가운 끝,이기는 사람이 모두 갖는다"
1000390,조제,1179,1896675540,212439,2020,20201210,117,15세관람가,80.0,7772,8.2,306,"자신을 ‘조제’로 불러달라는 그녀 처음 만난 그날부터 ‘조제’는 ‘영석’에게 잊을 수 없는 이름으로 남는다. 할머니와 단둘이 사는 집, 그곳에서 책을 읽고 상상하며 자신만의 세계를 살고 있는 ‘조제’.우연히 만난 그녀에게 특별한 감정을 느끼기 시작한 ‘영석’은 천천히, 그리고 솔직하게 다가가기 시작한다. 하지만 처음 경험해보는 사랑이 설레는 한편 가슴 아픈 조제는 자신에게 찾아온 낯선 감정을 밀어내는데…기억할 거야 너와 함께한 모든 순간을"
1000391,치즈인더트랩,364,1890873700,229005,2017,20180314,116,15세관람가,72.0,10303,7.51,121,"부드러운 미소 뒤에 숨겨진 싸늘한 모습. 피하고 싶은 '유정(박해진)' 선배가 갑자기 나에게 다가와 말을 걸기 시작했다. 함께 밥 먹고, 함께 과제하고, 조별 숙제 핑계로 영화도 보고... 그가 달라진 걸까. 아님 다른 꿍꿍이가 있는 걸까. 아니면 정말 나를...?  설아, 나랑 사귈래?  완벽하지만 위험한 선배의 달콤한 덫에 걸렸다!"
1000392,사흘,836,1878697640,200490,2020,20241114,95,15세이상관람가,70.0,4546,5.78,597,"흉부외과의사 ‘승도’의 딸 ‘소미’가 구마의식 도중 목숨을 잃고 장례식장에서 ‘승도’는 죽은 딸의 목소리를 듣게 된다.  한편, ‘소미’가 죽기 전 구마의식을 진행했던 신부 ‘해신’은 미처 발견하지 못한 그것의 존재를 뒤늦게 알아차리는데... 남은 시간은 장례를 치르는 단 3일! 죽은 소녀의 심장에서 깨어나는 그것을 막아야만 한다!"
1000393,킬링 로맨스,998,1832316642,191542,2021,20230414,107,15세관람가,77.0,6511,7.67,1121,"로맨스는 없다!JONNA 죽여주는 작전만 있을 뿐!대재앙 같은 발연기로 국민 조롱거리로 전락한 톱스타 ‘여래’(이하늬).현실에서 벗어나고자 떠난 남태평양 ‘콸라’섬에서 운명처럼 자신을 구해준 재벌 ‘조나단’(이선균)을 만나 결혼을 하고 새로운 인생을 꿈꾸며 돌연 은퇴를 선언한다.한편, 서울대가 당연한 집안에서 홀로 고독한 입시 싸움 중인 4수생 ‘범우’(공명)는 한때 자신의 최애였던 여래가 옆집에 이사온 것을 알게 되고 날마다 옥상에서 단독 팬미팅(?)을 여는 호사를 누린다.그러던 어느 날 조나단의 사업 확장을 위한 인형 역할에 지친 여래는 완벽한 스크린 컴백을 위해 범우에게 SOS를 보내게 되고 이들은 여래의 인생을 되찾기 위한 죽여주는 계획을 함께 모의하는데…"
1000394,어느날,532,1827370582,232016,2016,20170405,114,15세관람가,87.0,9813,8.3,450,"“누구세요?” 어느날, 나에게만 그녀가 보이기 시작했다아내가 죽은 후 삶의 희망을 잃고 살아가던 보험회사 과장 ‘강수’.회사로 복귀한 그는 교통사고로 혼수상태에 빠진 ‘미소’의 사건을 맡게 된다.‘강수’는 사고 조사를 위해 병원을 찾아가고, 그 곳에서 스스로 ‘미소’라고 주장하는 한 여자를 만나게 된다.자꾸만 자신에게만 보이는 ‘미소’를 수상하게 여긴 ‘강수’는그녀가 다른 사람들 눈에 보이지 않는 영혼이라는 사실을 알게 되는데…“제가 보여요?” 어느날, 새로운 세상이 보이기 시작했다교통사고 후 의식을 잃었다가 병원에서 깨어난 ‘미소’는병실에 누워있는 자신의 모습을 보고 스스로가 영혼이 되었다는 사실을 깨닫게 된다.생전 처음 새로운 세상을 보기 시작한 ‘미소’는 유일하게 자신을 볼 수 있는 ‘강수’를 만나게 되고그동안 간절히 이루고 싶었던 소원을 들어달라고 부탁하는데.."
1000395,멍뭉이,649,1812783386,194391,2022,20230301,113,전체관람가,89.0,4020,8.04,200,"“‘루니’의 완벽한 집사를 찾아라!”동생 같은 반려견 ‘루니’를 위해 정시 퇴근에 진심인 ‘민수’결혼을 앞둔 그에게 닥친 견주 인생 조기 로그아웃 위기!야심 차게 오픈한 카페는 말아먹고 인생 자체가 위기인 사촌형 '진국','민수'의 다급한 SOS에 고심하다 집사 면접을 제안하게 되고.완벽한 집사를 찾기 위해 제주도로 향하는 두 형제의 여정에 느닷없는 멍뭉이들의 등장이 이어지는데!뜻밖의 ‘견’명적인 만남함께 하면 개신나고! 개따뜻한!개귀엽 버라이어티 무비!"
1000396,언니,530,1746373250,197134,2018,20190101,93,19세관람가(청소년관람불가),83.0,5969,7.25,163,"남들처럼 평범하게 살고 싶었는데…동생이 사라졌다.“내 동생 어디로 보냈어?” 동생의 흔적에 가까워질수록그녀의 분노는 폭발한다오늘, 여기서 끝장낸다!"
1000397,1급기밀,512,1720083300,217803,2016,20180124,100,12세관람가,93.0,6011,8.88,378,"공군 전투기 추락, 올해만 3번째 “또 조종사 과실?”그들이 감추려 했던, 모두가 알아야 하는 대한민국 현재 진행 중인 실화!국방부 군수본부 항공부품구매과 과장으로 부임한 박대익 중령(김상경)에게 어느 날, 공군 전투기 파일럿 강영우 대위가 찾아와 전투기 부품 공급 업체 선정에 대한 의혹을 제기한다. 이에 대익이 부품구매 서류를 확인하던 중 유독 미국의 에어스타 부품만이 공급되고 있음을 발견한다. 한편 강영우 대위가 전투기 추락 사고를 당하고, 이를 조종사 과실로 만들어 사건을 은폐하는 과정을 지켜본 대익은 큰 충격을 받는다. 그리고 은밀한 뒷조사 끝에 차세대 전투기 도입에 관한 에어스타와 연계된 미 펜타곤과 국방부 간에 진행되고 있는 모종의 계약을 알게 된다. 딸에게만큼은 세상에서 가장 바보 같지만 세상에서 제일 용감한 군인으로 남고 싶은 대익은 [PD25시]의 기자 김정숙(김옥빈)과 손잡고 국익이라는 미명으로 군복 뒤에 숨은 도둑들의 만행을 폭로하기로 결심하는 데… 그들이 시작한 전쟁, 절대로 항복하지 않을 것이다!"
1000398,연애의 맛,398,1706805153,212154,2014,20150507,101,19세관람가(청소년관람불가),64.0,3504,7.88,241,"대한민국에서 여자 속(?) 제일 많이 본 남자!  허세작렬 산부인과 전문의 왕성기대한민국에서 남자사이즈 제일 많이 아는 여자!  입담작렬 비뇨기과 전문의 길신설겉으론 멀쩡한 외모와 스펙의 뇌섹남! 그러나, 여자 속만 알고 정작 여자 맘은 모르는 산부인과 전문의 왕성기(오지호). 거침없는 성격으로 여성 불모지인 금녀의 벽에 도전! 그러나, 남성의 은밀한 그 곳을 진단하면서도 연애 경험은 전무한 비뇨기과 전문의 길신설(강예원).낮에는 성 전문가밤에는 연애 초보자 한 지붕 아래 만난 두 닥터!환자 쟁탈을 위한 제로섬 게임이 시작된다!"
1000399,마루이 비디오,284,1704980000,165822,2020,20230222,87,15세관람가,73.0,5722,6.0,63,국내에서 일어난 사건 영상 중 그 수위가 높아 외부로 유출되면 안 되는 영상물 '마루이 비디오'검찰청 지하 보관소에 봉인된 비디오에 대한 소문을 들은 김수찬 PD는 이를 입수해 다큐멘터리를 제작하기로 하는데…영상 속에 담긴 1992년 동성장 여관방 살인사건과 1987년 아미동 일가족 살인사건의 진실은 과연 무엇인가?
1000400,인생은 뷰티풀: 비타돌체,107,1667323500,52969,2022,20220907,100,전체관람가,96.0,1254,9.49,45,"언제나 화면 정 중앙에 비춰지며 스포트라이트를 한 몸에 받는 스타, ‘트바로티’ 김호중. 하지만 그가 담긴 ‘틀’의 바깥에는 구석지고 어두운, 그럼에도 불구하고 아름다운 또 다른 이야기가 있다.김호중의 두 번째 영화  인생은 뷰티풀: 비타돌체 는 틀 바깥으로 잘려 버린 이야기, 사람들의 시선에 갇혀 보이지 않았던 청년 김호중의 이야기, 그리고 그것에서 벗어나려는 가수 김호중의 진솔한 목소리를 전한다.공연 실황 다큐멘터리  인생은 뷰티풀: 비타돌체 에서는 오직 이 영화만을 위해 무대를 꾸민 김호중 단독 공연을 최초 공개한다. 트로트 가수 김호중이라는 고정관념에서 벗어나 처음 음악에 대한 열정을 갖게 해 준 클래식 음악들로 구성되어 그의 웅장한 목소리를 생생하게 감상 할 수 있다.여기에 꿈 많은 스무 살, 음악에 대한 동경으로 떠났던 이탈리아를 다시 찾는 김호중의 다큐 여행기와 버스킹 공연까지 모두 담아 김호중이 그동안 전하고 싶었던 이야기들, 불안하고 가슴 아프기도 했던 속내까지 그의 인생이  인생은 뷰티풀: 비타돌체 에 모두 담긴다.2022년 가을, 김호중이 들려주는 음악 이야기는 모두의 가슴에 깊은 여운과 감동을 선사할 것이다."
1000401,사라진 시간,874,1651188580,185653,2019,20200618,105,15세관람가,63.0,8287,6.22,93,"그날 밤, 모든 것이 변했다!한적한 소도시의 시골마을, 외지인 부부가 의문의 화재 사고로 사망하는 사건이 발생한다. 사건 수사를 담당하게 된 형구는 마을 사람들의 수상한 낌새를 눈치채고 단서를 추적하던 중, 하루 아침에 자신의 삶이 송두리째 뒤바뀌는 충격적인 상황에 빠지게 된다.집도, 가족도, 직업도 내가 알던 모든 것이 사라졌다. 과연 그는 자신의 삶을 되찾을 수 있을 것인가."
1000402,남과 여,449,1651122533,203775,2015,20160225,114,19세관람가(청소년관람불가),97.0,335,8.63,43,"핀란드의 하얀 설원 속 둘 만의 동행 ‘남과 여’헬싱키. 아이들의 국제학교에서 만난 상민(전도연)과 기홍(공유)은, 먼 북쪽의 캠프장을 향해 우연히 동행하게 된다. 폭설로 도로가 끊기고, 아무도 없는 하얀 숲 속의 오두막에서 둘은 깊이 안게 되고, 서로의 이름도 모른 채 헤어지게 된다.일상을 파고든 뜨거운 끌림 '남과 여'8개월 후, 서울. 핀란드에서의 시간을 설원이 보여 준 꿈이라 여기고 일상으로 돌아온 상민 앞에 거짓말처럼 기홍이 다시 나타나고 둘은 걷잡을 수 없는 끌림 속으로 빠져든다."
1000403,앵커,1032,1650141610,171105,2022,20220420,111,15세관람가,87.0,5133,,,"방송국 간판 앵커 세라에게 자신이 살해될 것이라며 직접 취재해 달라는 의문의 제보전화가 온다. 제보 현장에 도착했지만 이미 제보자는 어린 딸과 함께 사망한 상태였고, 세라는 단독 취재를 통해 입지를 굳힌다. 그러나 취재 이후 죽은 제보자의 환영과 환청에 시달리게 되면서 급기야 생방송 도중 실수를 하여 간판 앵커 자리도 흔들리게 되는데..."
1000404,앵커,1032,1650141610,171105,2018,20191128,78,15세관람가,87.0,5133,,,"고등학생 육상 선수 한주는 실력에 비해 항상 대회의 결과가 좋지는 않다. 한주의 가정 형편도 좋지가 않다. 약초꾼 할아버지, 하반신 장애를 가진 남동생과 지낸다. 하지만 책임감넘치는 한주는 동생을 돌보며 살아간다. 그런데, 할아버지가 약초를 캐던 중 사고로 응급실에 실려 가게 되면서 급하게 수술비가 필요해진다. 한주는 평소에 자신의가족을 돌봐준 목사를 찾아가고, 집에 있던 동생이 실종되는 사건을 경험한다. 한주는 남동생의 실종에 목사가 관련되어 있다고 생각하며 이를 추적하기 시작하고, 경찰은 오히려 한주에게 진실을 추궁하며 그녀를 이상하게 여긴다. 육상 선수 한주는 자신의 믿음과 동생을 찾기 위해 달리기 시작한다."
1000405,순정,467,1643792033,229059,2015,20160224,113,12세관람가,89.0,6365,8.93,248,"23년 전 첫사랑의 목소리가 라디오에서 흘러나왔다라디오 DJ ‘형준’은 어느 날, 생방송 중에 도착한 낯익은 이름의 편지 한 통에 당혹스러움을 감추지 못한다. 사연을 보낸 이는 바로 23년 전 가슴 한 켠에 묻어두었던 첫사랑의 이름 ‘정수옥’. 그녀의 손글씨로 정성스레 쓰인 노트를 보며 형준은 잊고 지냈던 23년 전의 기억들이 되살아나기 시작하는데…1991년, 여름방학을 맞아 ‘수옥’이 기다리고 있는 고향 섬마을에 모인 ‘범실’과 친구들. 다섯이어야 오롯이 하나가 되는 이들은 함께여서 더욱 빛나는 시간들로 여름날의 추억을 쌓아간다.그리고, ‘수옥’이 원하는 것이라면 뭐든지 해주고 싶은 ‘범실’의 마음…열일곱 ‘범실’과 ‘수옥’에게 잊을 수 없는 특별한 순간이 찾아온다!과거와 현재를 넘나드는 단 하나의 첫사랑!그 해 여름, 아련한 추억 속으로 음악비행이 시작된다!"
1000406,어린 의뢰인,671,1631919600,198211,2019,20190522,114,12세관람가,97.0,5464,9.14,118,"“제가 동생을 죽였어요”10살 소녀가 살인을 자백했다.7살 친동생을 죽였다는 소녀의 고백!그 속에 비밀이 있다는 걸 눈치 챈 변호사 ‘정엽’은 소녀의 변호를 맡고, 충격적인 진실을 마주하게 되는데…"
1000407,검객,832,1619781870,190237,2020,20200923,100,15세관람가,93.0,6442,8.62,100,"광해군 폐위 후, 스스로 자취를 감춘 조선 최고의 검객 ‘태율’(장혁).한편, 조선을 사이에 둔 청과 명의 대립으로 혼란은 극에 달하고, 청나라 황족 ‘구루타이’(조 타슬림)는 무리한 요구를 해대며 조선을 핍박한다. 백성들의 고통이 날로 더해가던 중, ‘구루타이’의 수하들에 의해 태율의 딸이 공녀로 잡혀가고 만다. 세상을 등진 채 조용히 살고자 했던 조선 최고의 검객 ‘태율’은 딸을 구하기 위한 자비 없는 검을 휘두르기 시작하는데..."
1000408,가문의 영광: 리턴즈,823,1608459160,167878,2023,20230921,99,15세관람가,60.0,4433,3.7,223,"전설의 가문이 돌아왔다!가문의 영광은 결혼?! 사생결단 결혼성사 대작전이 펼쳐진다!돈과 권력을 쥐고 있는 전설의 장씨 가문!가문의 수장 ‘홍회장’에게 골칫거리가 딱 하나 있는데, 비혼주의를 선언한 막내딸 ‘진경’이다.어느 날 ‘진경’은 처음 본 남자 ‘대서’와 하룻밤을 보내게 되고 이 사실을 알게 된 장씨 가문은 일등 사윗감의 조건을 두루 갖춘 ‘대서’와 ‘진경’을 결혼시키기 위해 온갖 음모를 꾸미기 시작하는데...장씨 가문에게 던져진 지상 최대의 과제!세기의 결혼은 과연 성공할 수 있을까?"
1000409,비스트,737,1596148590,202007,2019,20190626,131,15세관람가,,197,6.5,6,"누군가 범죄를 은폐해주는 대가로 뭘 받았다면 그게 뭘까? 그게 살인이라면 아주 큰 걸 받았겠지 대한민국을 뒤흔든 희대의 살인사건이 발생하고, 수단과 방법을 가리지 않고 범인을 잡아온 강력반 에이스 ‘한수’(이성민)는 후배 형사 '종찬'(최다니엘)과 범인을 잡기 위해 수사를 시작한다.한편, 마약 브로커 '춘배'(전혜진)는 살인을 은폐해주는 대가로 '한수'에게 살인마에 대한 결정적인 단서를 제공하고'한수'의 라이벌 형사 '민태'(유재명)가 이 사실을 눈치채면서 사건은 걷잡을 수 없는 방향으로 흘러가는데...!살인마를 잡기 위해 살인을 감추다누가 진짜 괴물인가?WHO IS THE BEAST?"
1000410,극장판 엄마 까투리: 도시로 간 까투리 가족,616,1591633099,171367,2019,20220908,76,전체관람가,97.0,2461,8.83,110,"대한민국 대표 애니메이션 ‘엄마 까투리’의 첫 번째 극장판새로운 보금자리를 찾아 나선 까투리 가족의 위대한 여정이 시작된다!엄마 까투리와 꺼병이 4남매는 평화로웠던 숲이 아파트 개발로 위험해지자, 정든 보금자리를 뒤로하고 서둘러 이사를 결심한다.건너편 산으로 가기 위해서는 위험천만한 도시 한 가운데를 지나야만 하는 상황!다행히 쥐돌이 가족의 도움으로 하룻밤 안식처를 구하지만, 그것도 잠시…호시탐탐 꺼병이들을 노리는 도시 길냥이들을 엄마가 혼쭐 내주는 사이, 꺼병이들은 사라져버리고, 아이들을 찾아 나서는 엄마 역시 큰 위험에 처하게 되는데…과연, 헤어진 엄마 까투리와 꺼병이 4남매는 무사히 새 집에 도착할 수 있을까?"
1000411,우상,900,1581839728,183784,2018,20190320,144,15세관람가,66.0,9471,6.6,163,"아들의 사고로 정치 인생 최악의 위기를 맞게 된 남자청렴한 도덕성으로 시민들의 뜨거운 지지를 받으며 차기 도지사로 주목받고 있는 도의원 구명회(한석규), 어느 날 아들이 교통사고를 내고 이를 은폐한 사실을 알게 된다. 신망받는 자신의 정치 인생이 무엇보다 중요했던 그는 아들을 자수시킨다. 목숨 같은 아들이 죽고 진실을 쫓는 아버지오직 아들만이 세상의 전부인 유중식(설경구)은 지체 장애 아들 부남을 위해서라면 못할 것이 없다. 자신의 모든 것인 아들이 갑자기 교통사고를 당해 싸늘한 시체로 돌아오자 절망에 빠진다. 사고 당일 아들의 행적을 이해할 수 없고, 함께 있다 자취를 감춘 며느리 최련화(천우희)를 찾기 위해 경찰에 도움을 청하지만 그의 말을 들어주는 사람은 없다. 아들의 죽음 너머에 드리운 비밀을 밝히기 위해 중식은 홀로 사고를 파헤치기 시작한다. 사건 당일 비밀을 거머쥔 채 사라진 여자한편 그날 밤 사고의 진실을 유일하게 알고 있는 최련화, 부남과 함께 있다 연기처럼 사라져버린 그녀에게는 아무도 알지 못하는, 알아서도 안 될 진실이 숨겨져 있는데… 그날의 사고로 모든 것은 시작되었다!"
1000412,새해전야,906,1563530850,169789,2020,20210210,114,12세관람가,86.0,7123,8.38,185,올해는 현.망.진.창!새해는 괜.찮.겠.죠?강력반에서 좌천되어 신변보호 업무를 떠 맡게 된 이혼 4년 차 자.만.추 형사 ‘지호’(김강우)와 이혼 소송 중 신변보호를 요청한 완벽주의 재활 트레이너 ‘효영’(유인나)현타와 함께 찾아온 번아웃에 아르헨티나로 도망친 현지 와인 배달원 ‘재헌’(유연석)과 일방적인 남친의 이별통보에 무작정 아르헨티나로 떠난 스키장 비정규직 ‘진아’(이연희)사기를 당해 결혼 자금 탈탈 털린 여행사 대표 ‘용찬’(이동휘)과 결혼을 앞두고 한국지사로 발령받아 온 대륙의 예비 신부 ‘야오린’(천두링)그리고 하나뿐인 남동생 국제결혼에 심란한 동생 바라기 예비 시누이 ‘용미’(염혜란)세상의 편견에 부딪혀 오랜 연인에게 미안한 패럴림픽 국가대표 ‘래환’(유태오)과 사랑 앞에 어떤 장애도 없다고 믿는 씩씩한 긍정퀸 원예사 ‘오월’(최수영)새해까지 남은 시간 일주일한 뼘 더 행복해지고 싶은 네 커플의 두렵지만 설렘 가득한 이야기기 시작된다!
1000413,덕수리 5형제,346,1560183200,206953,2014,20141204,102,15세관람가,68.0,3219,7.33,195,"충남 태안군 이원면 덕수리!가족의 평화를 위협하는 '덕'수리 5형제가 떴다!만났다 하면, 물고 뜯고 싸우는 웬수 같은 5형제가 부모님의 부름으로 한자리에 모인다 하지만, 당연히 집에 있어야 할 부모님이 갑자기 사.라.졌.다?! 사라진 부모님을 찾아라! 웬수 같은 5형제의 합동수사작전!행방불명 된 부모님을 찾기 위해 파출소에 신고도 해보지만 아무도 거들떠 보지 않고, 조용한 줄로만 알았던 덕수리 마을의 모든 것이 의심스러워지기 시작 하는데…서로 힘을 합쳐 똘똘 뭉쳐도 모자랄 판에 눈만 마주치면 으르렁대는 5형제는 과연 제대로 된 수사작전을 펼쳐서 부모님을 찾아낼 수 있을까?"
1000414,브레드이발소: 셀럽 인 베이커리타운,342,1556568690,183479,2024,20240301,64,전체관람가,97.0,3654,8.4,210,"No.1 애니메이션 '브레드이발소'의 첫 번째 영화 프로젝트!천재 이발사 ‘브레드’와 사고뭉치 조수 ‘윌크’가 일하는 브레드이발소!이들 앞에 베이커리타운 셀럽들이 찾아온다 베이커리타운 최고의 아이돌 ‘마카롱’!No.1 걸그룹을 꿈꾸는 ‘캔디즈’,베이커리타운 힙합계를 접수한 화려한 래퍼 군단까지초특급 빵스타들 총출동!다들 빵! 빵! 터질 준비는 됐겠지?브레드이발소: 셀럽 인 베이커리타운!"
1000415,방법: 재차의,838,1542513510,172969,2020,20210728,109,15세관람가,90.0,6735,7.36,134,"되살아난 시체 '재차의'(在此矣)가 살인을 저질렀다!살인사건 현장에서 피해자와 함께 용의자도 사체로 발견된다.그러나 용의자의 시신은 이미 3개월 전 사망한 것으로 밝혀져 경찰은 혼란에 빠진다.한편 미스터리를 추적하는 기자 임진희는 라디오 출연 중 자신이 바로 그 살인사건의 진범이며 생방송 인터뷰를 진행하고 싶다는 전화를 받게 된다.경찰과 네티즌은 임진희 기자의 온라인 생방송을 일제히 주목하고 인터뷰 당일 그 곳에 나타난 범인은 되살아난 시체 '재차의'에 의한 3번의 살인을 예고하는데…첫 번째 살인이 예고된 날, 엄청난 수의 ‘재차의’ 군단이 나타나 무차별 습격을 시작하고 총력 방어에 나선 경찰 당국은 속수무책으로 당하고 만다.과연 이들을 조종하고 있는 배후는 누구일까?올여름, 이들을 막아낼 유일한 ‘방법'(謗法)이 온다!"
1000416,언더독,612,1485934830,193484,2018,20190116,102,전체관람가,97.0,4474,9.48,355,하루 아침에 운명이 바뀐 강아지 ‘뭉치’가 각기 다른 개성으로 똘똘 뭉친 친구들과 함께 진정한 자유를 찾아 떠나며 펼쳐지는 모험을 그린 견생역전 프로젝트.
1000417,공기살인,756,1473339250,158265,2022,20220422,108,12세관람가,93.0,3799,8.28,83,"“알고 있었죠, 사람이 죽을 수도 있다는 거”봄이 되면 나타났다 여름이 되면 사라지는 죽음의 병.공기를 타고 대한민국에 죽음을 몰고 온 살인무기의 실체를 밝히기 위한 그들의 사투.증발된 범인, 피해자는 증발되지 않았다!"
1000418,두번할까요,658,1449660120,174938,2019,20191017,112,15세관람가,77.0,6282,7.18,92,"그 날의 ‘이혼식’ 이후 제대로 꼬이기 시작했다?!꿈꿔왔던 싱글라이프 ‘현우’쪽팔림을 무릅쓰고 감행했던 이혼식 후, 드디어 싱글라이프 입성!꿈꿔왔던 자유를 되찾은 것도 잠시... 엑스와이프 '선영'이 다시 돌아왔다.게다가 옛 친구 '상철'까지 달고!원치않던 싱글라이프 ‘선영’꼭 해야만(?)했던 이혼식 후, 어쩌다 보니 싱글라이프 입성!원수 같던 '현우'와 헤어지긴 했지만 그 없이는 어려운 일 투성이다.그러던 어느 날, 모든 게 완벽한 '상철'이 나타났다!끝내고픈 싱글라이프 ‘상철’이상형 '선영'과의 강렬한(!) 만남 후, 잘만하면 싱글라이프 청산 가능!얼굴, 능력 다 되지만 연애는 어떻게 하는 건지 도통 모르겠다.별 수 없이 연애 상담을 위해 '현우'를 찾아가는데!다시 얽혀버린 세 남녀의 출구 없는 싱글라이프가 펼쳐진다!"
1000419,진범,224,1424601000,167333,2018,20190710,100,15세관람가,,,7.4,149,"피해자의 남편 VS 용의자의 아내아내가 죽은 그날의 진실을 찾고 싶은 ‘영훈’(송새벽)과 남편의 무죄를 밝히기 위해 그의 증언이 필요한 ‘다연’(유선).‘영훈’은 증언의 대가로 함께 진실을 찾자는 제안을 하고, ‘다연’은 남편을 구하기 위해 ‘영훈’과 사건을 쫓기 시작한다.사건을 재구성하던 어느 날, ‘다연’은 ‘영훈’의 집에서 사라진 증거를 발견하고, ‘영훈’은 ‘다연’의 거짓말을 알게 된다.그렇게 진실에 다가갈수록 서로를 향한 의심은 커져만 가는데…의심을 숨긴 위험한 공조가 시작된다!"
1000420,자전차왕 엄복동,624,1304861670,172212,2018,20190227,116,12세관람가,84.0,5687,7.4,174,"일제강점기, 일본에서는 조선의 민족의식을 꺾고 그들의 지배력을 과시하기 위해 전조선자전차대회를 개최한다.하지만 일본 최고의 선수들을 제치고 조선인 최초로 우승을 차지한 엄복동의 등장으로 일본의 계략은 실패로 돌아가고, 계속되는 무패행진으로 ‘민족 영웅’으로 떠오른 그의 존재에 조선 전역은 들끓기 시작한다.때맞춰 애국단의 활약까지 거세지자 위기감을 느낀 일본은 엄복동의 우승을 막고 조선인들의 사기를 꺾기 위해최후의 자전차 대회를 개최하는데...일제강점기, 그 어느 때보다 뜨거웠던 한일전이 시작된다!"
1000421,채비,480,1249977864,175889,2017,20171109,114,12세관람가,94.0,2476,8.81,274,"30년 전통의 프로 잔소리꾼 vs 30년 내공의 프로 사고뭉치 특별한 모자가 그려낸 분주한 이별 준비 일곱살 같은 서른살 아들 인규를 24시간 특별 케어(?) 하느라 어느 새 30년 프로 잔소리꾼이 된 엄마 애순 씨는 앞으로 아들과 함께 할 시간이 많지 않음을 알게 된다.자신이 떠난 후 남겨질 아들을 생각하니 또다시 걱정만 한 가득인 애순 씨는 세상과 어울리며 홀로 살아갈 인규를 위한 그녀만의 특별한 체크 리스트를 작성하고, 잠시 소원했던 첫째 딸 문경과 동네 사람들의 도움을 받으며 빈칸을 하나씩 채워나가기 시작하는데..."
1000422,대배우,474,1245426228,169855,2015,20160330,108,12세관람가,77.0,2855,7.11,179,"대배우를 꿈꾸는 20년차 무명배우 장성필!아동극 ‘플란다스의 개’의 파트라슈 역할 전문으로 20년째 대학로를 지키고 있는 ‘성필’. 극단 생활을 함께했던 ‘설강식’이 국민배우로 승승장구하는 것을 보며 언젠가 자신도 대배우가 되리라 다짐한다. 하지만 여전히 대사 한마디 없는 개 역할에서 벗어나기 어렵고, 이제는 가족들마저 짐처럼 느껴지기 시작한다.세계적인 깐느박 감독 작품 신인 배우 모집!전세계가 인정한 대한민국 대표감독 ‘깐느박’. 그가 새영화  악마의 피 의 사제 역할로 뉴페이스를 찾고 있다. '성필'에게는 자신의 연기를 만인 앞에 선보일 수 있는 절호의 찬스! ‘성필’은 일생일대의 메소드 연기를 준비하는데…"
1000423,보호자,685,1235354700,128133,2021,20230815,98,15세관람가,,59,5.39,780,"“살면서 내가 선택했던 모든 것을 다 후회했어”10년 만에 출소한 ‘수혁’(정우성)은 자신에게 딸이 있다는 사실을 알게 되고 조직을 떠나 평범하게 살기로 결심한다.‘수혁’의 출소를 기다리던 보스 ‘응국’(박성웅)은 ‘수혁’에게 배신감을 느끼고 자신의 오른팔이자 조직의 2인자 ‘성준’(김준한)에게 그를 감시하라 지시한다.‘수혁’에 대한 열등감으로 가득 찬 ‘성준’은 일명 세탁기라 불리는 2인조 해결사 ‘우진’(김남길)과 ‘진아’(박유나)에게 ‘수혁’을 제거할 것을 의뢰하고 자신들의 방식대로 무자비하게 타겟을 처리하는 이들은 ‘수혁’을 죽이기 위해 접근하는데…평범한 삶, 가장 위험한 꿈이 되었다"
1000424,보호자,685,1235354700,128133,2013,20140410,88,15세관람가,,59,5.39,780,"하나의 사건, 사라진 두 아이, 그리고 세 명의 범인…아담한 꽃집을 운영하며 아들과 딸, 그리고 아내와 함께 행복을 꾸려가던 '전모'. 어느 날 그에게 전화 한 통이 걸려 온다. 딸이 유괴된 사실을 알게 된 그는 침착하게 대응하며 모든 요구를 들어주려 하지만, 불가능에 가까운 유괴범의 시험은 계속된다. 간발의 차이로 약속 시간에 늦고 마는 '전모'에게 범인은 벌칙을 주기로 하고, '전모'는 귀를 의심할 수 밖에 없는 황당한 제안을 받게 되는데… 저기, 저 아이를 유괴하세요. 내 아이를 구하려면 또 다른 아이를 유괴해야 한다!"
1000425,나를 기억해,545,1227953892,140849,2017,20180419,102,19세관람가(청소년관람불가),87.0,4014,8.13,151,"다른 시간, 다른 장소에서 벌어지는 동일한 수법의 범죄. 의문의 연쇄 범죄에 휘말린 여교사와 전직 형사가 사건의 실체를 파헤치는 미스터리 범죄 스릴러고등학교 여교사 ‘서린’은 책상에 놓인 커피를 마신 뒤 취한 듯 잠든다. 다음날, ‘마스터’라는 정체불명의 발신자가 보낸 한 통의 문자. “좋은 꿈 꿨어요?” 그리고 셔츠가 풀어헤쳐진 여자의 사진, 바로 서린 자신이다! 서린은 오래 전 한 사건으로 얽힌 전직형사 국철과 함께 ‘마스터’의 실체를 파헤친다. 서린의 학교 여학생들도 연쇄적으로 범행의 대상이 되는 가운데, 마스터의 정체는 미궁으로 빠지는데...   주위의 누구도 믿을 수 없다. 마스터, 당신 대체 누구야!"
1000426,파이프라인,777,1200729450,136680,2019,20210526,108,15세관람가,77.0,6000,7.52,95,"목표는 하나, 목적은 여섯!화끈하게 뚫고, 완벽하게 빼돌려라!손만 대면 대박을 터트리는 도유 업계 최고 천공기술자 ‘핀돌이’는 수천억의 기름을 빼돌리기 위해 거대한 판을 짠 대기업 후계자 ‘건우’의 거부할 수 없는 제안에 빠져 위험천만한 도유 작전에 합류한다.프로 용접공 '접새', 땅 속을 장기판처럼 꿰고 있는 '나과장',괴력의 인간 굴착기 '큰삽', 이 모든 이들을 감시하는 '카운터'까지!그러나 저마다 다른 목적을 가진 이들이 서로를 속고 속이면서 계획은 예상치 못한 방향으로 흘러가기 시작하는데...인생 역전을 꿈꾸는 여섯 명의 도유꾼들 그들의 막장 팀플레이가 시작된다!"
1000427,극장판 슈퍼윙스: 맥시멈 스피드,407,1192070958,135976,2023,20230720,89,전체관람가,95.0,2020,8.17,29,"세상에서 가장 빠른 비행기 ‘호기’ 장난감 악당에 맞서 지구를 구해줘! 누구보다 빠른 스피드로 사람들에게 꿈과 희망을 배달하는 ‘호기’! 장난감이 인기가 없어져 버린 세상에서 악당 ‘빌리윌리’는 유튜브 스타들을 납치해 우주로 날려버릴 무시무시한 음모를 세운다. 100만 유튜버 ‘다인’은 납치된 엄마를 구하기 위해 ‘호기’와 함께 ‘빌리윌리’를 찾아나서는데…! 과연, ‘호기’는 ‘맥시멈 스피드’로 지구를 구할 수 있을까?"
1000428,아빠를 빌려드립니다,326,1188673500,172445,2013,20141120,112,12세관람가,80.0,2594,8.37,123,"저는 아빠를 내놓겠습니다! 명문대 출신이지만 하는 일 마다 실패하고, 10년째 백수 생활 중인 태만(김상경).집에서 빈둥대며 엄마 지수(문정희)에게 잔소리만 듣는 아빠를 보다 못한 딸 아영(최다인)은학교 나눔의 날에 폭탄 선언을 하게 된다. 저는 아빠를 내놓겠습니다! 그 날 이후 태만의 핸드폰으로 '아빠가 되어달라는' 수상한 전화들이 걸려오는데!바로 아영이가 학교 나눔의 날에 이어 중고나라에도 태만을 올려놓은 것. 아영이 아빠도 딴 아빠들처럼 일했으면 좋겠어 라는 딸의 진심에태만은 아내 지수 몰래 아영, 그리고 절친 승일(조재윤)과 함께 아빠 렌탈 사업을 시작하게 된다. 아빠를 절실히 필요로 하는 다양한 사람들의 의뢰를 받으면서본의 아니게(!) 사업은 나날이 번창해가고! 가족의 행복을 위한 태만의 이유 있는 이중생활이 시작된다.온 국민 행복 재생 코미디! 11월, 당신의 아빠가 달라집니다!"
1000429,워킹걸,308,1183887479,149181,2014,20150107,111,19세관람가(청소년관람불가),79.0,3844,6.98,208,"그것 좀 치워줄래? 남편과의 섹스보다 업무성과가 좋을 때 쾌감을 느끼는 워커홀릭 보희직장에서는 최고 에이스, 가정생활은 형편없는 보희(조여정)는승진을 앞둔 중요한 프레젠테이션에서 치명적인 실수를 저질러 해고를 당한다.엎친 데 덮친 격, 집에서 그녀를 기다리는 건 남편의 이별통보가 담긴 메세지뿐! 설마 아직도 못 느껴봤어? 섹스샵 오너이자 제대로된 엔조이(?) 세계의 전도사 난희여자는 그것(?) 느껴본 여자와 못 느껴본 여자로 나뉜다는 그녀만의 철학으로 누구보다 섹스에 대해 박학다식하다.그러나 정작 본인의 섹스샵은 빨간딱지로 가득한데……누구보다 완벽할것 같지만 정작 실체는 허당인 그녀들하루 아침에 쪽박 인생이 된 두 워킹걸의 은밀한 동업이 시작된다!"
1000430,비정규직 특수요원,497,1150732700,149719,2016,20170316,117,15세관람가,74.0,3422,7.25,178,"국가안보국, 외교부, 국방부, 법무부까지!대한민국 최고기관들이 보이스피싱에 탈탈 털렸다만년알바인생 ‘장영실’(강예원)은 35살의 나이에 국가안보국 댓글요원으로 임시 취업하지만그마저도 정리해고 1순위에 놓인다.그러던 중 국가안보국 예산이 보이스피싱에 털리는 사건이 발생하고자신의 실수로 벌어진 사건을 조심스레 은폐시키고 싶던 박차장은 비밀리에 영실을 보이스피싱 조직에 잠입시킨다. 그러나 그 곳에는 이미 사건 해결이라면 물불 가리지 않는경찰청 미친X 형사 ‘나정안’(한채아)이 잠복근무중인데…직장사수 vs 임무완수날아간 국가예산을 환수하기 위한 불편하고 수상한 합동수사가 시작된다"
1000431,달빛궁궐,425,1134639700,151360,2016,20160907,80,전체관람가,85.0,1222,7.78,420,"떠나자! 환상의 세계로~달빛세계로 통하는 문이 열렸다!우연히 창덕궁 속 환상의 세계 '달빛궁궐'로 들어가게 된 열세살 소녀 '현주리'(김서영).그곳에서 사고뭉치 '다람이'(김슬기)와 훈남무사 '원'(권율)을 만난 현주리는 집으로 돌아가기 위해 길을 찾아 나서지만, 시간을 움직이는 자격루의 열쇠를 차지해 달빛궁궐을 지배하려는 '매화부인'(이하늬)의 계략으로 모두 위험에 빠지는데...과연 현주리는 위기에 빠진 달빛궁궐을 구하고 집으로 돌아갈 수 있을까?"
1000432,은밀한 유혹,394,1112423247,142405,2014,20150604,110,15세관람가,52.0,3302,6.87,149,"갖고 싶은 인생, 치명적인 제안을 받다.믿었던 친구에게 배신 당하고 사채업자들에게 쫓기며 돈도, 미래도 모든 것이 절박한 여자 ‘지연’(임수정). 그녀 앞에 천문학적인 재산을 소유한 마카오 카지노그룹의 비서 ‘성열’(유연석)이 나타나 인생을 바꿀 위험한 거래를 제안한다. 그 제안은 바로 그룹의 ‘회장’(이경영)을 사로잡아 그의 전 재산을 상속받는 신데렐라가 되라는 것. 단, 성공 시 그 재산의 절반을 그와 나누는 것을 조건으로 내건다. 달콤한 만큼 위험한 제안이지만 성열에게 강한 끌림을 느낀 지연은 마침내 회장의 호화 요트에 오르게 되는데...신데렐라를 향한 위험한 거래가 시작된다!"
1000433,가시,356,1094017000,141956,2013,20140410,117,19세관람가(청소년관람불가),35.0,2319,6.98,115,"그 아이가 나타나고 모든 것이 변하기 시작했다.사랑이라는 잔혹한 집착이 불러온 파멸학교 내 여학생들의 로망, 선생님 준기(장혁)는 자신을 향한 영은(조보아)의 당돌하고 솔직한 고백에 신선한 자극을 느낀다. 순수해서 더 적극적인 영은을 보며 심장이 뛰는 설렘을 느낀 준기는 이 위험한 감정을 멈춰야겠다고 결심한다. 준기와는 달리 사랑의 감정을 점점 키워가며 행복해하던 영은은 자신을 피하는 준기에게 다가가기 위해 준기의 아내 서연(선우선)을 비롯한 주변 사람들에게 접근하기 시작하고 준기의 불안은 점점 커져만 가는데..."
1000434,극장판 또봇: 로봇군단의 습격,231,1089135300,141592,2017,20170427,80,전체관람가,98.0,3257,9.38,229,"제주도로 여행을 떠난 아빠 ‘도운’과 쌍둥이 형제 ‘하나’와 ‘두리’.즐거운 시간도 잠시, 일을 하겠다며 떠난 아빠에 서운함을 느낀다. 한편, 제주도는 정체불명의 로봇군단에게 습격을 받고, 이를 구하고자 나선 또봇과 친구들은 악당 로봇이 되어 공격해오는 아빠와 마주하게 되는데…!인간을 로봇으로 만들려는 악당의 음모에 맞서 아빠를 구하라!"
1000435,0.0MHz,446,1088258860,137294,2018,20190529,102,15세관람가,67.0,2400,6.37,97,"에디슨의 마지막 발명품, 유령 탐지기?“증명할 수 없는 미스터리란 없다”가지 말라는 곳에 가야 하는 이유가 있다세상에 일어나는 초자연 미스터리를 분석하는 동아리 0.0MHz 멤버들이 귀신을 부르는 주파수를 증명하기 위해 우하리의 한 흉가를 찾은 후 기이한 현상이 멈추지 않는데…"
1000436,서울괴담,474,1076281490,112725,2021,20220427,123,15세관람가,67.0,589,5.36,87,"어두운 터널을 홀로 지날 때의 두려움옆집에서 들려오는 의문의 소리중고 가구에 얽힌 미스터리다른 사람을 향한 그릇된 질투복수, 저주, 욕망에서 시작된 죽음보다 더한 공포의 실체가 찾아온다!"
1000437,극장판 안녕 자두야: 제주도의 비밀,618,1068187980,121169,2021,20220127,90,전체관람가,95.0,1484,8.15,55,"‘자두’는 제주도 가족여행에서 만난 엄친딸 제주 소녀 ‘전복’이가 못마땅하다.게다가 ‘윤석’이를 바라보는 저 하트 눈빛은 뭐람!베프 윤석이를 전복이가 독차지하자 화가 난 자두는 실수로 돌하르방을 넘어뜨리고, 먼 옛날 저주를 품고 봉인된 ‘보리’가 깨어난다.보리가 쏜 돌하르방 빔에 맞은 사람들은 돌이 되어 굳어 버리고, 자두와 친구들은 모두를 원상태로 되돌릴 방법을 찾아 나서는데…제주도로 자! 떠나보자 두!명랑히어로 자두의 판타스틱 어드벤처!제주도의 운명이 걸린 초특급 비밀은 과연 무엇일까?"
1000438,필사의 추격,634,1055865807,121335,2024,20240821,109,15세이상관람가,76.0,3056,5.84,405,"완벽한 변장술로 형사들을 크게 뺑이 치게 만들어 빅뺑이라 불리는 사기꾼 김인해(박성웅), 말보다 주먹이 빠른 분노조절장애 형사 조수광(곽시양),피도 눈물도 없는 보스 주린팡(윤경호)까지 각기 다른 이유로 제주도에서 운명적으로 조우한 세 사람! 도망칠 곳 없는 제주에 발을 디딘 그들의 쫓고 쫓기는 대환장 추격이 시작된다!"
1000439,나의 절친 악당들,384,1054470664,133553,2014,20150625,109,15세관람가,52.0,2687,5.45,160,"나쁜 놈들이 판치는 세상!나쁜 놈에 맞서려면 더 나쁜 놈이 되어야 한다!잘난 척하지 않는 지누와 착한 척하지 않는 나미우연히 발견한 돈가방을 통 크게 나눠 갖기로 한다.하지만 이를 되찾으려는 일당들은 두 사람을 점점 조여오고,위험천만한 상황 앞에서 진짜 악당이 되기로 한 지누와 나미그들의 멈추지 않는 질주가 시작된다6월 25일, 끝내주는 놈들이 온다!"
1000440,맨홀,286,1053876130,129732,2014,20141008,100,19세관람가(청소년관람불가),90.0,1255,8.13,15,"서울의 한 동네, 6개월 간 10여 명이 흔적도 없이 사라졌다.실종된 사람들이 어디로 갔는지, 누가 그들을 데리고 갔는지 작은 실마리조차 풀리지 않아주민들의 불안은 점점 커져만 간다.그러던 중 맨홀 뚜껑에서 주인을 알 수 없는 머리카락과 핏자국이 발견됐다!평화로운 일상을 위협하는 맨홀도대체 그 안에서는 무슨 일이 벌어지고 있는가?"
1000441,정국: 아이 엠 스틸,97,1048561500,41965,2024,20240918,94,전체관람가,99.0,2020,9.1,103,"‘21세기 팝 아티스트' 방탄소년단의 정국,그가 2023년 7월, 첫 솔로 싱글 ‘Seven(feat. Latto)’을 발표하며 ‘글로벌 팝스타'로 거듭났다.- ‘Seven’, 아시아 솔로 아티스트 최초 빌보드 HOT 100, Global 200, Global 200 Excl. US 1위 올킬- ‘Seven’ 스포티파이 역사상 최단기간 10억 스트리밍 달성- ‘Seven’, ‘3D (feat. Jack Harlow)’, ‘Standing Next to You’...빌보드 HOT 100 10위권에 3곡을 올린 유일한 K-팝 솔로 가수- ‘GOLDEN’ 빌보드 200서 24주 연속 진입…K-팝 솔로 앨범 최장기 차트인!Seven, 3D, Standing Next to You를 연달아 히트시키며 2020년대를 대표하는 남성 솔로 가수로 자리매김한 정국.‘K-팝 솔로 최초’, ‘유일무이’ 등 각종 수식어가 따라오는 정국이지만 아미(ARMY)에게 부끄럽지 않은 자랑스러운 아티스트가 되기 위해 끊임없이 노력하고 성장한다.“저는 제 나침반 보고 갑니다”타고난 재능, 그 속의 빛나는 노력으로 자신만의 길을 나아가는 아티스트 정국.그의 첫 솔로 싱글부터 GOLDEN 앨범 활동기까지 뉴욕, 런던, 서울 등 세계 각지를 누비며 진행된 약 8개월간의 ‘황금빛 순간’.그간 보지 못했던 미공개 인터뷰와 비하인드, 그리고 전 세계 224개 국가/지역의 팬들과 온오프라인에서 함께했던 ‘Jung Kook ‘GOLDEN’ Live On Stage’ 그날의 현장으로!여전히 하고 싶은 것도, 보여줄 것도 많은 정국의 이야기"
1000442,캐리와 슈퍼콜라,474,1004792719,108487,2022,20230118,79,전체관람가,93.0,1192,7.52,88,내 친구 ‘콜라’에게 초능력이 생겼다…?!우주 악당 ‘스펙터’에게 쫓기던 외계인 ‘마스터’는 우연히 지구에 불시착하게 되고 ‘캐리’의 가장 소중한 인형 ‘콜라’의 몸속에 들어가게 된다.그렇게 처음 ‘슈퍼콜라’와 만나게 된 11살 캐리와 친구들!자유자재로 사물을 움직일 수 있는 초능력 덕분에 ‘캐리’의 하나뿐인 비밀친구가 된 ‘슈퍼 콜라’!그러나 평온함도 잠시. 무리한 초능력 사용으로 ‘스펙터’ 일당의 레이더에 걸린 ‘슈퍼콜라’는 결국 악당의 우주선으로 잡혀가고 마는데!용감무쌍 캐리의 슈퍼파워 콜라 구출 대작전!
1000443,로마의 휴일,436,993321176,134827,2017,20170830,108,15세관람가,82.0,2169,9.06,531,"엉뚱 삼총사 인생에도 한 방은 있다!일확천금 만수르의 꿈, '로마의 휴일'에서 이루어질까?돈은 없지만 깡다구가 있고, 희망은 없지만 우정은 가득한 세 남자, 진지한 놈 '인한'(임창정), 신난 놈 '기주'(공형진), 순수한 놈 '두만'(정상훈)은 죽기 전, 원 없이 돈을 써보겠다는 일념으로 현금수송 차량을 탈취하는 계획을 세우고 성공한다! 하지만 돈 냄새도 잠시, 경찰에 쫓겨 '로마의 휴일' 나이트 클럽에 숨게 되고, 이상하게 흥이 오르는 묘한 분위기 속에서 사생결단 인질극이 시작된다. 과연 이들은 돈을 지키고 인생 역전을 할 수 있을 것인가?"
1000444,시간위의 집,454,987958600,124601,2016,20170405,100,15세관람가,80.0,3023,,,"남편과 아들을 살해한 여자그날 밤, 그곳에는 그녀 혼자가 아니었다남편과 아들을 살해한 혐의로 체포된 미희는 25년의 수감 생활 후, 사건이 발생한 그 집으로 돌아온다. 유일하게 미희를 믿는 최신부는 그녀를 찾아가 진실을 묻지만, 미희는 ‘그들이 남편을 죽이고, 아이를 데려갔다’는 말만을 되풀이한다. 사건의 진실을 파헤치던 최신부는 그 집에 무언가 있다고 확신하게 된다. 최신부가 집을 떠날 것을 경고한 그날 밤, 홀로 남은 미희는 25년 전 그날처럼 집 안에 또 다른 누군가가 있음을 깨닫는데…“아직 그들은 이 집에 있어!”"
1000445,뉴 노멀,546,973948873,101636,2023,20231108,113,15세관람가,77.0,3653,7.63,392,"모두가 혼자인 사람들. 일상이라는 이름 뒤에 서로가 서로를 알지 못한 채 부유하는 이들의 삶은 얼마나 공허하고 위태로운가. 한국 공포영화의 새로운 국면을 연  곤지암  이후 4년 만에 발표하는 정범식 감독의 신작  뉴 노멀 은 ‘혼밥’이 당연해진 고독한 시대, 저마다의 외로움과 고단함을 짊어진 이들이 서로 스치며 벌어지는 섬뜩하면서도 쓸쓸한 이야기를 담고 있다.감독의 데뷔작  기담 이 격변의 시대였던 일제강점기 1942년 경성에서 벌어진 나흘간의 기록이었다면,  뉴 노멀 은 80년이 지난 지금 전 인류가 한 번도 겪어보지 못한 혼돈의 시대 2022년 서울과 그 인근에서 벌어지는 또 다른 나흘간의 기록이다.어쩌면 흔하다 할 일상과 공간 속에 숨겨진 예기치 않은 위험과 공포의 정체를 그려가며 좀처럼 결말을 예측키 어려운 ‘한 끗 다른 서스펜스’의 진수를 선사한다. 더불어 일상 속 존재들을 연기한 최지우, 이유미, 최민호, 표지훈, 정동원, 하다인 등 쟁쟁한 배우들의 조합 역시 이제까지 만나지 못했던 존재감으로 영화의 서스펜스를 증폭시킨다.유례없는 혼돈의 시대를 통과하며 모든 삶의 모습과 관계에 있어 새로운 정의가 요구되는 ‘뉴 노멀’의 시대, 일상 속의 서스펜스를 촘촘하게 직조해 내는 정범식 감독이 제안하는 새로운 현재, 새로운 일상에 대한 통찰력 가득한 예언서. (모은영)"
1000446,퇴마: 무녀굴,331,951843500,120802,2015,20150820,105,15세관람가,43.0,2201,6.8,405,"“제게 숨기는 게 있으시면 안됩니다.”유명한 정신과 전문의 ‘진명’은 그의 조수이자 영매인 ‘지광’과 함께 퇴마를 하는 ‘퇴마사’이다.평소처럼 빙의 환자를 치료하던 어느 날, 절친한 선배에게서 의문의 메일이 왔다.그리고 갑작스러운 선배의 죽음으로 찾아간 장례식장에서 무서운 기운을 느꼈다.그 곳에서 그녀를 만났다!“선생님… 제발… 도와주세요……”하루에도 몇 번씩 다른 사람처럼 변하고 이따금 기억을 잃는 ‘금주’.얼마 전 남편의 죽음도, 점점 변해가는 딸의 모습도 나 때문인 것 같아 괴롭다.남편의 장례식장에 그의 후배라는 정신과 의사 ‘진명'이 찾아왔다.내 안에 또 다른 뭔가 있는 게 분명하다!그의 도움이 필요하다! 그녀와 얽힌 끔찍한 비밀! 지금 끝내지 않으면 또 다른 누군가가 피해를 입을 수 있다!"
1000447,미드나이트,693,928954870,106012,2020,20210630,103,15세관람가,82.0,6023,8.34,143,"소리를 들을 수 없는 목격자, 연쇄살인마의 타겟이 되다! 청각장애를 가진 '경미'는 귀가하던 길에 피를 흘리며 쓰러져 있는 '소정'을 목격하고, 그녀를 도와주려다 연쇄살인마 '도식'의 새로운 타겟이 된다.살고 싶다는 의지로 미친듯이 도망치는 '경미' 하지만 살인마의 발소리조차 들을 수 없고, '도식'은 또 다른 얼굴로 나타나 경미를 위협하는데...한밤중, 서울 한복판에서 펼쳐지는 연쇄살인마와 그의 타겟이 된 '경미'의 멈출 수 없는 추격전!올여름, 극강의 음소거 추격 스릴러가 온다!"
1000448,극장판 꼬마버스 타요의 에이스 구출작전,200,906299900,135478,2015,20160121,46,전체관람가,,,8.81,79,"내 친구 에이스를 구해줘!”어느 날, 두리와 헤어져 우연히 버려진 장난감들의 나라로 가게 된 에이스.에이스를 찾아 헤매던 타요와 친구들 또한 ‘장난감 나라’로 빨려 들어가게 된다.그곳에서 갇혀있는 에이스를 발견한 것도 잠시, 타요와 친구들은 ‘장난감 나라’ 여왕에게 쫓기게 되는데…과연 타요와 친구들은 여왕을 물리치고 에이스를 구해낼 수 있을까?"
1000449,보고타: 마지막 기회의 땅,1029,905338890,100941,2024,20241231,107,15세이상관람가,78.0,8521,6.23,649,"희망 없는 인생, 기회는 바로 그 곳에 있었다.1997년 IMF의 후폭풍을 피하지 못한 국희(송중기)와 가족들은 지구 반대편 콜롬비아 보고타로 향한다. 낯선 땅에서 살아남기 위해, 한인 상인회의 권력을 쥔 박병장(권해효) 밑에서 일을 시작한 국희. 성실함으로 박병장의 눈에 띈 국희는 박병장의 테스트로 의류 밀수 현장에 가담하게 되고, 콜롬비아 세관에게 걸릴 위기 상황 속에서 목숨 걸고 박병장의 물건을 지켜내며 박병장은 물론 통관 브로커 수영(이희준)에게도 강렬하게 존재감을 각인시킨다. 곧 수영이 국희에게 위험한 제안을 하고, 이를 눈치 챈 박병장 또한 새로운 계획을 세우며 국희를 시험에 들게 한다.본인의 선택으로 보고타 한인 사회의 판도를 바꿀 수 있음을 체감한 국희는 점점 더 큰 성공을 열망하게 되는데…"
1000450,디바,831,901717350,108122,2018,20200923,84,15세관람가,79.0,4702,7.0,1,"두려움의 높이, 10미터 다이빙대의 끝에서 아름답게 낙하하다 전 세계가 주목하는 다이빙계의 디바 ‘이영’은 어느 날 동료이자 절친 ‘수진’과 함께 교통사고를 당한다.사고 후 실종된 ‘수진’을 향한 ‘이영’의 애틋함과 달리 동료들은 ‘수진’에 대해 의문스러운 말들을 쏟아내고, 혼란스러운 와중에도 ‘이영’은 완벽한 실력을 되찾아야만 한다.결국 최고를 지키고자 하는 강렬한 욕망과 ‘수진’의 진심에 대한 두려움은 ‘이영’을 점점 광기를 몰아넣는데…다이빙계의 디바알 수 없는 깊이의 두려움 속으로 빠져들다"
1000451,암전,423,898461215,101913,2018,20190815,86,15세관람가,64.0,2114,5.06,50,"“너도 보고 싶지? 그 영화!”8년째 공포영화를 준비하던 신인 감독 ‘미정’은 어느 날 후배로부터 지나친 잔혹함으로 인해 상영이 금지된 영화에 대해 듣는다.실체를 추적하던 중 만난 그 영화의 감독 ‘재현’은  그 영화는 잊어, 죽음보다 끔찍한 인생 살기 싫으면 이라고 경고하지만 ‘미정’은 그의 경고를 무시한 채 더욱 더 그 영화에 집착한다. 이후, 이유를 알 수 없이 벌어지는 기괴하고 끔찍한 일들.극장에 불이 꺼지는 순간, 공포는 바로 등 뒤에 있다"
1000452,화사한 그녀,414,888872900,96146,2023,20231011,121,12세관람가,68.0,6479,7.4,65,인생 역전 한방을 꿈꾸는 화사한 작전꾼 ‘지혜’매번 허당한 실력으로 허탕만 치던 그녀에게 600억이라는 일생일대의 기회가 찾아왔다!실패는 사치다!라는 모토 아래 영혼까지 끌어 모은 마지막 작전을 시작하는데…
1000453,최강전사 미니특공대: 영웅의 탄생,349,866704200,115704,2015,20160204,68,전체관람가,86.0,997,8.45,495,"미니특공대의 위대한 탄생!인간세상을 위협하는 음모에 맞서 싸워라! 시간을 거슬러올라가 미니특공대 탄생의 이야기! 미니특공대 연구소의 제레미 박사는 엄청난 위력의 에너지를 가지고 있는 물질 ‘엘리늄’을 연구하고 있다. 반면, 도마뱀 군단의 대장 제우스는 엘리늄으로 강력한 무기를 만들어 인간세상까지 위협할 계획으로 미니특공대 연구소를 습격해 엘리늄을 빼앗고 만다. 이에 엘리늄 탈환을 위해서 본부는 최정예요원으로 구성된 팀을 만들기로 결정하는데. 각각 다른 지역에서 활약 중이던 볼트와 새미, 맥스, 루시가 한 자리에 모이게 된다! 제레미 박사의 딸 안나와 함께 도마뱀 군단에 맞서는 미니특공대!하지만 도마뱀 군단의 음모에는 상상도 못할 비밀이 숨겨져 있었는데…"
1000454,스텔라,690,848799300,93504,2021,20220406,98,15세관람가,78.0,3757,7.31,45,"막다른 인생 제대로 한 번 달려본 적 없는 차량담보업계 에이스 ‘영배’(손호준).보스 ‘서사장’(허성태)이 하룻밤 맡긴 슈퍼카가 절친 ‘동식’(이규형)과 함께 감쪽같이 사라지고 영배는 범인으로 몰려 서사장 일당에게 쫓기기 시작한다.믿을 사람 하나 없고, 도망칠 곳도 없는 그의 앞에 나타난 건 바로 1987년식 오래된 자동차 ‘스텔라’.최대 시속 50km, 남은 시간은 3시간…유일한 희망인 스텔라와 함께 보스의 슈퍼카를 반드시 찾아야만 한다!"
1000455,죽지않는 인간들의 밤,570,840217440,101616,2019,20200929,110,15세관람가,80.0,6117,8.7,159,"“너도 낄래?”죽일 의지 확실한, 죽지않는 인간들의 밤신혼의 단꿈에 빠져있던 ‘소희’(이정현)는 하루 21시간 쉬지 않고 활동하는, 도저히 인간 같지 않은 남편 ‘만길’(김성오)이 자신을 죽이려는 것을 알게 된다. 고등학교 동창인 ‘세라’(서영희)와 뜻밖에 합류하게 된 ‘양선’(이미도) 그리고 미스터리 연구소 소장 ‘닥터 장’(양동근)과 힘을 합쳐 반격에 나선다.만길의 정체가 지구를 차지하러 온 외계인 언브레이커블임이 밝혀지고, 정부 요원까지 합세하면서 대결은 점점 전대미문의 상황으로 커져만 가는데… 밤은 짧아 최선을 다해!"
1000456,게이트,208,820756100,101173,2017,20180228,92,15세관람가,76.0,4911,8.98,49,"변두리 동네의 한 아파트에 모여 설계도를 펼치는 수상한 녀석들인생 역전 대박을 이뤄줄 마지막 한 탕을 노린다.근데, 파면 팔수록 뭔가 이상하다?금고 털러 왔다가 대한민국을 뒤집어버린 남다른 스케일의 도둑들이 온다!뭔.가.있.어 당신이 생각하는 그거 말고…"
1000457,더러운 돈에 손대지 마라,796,814106280,88272,2024,20241017,100,15세이상관람가,86.0,3318,6.77,175,"수사도, 뒷돈 챙기는 부업도 늘 함께하는 생계형 형사 ‘명득’과 ‘동혁’.우연히 범죄 조직의 검은돈에 대한 정보를 입수한 두 사람은 인생 역전을 위해 신고도, 추적도 불가한 돈을 훔치기로 계획한다.그러나 완벽한 계획을 세웠다고 생각했던 현장에서 잠입 수사 중이던 형사의 죽음으로 사건은 꼬여만 간다.“어차피 우리가 저지른 일, 수사하는 것도 우리야”살인 사건이 된 범죄 현장을 ‘명득’과 ‘동혁’이 직접 수사하게 되고 은폐하려고 했던 사건 현장의 증거가 두 사람을 지목하면서 그들을 점점 압박해 오는데…목숨 걸 자신 없다면 ‘더러운 돈에 손대지 마라’"
1000458,여중생A,479,811686000,97849,2018,20180620,114,12세관람가,85.0,2098,7.39,138,"현실도 게임 같으면 얼마나 좋을까? 평범한 여중생 A가 되고 싶은 '미래'의 현실적응기!취미는 게임, 특기는 글쓰기인 여중생 ‘미래’가 가장 좋아하는 곳은 게임 세계 ‘원더링 월드’. 괴물 같은 아빠도 없고, 외로운 학교도 가지 않아도 되는 그 곳에서 미래는 자신만의 세상을 꿈꾸며 살아간다. 그러다 난생 처음으로 현실친구를 사귀기 위해 '태양'과 '백합'에게 다가가려 조금씩 용기를 내어 보지만, 뜻하지 않은 사건으로 인해 상처 받고 더욱 움츠러 들고 만다. 게다가 유일한 세상이었던 ‘원더링 월드’마저 서비스를 중단한다는 소식이 전해지고, 다시 혼자가 된 미래는 랜선친구 ‘재희’를 만나러 가는데… 새로운 세상을 만나버린 ‘미래’의 앞날은 과연 어떻게 될까?"
1000459,귀문,692,799806070,93656,2021,20210825,85,15세관람가,61.0,5015,5.99,68,"1990년 집단 살인사건 이후 폐쇄된 귀사리 수련원그곳에서 사람들이 사라진다! 1990년, 귀사리의 한 수련원에서 건물 관리인이 투숙객들을 살해하고 자살하는 사건이 발생한다. 이후 매년 자살 및 사망 사고가 발생하자 수련원은 문을 닫은 채 수년간 방치되고, 들어간 사람은 있으나 나온 사람이 없다는 ‘귀문’에 대한 괴담이 돌기 시작한다. 한편 수련원에서 한풀이 굿을 시도하다 죽음에 이른 어머니의 비밀을 파헤치려 그곳을 찾은 심령연구소 소장 ‘도진’과 공모전 영상을 촬영하기 위해 수련원에 들어간 대학생 ‘혜영’, ‘태훈’, ‘원재’는 소름끼치는 기괴한 공포와 마주하게 되는데… 감당할 수 있다면 ‘귀문’을 열어라!"
1000460,악마들,613,798202273,79688,2022,20230705,106,19세관람가(청소년관람불가),74.0,3283,6.86,259,"“나한테 대체 무슨 짓을 한 거야?”  아무런 동기도, 흔적도 없이 이어지는 연쇄 살인. 살인마의 손에 소중한 동료이자 가족을 잃은 형사 ‘재환’은 증오에 휩싸여 그의 뒤를 쫓는데 몰두한다. 어느 날, 살인마 ‘진혁’과 추격전 끝에 병실에서 눈을 뜬 ‘재환’.알 수 없는 이유로 ‘진혁’과 몸이 뒤바뀐 것을 확인하고, ‘진혁’은 가족을 인질 삼아 ‘재환’을 협박한다.결국 살인마의 몸으로 살인마를 잡기 위해 다시 한번 목숨 건 추격을 시작하는 재환. “아니, 진짜 게임은 지금부터야.”"
1000461,크게 될 놈,447,780915420,102223,2018,20190418,108,15세관람가,91.0,2111,9.11,154,"“엄니, 두고 보쇼. 내가 어떤 놈이 돼서 돌아오는지”“한번도 너를 원망하거나 미워한 적 없다… 나는 니 엄닌께”헛된 기대만 품고 살아온 저는 사형수입니다.자포자기 막장인생이 돼서야 알게 되었습니다.못난 아들놈 때문에 엄니 속이 까맣게 타버린 것을..."
1000462,저 산 너머,468,772685300,103534,2019,20200430,112,12세관람가,92.0,1953,9.07,29,"김수환 추기경의 어린 시절 이야기“내 마음밭 특별한 씨앗을 키운 건, 가족의 사랑이었다.”1928년 일제강점기, 세상에서 가장 사랑하는 엄마와 아픈 아버지를 위해 신부보다 인삼장수가 되고 싶은 7살 소년 순한은 자신의 마음밭에 심어진 믿음의 씨앗을 키워가며 저 산 너머에 있을 고향을 찾아간다."
1000463,루시드 드림,461,759481000,102170,2016,20170222,101,15세관람가,75.0,3847,8.0,229,"범인도단서도오직 꿈 속에 있다!대기업 비리 고발 전문 기자 대호(고수)는 3년 전 계획적으로 납치된 아들을 찾기 위해 '루시드 드림’을 이용, 과거의 기억으로 가 범인의 단서를 추적한다. 오른팔에 문신을 한 남자, 사진을 찍던 수상한 남자, 꿈마다 등장하는 의문의 인물까지! 베테랑 형사 방섭(설경구)과 친구인 정신과 의사 소현(강혜정)의 도움으로 마침내 대호는 모든 단서가 지목하는 한 남자를 마주하게 되는데..."
1000464,돌연변이,399,748936684,100543,2015,20151022,93,12세관람가,63.0,2597,7.39,148,"청년 박구 생선인간 되다!!“나는 그저 평범한 사람, 되고 싶었어요…”약을 먹고 잠만 자면 30만원을 주는 생동성실험의 부작용으로 ‘박구’는 ‘생선인간’이 된다. 구는 일약 청년세대를 대표하는 상징이 되고, ‘생선인간 박구 신드롬’이라는 사회현상으로까지 번진다.그러나 제약회사의 음모로 구는 스타 생선에서 순식간에 죽일 놈의 생선으로 몰려 세상에서 퇴출당할 위기에 처하는데…CHARACTER; 우리 중에 생선이 있다!FISH-MAN: 2% 부족한 평.범.함. ‘박구’ 이광수 우리 중에 가장 보통인 생.선.인.간NEWS-MAN: 2% 부족한 진.실.함. ‘상원’ 이천희‘구’ 덕에 정직원이 되고 싶은 인턴기자WO-MAN: 2% 부족한 인.간.미. ‘주진’ 박보영 ‘구’를 팔아 인터넷 이슈녀가 되려는 구 여친"
1000465,미니특공대X,458,744858200,99952,2018,20180322,68,전체관람가,87.0,839,7.93,224,"인류를 위협하는 외계 군단에 맞선 전설의 히어로의 활약이 시작된다!놀라운 스피드의 소유자 볼트부터 맥스, 새미, 루시까지 최강의 전사 미니특공대는 ‘맹수 파워’로 한층 더 강력해진다. 신입 원숭이 대원, 재키가 합류해 활기를 더해가던 중, 외계 군단이 동물 세계를 넘어 지구까지 혼란에 빠뜨리기 시작하는데... 과연, 미니특공대는 강력해진 외계 군단에 맞서 위기에 처한 지구를 지켜낼 수 있을까?"
1000466,그대 이름은 장미,540,735782970,88054,2016,20190116,125,12세관람가,86.0,2652,7.65,79,"아줌마! 아니 아이돌?전 국민을 눈물 나게 빵 터뜨릴 ‘홍장미’ 씨를 소개합니다! 딸에겐 잔소리 1등, 딸을 위해선 오지랖 1등, 대한민국 평범한 엄마 ‘홍장미’ 씨우연한 사고로 과거의 남자 ‘명환’을 만나며 평온했던 일상이 꼬여만 가고,설상가상으로 그녀의 대단했던(?) 과거까지 들통날 위기에 처한다여기에 20년 남사친 ‘순철’까지 끼어들어 강제과거소환을 막으려 애를 쓰기 시작하는데…평범한 엄마 ‘홍장미’ 씨!그녀의 믿을 수 없는 반전과거는 영원한 비밀이 될 수 있을까?!"
1000467,걷기왕,462,710905075,95542,2016,20161020,93,12세관람가,83.0,4677,8.54,144,"모두가 열심히! 빨리!를 외친다!!“꼭, 그래야만 하나요?”그녀 나이 4살에 발견된 선천적 멀미증후군으로 세상의 모든 교통수단을 탈 수 없는 만복(심은경)은 오직 두 다리만으로 왕복 4시간 거리의 학교까지 걸어 다니는 씩씩한 여고생. 무조건 빨리, 무조건 열심히! 꿈과 열정을 강요당하는 현실이지만 뭐든 적당히 하며 살고 싶은 그녀의 삶에, 어느 날 뜻밖의 ‘경보’가 울리기 시작한다! 걷는 것 하나는 자신 있던 만복의 놀라운 통학 시간에 감탄한 담임 선생님의 추천으로 그녀에게 딱 맞는 운동 ‘경보’를 시작하게 된 것. 공부는 싫고, 왠지 운동은 쉬울 것 같아 시작했는데 뛰지도 걷지도 못한다니! 과연 세상 귀찮은 천하태평 만복은 ‘경보’를 통해 새로운 자신을 만날 수 있을까?"
1000468,인민을 위해 복무하라,598,709334190,79105,2020,20220223,146,19세관람가(청소년관람불가),61.0,2708,5.3,247,"“저에게, 한 번만 더 기회를 주십시오”모범사병으로 사단장 사택의 취사병이 된 ‘무광’그의 목표는 오직 아내와 아이를 위해 출세의 길에 오르는 것이다.그러나, 사단장이 출장을 간 사이 시작된 그의 젊은 아내 ‘수련’의 위험한 유혹에 ‘무광’은 자신의 목표와 신념 그리고 빠져보고 싶은 금기된 사랑 사이에서 갈등을 겪는데…2월, 빠져보고 싶은 유혹스크린에 뜨겁게 피어나다!"
1000469,슈퍼 빼꼼: 스파이 대작전,358,691794900,97005,2017,20170503,77,전체관람가,91.0,643,8.15,381,"지구의 운명이 사고뭉치 ‘빼꼼’에게 달렸다?!국가정보국 청소부로 일하고 있지만 ‘최고의 스파이’를 꿈꾸는 허당곰 ‘빼꼼’.어느 날 정체불명의 악당들이 나타나 얼음 폭탄으로 지구를 위협한다. 하지만 악당들의 기지인 ‘폴라스타’에 잠입할 수 있는 것은 오직 ‘빼꼼’뿐!예상치 못했던 불가능한 미션과 맞닥뜨리게 된 ‘빼꼼’은 ‘슈퍼 브레인칩’을 장착하고, 고도의 훈련을 받으며 잠재되어 있던 능력을 서서히 발휘하기 시작하는데……과연 ‘빼꼼’은 악당의 리더인 ‘화이트’에 맞서 얼어붙을 위기에 처한 지구를 구할 수 있을까?최강 스파이로 다시 태어난 ‘빼꼼’의 좌충우돌 미션이 시작된다!"
1000470,일사각오,51,682581500,94767,2016,20160317,115,12세관람가,95.0,662,9.39,23,"일제 강점기에 신사참배에 반대해 갖은 고문을 당하면서도, 자신의 신앙을 지키며 나라와 민족을 위해 끝까지 저항한 주기철 목사는, 한국기독교의 상징적인 인물인 동시에 가장 대표적인 순교자다. 그가 47세의 젊은 나이에 옥사하며 유일하게 남긴 유산은 일사각오(一死覺悟)라는 네 글자로 대표되고 있다. 오직 믿음으로 거대한 일제 권력에 맞서 싸운 주기철 목사의 신앙과 삶을 생생한 증언과 당시 상황 재연을 통해 감동적으로 소개한다. 진정한 ‘믿음의 본질’은 무엇이며, ‘신념’은 무엇인가?①주기철의 삶_ 식민지 역사를 관통하다13살 주기철은 한일강제합병으로 ‘나라’를 잃고, 그해 성탄절에 처음으로 교회에 나가 ‘하나님’을 만나게 된다. 그가 목사 안수를 받던 1925년, 서울 남산엔 조선 신궁이 세워졌다. 이후 황국신민화 정책을 내세운 일본은 천황이 사는 곳을 향해 절하는 궁성요배와 신사참배를 강요했다. 조선인의 생명과 정신까지 무한 수탈하겠다는 것이 일본의 정책 목표였다. 이에 반대하며 ‘일사각오’의 길을 걸어간 주기철은 광복을 1년 앞둔 1944년, 마흔 일곱 살의 나이로 순교한다. 침략자의 거대한 권력 앞에 맞선 작은 개인 주기철. 영화보다 더 드라마틱한 삶을 살았던 그의 일대기를 다큐드라마로 만난다.②13살 아들의 눈으로 본 ‘인간 주기철’아버지 주기철은 나이 13살에 ‘나라’를 잃고 ‘하나님’을 만났지만, 아들 주광조는 나이 13살에 ‘아버지’를 잃고 ‘하나님’을 등졌다. 역사는 주기철을 독립 운동가이자 순교자로 기록하고 있지만, 아들 주광조는 “내 아버지는 그저 인간적인 사람”이었다고 말한다. 공식적인 역사가 기록하지 못하는 인간 주기철의 고뇌와 번민, 갈등을 13살 아들의 시선으로 재구성한다.③독립운동가 주기철_ “가장 존경받는 ‘믿음의 선배’”주기철은 순교자이기 전에 독립 운동가였다. 오산학교를 졸업한 주기철은 1919년 3.1운동에 참여했으며, 스승 조만식과 전국을 순회하며 ‘물산장려운동’을 펼쳤다. 풍전등화와 같은 조국의 현실 앞에서 기독교 사상을 바탕으로 한 그의 민족정신은 ‘신념’을 잊고 살아가는 현대인들에게 어떤 메시지를 전해주는 것일까.④기독교_ “조선통치상의 ‘암’적인 존재”일제의 탄압에 못 이겨 조선의 종교단체들은 하나둘씩 신사참배를 수용하기 시작했고, 조선예수교장로회마저 신사참배를 결의하기에 이른다. 그러나 기독교는 여전히 일제통치에 가장 큰 걸림돌이었다. 당시 일제에 맞서다 폐쇄된 교회는 약 200여 개. 목회자와 신도 2천 여 명이 검속되었고, 그 중에 50여명이 목숨을 잃었다. 종교적 신념을 넘어 범인류적 ‘정의와 신념’의 의미를 묻는, 한국기독교의 독립 운동사를 새롭게 조명한다.⑤주기철이 남긴 믿음의 유산_ ‘범인류적 양심과 가치’주기철 그가 떠나고 70년. 우리에겐 ‘일사각오’라는 믿음의 유산이 남았다. 그가 걸어간 ‘신사참배 반대’의 길은 기독교라는 특정 종교의 신념을 넘어선 ‘범인류적 양심이자 가치’였다. 자신의 신념을 죽음으로써 지켜낸 주기철의 삶은 오늘을 사는 우리에게 묻고 있다. 진정한 신념이란 무엇인가? 죽음과 맞바꿔가며 신념을 지켜내는 힘은 어디로부터 오는가? 오늘날 마음의 중심을 잃어가는 현대인들에게도 신념이 있을까? 있다면 그건 무엇일까?①주기철의 삶_ 식민지 역사를 관통하다13살 주기철은 한일강제합병으로 ‘나라’를 잃고, 그해 성탄절에 처음으로 교회에 나가 ‘하나님’을 만나게 된다. 그가 목사 안수를 받던 1925년, 서울 남산엔 조선 신궁이 세워졌다. 이후 황국신민화 정책을 내세운 일본은 천황이 사는 곳을 향해 절하는 궁성요배와 신사참배를 강요했다. 조선인의 생명과 정신까지 무한 수탈하겠다는 것이 일본의 정책 목표였다. 이에 반대하며 ‘일사각오’의 길을 걸어간 주기철은 광복을 1년 앞둔 1944년, 마흔 일곱 살의 나이로 순교한다. 침략자의 거대한 권력 앞에 맞선 작은 개인 주기철. 영화보다 더 드라마틱한 삶을 살았던 그의 일대기를 다큐드라마로 만난다. ②13살 아들의 눈으로 본 ‘인간 주기철’ 아버지 주기철은 나이 13살에 ‘나라’를 잃고 ‘하나님’을 만났지만, 아들 주광조는 나이 13살에 ‘아버지’를 잃고 ‘하나님’을 등졌다. 역사는 주기철을 독립 운동가이자 순교자로 기록하고 있지만, 아들 주광조는 “내 아버지는 그저 인간적인 사람”이었다고 말한다. 공식적인 역사가 기록하지 못하는 인간 주기철의 고뇌와 번민, 갈등을 13살 아들의 시선으로 재구성한다. ③독립운동가 주기철_ “가장 존경받는 ‘믿음의 선배’”주기철은 순교자이기 전에 독립 운동가였다. 오산학교를 졸업한 주기철은 1919년 3.1운동에 참여했으며, 스승 조만식과 전국을 순회하며 ‘물산장려운동’을 펼쳤다. 풍전등화와 같은 조국의 현실 앞에서 기독교 사상을 바탕으로 한 그의 민족정신은 ‘신념’을 잊고 살아가는 현대인들에게 어떤 메시지를 전해주는 것일까.④기독교_ “조선통치상의 ‘암’적인 존재”일제의 탄압에 못 이겨 조선의 종교단체들은 하나둘씩 신사참배를 수용하기 시작했고, 조선예수교장로회마저 신사참배를 결의하기에 이른다. 그러나 기독교는 여전히 일제통치에 가장 큰 걸림돌이었다. 당시 일제에 맞서다 폐쇄된 교회는 약 200여 개. 목회자와 신도 2천 여 명이 검속되었고, 그 중에 50여명이 목숨을 잃었다. 종교적 신념을 넘어 범인류적 ‘정의와 신념’의 의미를 묻는, 한국기독교의 독립 운동사를 새롭게 조명한다. ⑤주기철이 남긴 믿음의 유산_ ‘범인류적 양심과 가치’주기철 그가 떠나고 70년. 우리에겐 ‘일사각오’라는 믿음의 유산이 남았다. 그가 걸어간 ‘신사참배 반대’의 길은 기독교라는 특정 종교의 신념을 넘어선 ‘범인류적 양심이자 가치’였다. 자신의 신념을 죽음으로써 지켜낸 주기철의 삶은 오늘을 사는 우리에게 묻고 있다. 진정한 신념이란 무엇인가? 죽음과 맞바꿔가며 신념을 지켜내는 힘은 어디로부터 오는가? 오늘날 마음의 중심을 잃어가는 현대인들에게도 신념이 있을까? 있다면 그건 무엇일까?"
1000471,시맨틱 에러: 더 무비,57,656057000,59314,2022,20220831,177,12세관람가,95.0,2579,8.79,121,"대한민국을 뜨겁게 만든 폭발적 신드롬의 주인공!드라마 [시맨틱 에러]를 극장에서 만난다!컴공과 '아싸' 추상우의 완벽하게 짜인 일상에 에러처럼 나타난 안하무인 디자인과 '인싸' 장재영,극과 극 청춘들의 캠퍼스 로맨스가 스크린으로 펼쳐진다!"
1000472,소리꾼,573,642120680,79215,2019,20200701,119,12세관람가,91.0,2702,8.7,86,"세상을 웃게 한 이야기세상을 울린 목소리영조 10년, 사라진 아내 간난(이유리)을 찾아 나선 재주 많은 소리꾼 학규(이봉근).소리꾼을 필두로 하나 둘 뭉친 광대패의 흥이 넘치는 조선팔도 유랑이 시작된다.길 위에서 만난 피폐해진 조선!민심을 울리는 학규의 노래는 시작되고, 소리는 세상을 바꾼다."
1000473,드라이브,581,640624109,71194,2023,20240424,83,12세관람가,95.0,241,7.76,46,"거기로 보내면 이곳에 없는 것사랑이 흐르고 압축된 시간어느 여름과 겨울, 그리고 가을에 우연히 만나는 어떤 여자와 남자그리고 자동차에 대한 이야기와 기억들* EP 1원하지 않는 타이밍에 버려진 자동차를 처리해야 되는 이선. 하이힐과 먼지 그리고 지나가는 학생들사이에서 자동차를 직접 세차하고 중고차 딜러 상호와의 대화 중에 자동차 안에 밀봉되어 있던 지난 기억들을 떠올린다.* EP 2탁송 기사 태현은 수취인 소희에게 자동차를 전달하러 지방출장을 떠나지만, 수취인도 수령 거부, 발송인도자동차 수령을 거부하면서 마치 타임리프에 빠진 남녀 주인공들 사이에서 탁송 기사가 타임루프에 갇혀버린 상황이 된다.* EP 3영화 배우 지현이 촬영현장으로 가는 길에, 그녀의 전 남친 문호는 친구 상현을 자동차와 함께 보내면서 둘 사이에 켜켜이 쌓인 연애의 감정이 드라이브와 함께 펼쳐진다."
1000474,드라이브,581,640624109,71194,2022,20240612,90,15세관람가,95.0,241,7.76,46,"인기 유튜버 트렁크 납치 사건1시간 생방으로 6억 5천을 벌어야 산다!화제를 모으는 콘텐츠로 인기를 끌고 있는 유명 유튜버 '유나'.거액의 계약을 제안받고 행복에 부풀어 있던 중, 영문도 모른 채 자신의 자동차 트렁크 안에서 눈을 뜬다.  당신이 빠져나갈 수 있는 유일한 방법. 방송하세요 드라이브를 멈추게 할 방법은 오직 하나, '유나'를 납치한 익명의 범인은 '유나'에게 라이브 방송으로 6억 5천을 벌면 살려주겠다는 제안을 한다.제한 시간 1시간,달리는 차 안, 인기 유튜버의 목숨을 건 트렁크 생방송이 시작된다!"
1000475,리미트,687,636265902,67971,2022,20220831,87,15세관람가,66.0,3450,6.15,221,"아동 연쇄 유괴사건 발생으로 수사를 위해 피해자 엄마 대역을 맡게 된 경찰 ‘소은’(이정현)사건의 실마리가 잡히지 않아 수사에 난항을 겪고 있는 도중 ‘소은’은 누군가로부터 의문의 전화 한 통을 받는다.그리고, 수화기 너머 들려오는 익숙한 목소리범인은 대역이 아닌 ‘소은’과의 협상을 요구하는데…유괴사건의 골든타임 48시간타깃이 된 그녀의 강렬한 추격이 시작된다!"
1000476,도티와 영원의 탑,370,628774015,67840,2023,20231227,86,전체관람가,94.0,1976,9.57,23,"게임을 시작하시겠습니까? 슬럼프에 빠진 ‘순한맛’ 게임 크리에이터 ‘도티’에게 자극적인 ‘매운맛’으로 승승장구하고 있는 인기 1위 크리에이터 킬박이 게임 대결을 신청한다. 서로의 은퇴를 건 중대한 대결을 위해 도티의 든든한 지원군이자 친구들인 ‘도티즈’ 옐언니, 밍모, 코아가 함께 한다. 박진감 넘치는 게임 승부 도중, 의문의 AI 캐릭터 파파라쿤에 의해 ‘도티즈’와 킬박, 생방송 게임 시청자들이 ‘영원의 탑’이라는 게임으로 강제 소환되는데! 게임 속 상황이 현실이 되어버리는 절체절명의 위기 속, 도티와 친구들은 ‘영원의 탑’ 게임에 얽힌 비밀을 풀고 모두를 구할 수 있을까? 현실 세계의 영혼이 게임에 봉인됐다!위기에 빠진 친구들을 구하기 위한 놀라운 게임 어드벤처가 시작된다!"
1000477,터널 3D,264,620874000,80989,2014,20140820,86,15세관람가,,,6.05,87,"재벌 2세인 기철의 권유로 최고급 리조트 여행을 떠난 5명.기철, 영민, 유경, 세희... 그리고 은주. 관리자 동준의 안내로 리조트에서 즐거운 시간을 보내던 중 우연한 사고로 김씨를 죽이게 된다. 사실을 은폐하고자 사체를 숨기려 향한 곳은 20년간 출입이 금지된 터널.단 한 순간도 머물지 않고 싶은 이 터널에서 벗어나려는 그 때. 어디에선가 휘파람 소리가 들리고 누군가 그들을 향해 점점 다가오기 시작하는데..."
1000478,쓰리 썸머 나잇,297,616132846,77621,2014,20150715,106,19세관람가(청소년관람불가),62.0,1209,7.18,118,"“왜 자고만 일어나면 이 난리야?”여친에 지친 만년 고시생 차명석(김동욱), 고객에 지친 콜센터 상담원 구달수(임원희), 갑에게 지친 제약회사 영업사원 왕해구(손호준). 어느 여름 밤, 술에 만취한 세 친구는 욕망으로 불타는 뜨거운 하룻밤을 꿈꾸며 갑자기 해운대로 떠난다. 화려한 일탈을 꿈꾸며 도착한 해운대. 하지만 눈을 떠보니 하룻밤 만에 지명수배자가 되어있고 조폭, 경찰, 그리고 여친에게 쫓기는 신세가 돼 인생 최대 난관에 봉착하게 되는데… 아무도 예측할 수 없는 해운대의 밤이 시작된다!"
1000479,극장판 미니특공대: 공룡왕 디노,485,613273720,78929,2019,20200206,73,전체관람가,96.0,682,6.67,12,"도심 한가운데 공룡이 나타났다!호기심 많은 소년 ‘얀’은 우연히 ‘공룡왕 열쇠’를 줍게 되고 다른 차원에 갇혀 있던 공룡왕 ‘디노’와 만나 비밀친구가 된다.그러던 중, 지구를 위협하는 ‘퀸’과 악당들의 소식을 들은 ‘미니특공대’가 출동하고 그곳에서 ‘디노’와 합세해 공룡군단을 조종하려는 악당들과 역대급 대결을 펼치는데…!과연, ‘미니특공대’와 공룡왕 ‘디노’는 지구를 지켜낼 수 있을까?!"
1000480,더 킬러: 죽어도 되는 아이,314,601780660,60175,2022,20220713,95,19세관람가(청소년관람불가),85.0,3547,8.37,97,평화를 위해 다시 시작된 킬러 본능!은퇴 후 성공적인 재테크로 호화롭게 생활하는 전설의 킬러 ‘의강’이 제멋대로 행동하는 여고생 ‘윤지’를 떠맡게 된다. 단기간 보호자 역할만 하면 될 거라고 가볍게 여긴 순간 ‘윤지’가 납치되는 사건이 일어나는데…“걔는 다치면 안 되는 아이야”애써 잠재운 ‘의강’의 본능이 깨어난다!
1000481,여곡성,212,594373400,67368,2018,20181108,94,15세관람가,61.0,3066,5.0,7,"“들은 것을 말하지 말고, 본 것은 기억하지 말라”원인 모를 기이한 죽음이 이어지는 한 저택.우연히 이곳에 발을 들이게 된 옥분은 비밀을 간직한 신씨 부인을 만난다.신씨 부인은 옥분에게 집안에 있는 동안 반드시 지켜야 할 규칙을 이야기하고,옥분은 상상조차 할 수 없는 서늘한 진실을 마주하게 된다.죽음이 소리 내어 울기 시작한다!살고 싶다면, 귀를 막아라!"
1000482,유미의 세포들 더 무비,441,589527900,73531,2024,20240403,93,전체관람가,93.0,4583,8.17,92,“사랑이의 마음이 나를 웃음 짓게 했고 불안이의 걱정이 나를 나아가게 했어”오랜 꿈이던 작가가 되기 위해 퇴사 후 공모전을 준비하기로 결심한 유미.완벽한 글쓰기 일정을 만드는 ‘스케줄 세포’부터 글감을 찾기 위해 뛰어다니는 ‘작가 세포’와 허리띠를 졸라매는 ‘자린고비 세포’까지 모두가 유미의 꿈을 위해 열심히 노력한다.하지만 미래에 대한 걱정이 유미의 ‘불안 세포’를 점점 자라나게 하고 바비와의 흔들리는 관계로 흑화한 ‘사랑 세포’까지 세포들 사이에 갈등이 고조되며 세포 마을은 절체절명의 위기에 처하는데…
1000483,엽기적인 그녀 2,387,588233900,76321,2016,20160512,99,15세관람가,,,5.55,86,"‘복’ 터진 줄 알고 시작한 견우의 ‘속’ 터지는 신혼 수난기!운명인 줄만 알았던 긴 생머리의 ‘그녀’(전지현)가 돌연 비구니가 되어 사라진 후,실연+백수+돈, 3고에 시달리던 ‘견우’(차태현)그에게 어린 시절 첫사랑이자, 중국으로 떠났던 ‘그녀’(빅토리아)가 나타났다! 그것도 더 살벌해지고, 더 엽기적인 모습으로.“이래 가지고 나랑 어떻게 결혼할래?”오직 견우와의 결혼을 위해 산 넘고 물 건너온 대륙의 외동딸, ‘그녀’!“설마 결혼? 제가 잘못 들은 걸까요?”꿈인지 생시인지 들어온 복을 얼른 움켜쥐는 반도의 잉여, ‘견우’! 그러나, 밤은 더 살벌하고, 낮은 더 엽기적인데..예측불가! 새로운 ‘그녀’와 ‘견우’의 상상 못한 엽기적인 결혼!‘견우’의 인생수난 여기서 끝날 수 있을까?"
1000484,극장판 반지의 비밀일기,459,539843170,67319,2019,20190911,72,전체관람가,95.0,907,9.25,24,"오늘의 일기요즘 비가 오는 날이면 방울 소리와 함께 친구들이 하나둘씩 사라지기 시작했다.그런데… 우리 아빠도 사라졌다! ㅠ_ㅠ베프 ‘응심이’, ‘냠냠이’와 아빠를 찾던 그때, 미스터리한 빵 장수가 나타나 순식간에 이상한 세계로 빨려 들어왔다!아이스크림 동산과 초콜릿 동굴이 있고 슈크림 대마왕과 바게트 병사들이 지키는 달콤하고 수상한 여기는 도대체 어디지?!"
1000485,올레,338,522938900,66883,2016,20160825,103,15세관람가,86.0,1908,8.37,157,"우리만 이래? 남들도 이래?이쯤 되면 잘 나갈 줄 알았다!잘나가는 대기업 과장? 중필(신하균)“먹여 살릴 처자식 없다고 명퇴 1순위가 말이 돼?”잘 나가는 변호사?를 꿈꾸는 수탁(박희순)“13년 동안 고시 공부 안 해봤으면 말을 말아.”잘 나가는 방송국 간판 아나운서? 은동(오만석)“내가 부럽냐? 나 말야… 됐다. 말해서 뭐해.”다 때려 치고 싶은 순간, 제주도에서 연락이 왔다!빨간 스포츠카, 자연산 다금바리 한 접시, 그리고 럭셔리 호텔이 아니라 게하??인생이 쉼표가 필요할 때제주도에서 펼쳐지는 뜻밖의 일탈이 시작된다! 올레!"
1000486,번개맨,393,516736500,69303,2015,20160211,72,전체관람가,66.0,553,5.38,13,"더욱 강해진 번개파워!사상 최강의 마왕에 맞서 조이랜드를 지켜라!꿈과 희망이 가득한 조이랜드를 호시탐탐 노리는 악당 잘난마왕은 조이랜드를 무너뜨리기 위해 번개맨의 초능력인 번개파워를 없애려는 계획을 세운다. 잘난마왕은 행동대장인 나잘난과 더잘난을 이용해 조이랜드 극장의 주인공이자 말괄량이 소녀 한나에게 최면을 걸고, 날고 싶은 한나의 꿈을 이용해 블랙홀에 빠트린다. 결국 한나를 구하려던 번개맨은 강력한 블랙홀로 인해 점점 번개파워를 잃어가는데...과연 번개맨은 블랙홀에서 벗어나 위기에 빠진 조이랜드를 구해낼 수 있을까?"
1000487,정글히어로,287,506194300,71330,2014,20141002,81,전체관람가,85.0,274,7.93,83,"슈퍼치킨 개발을 꿈꾸는 악당에 맞서 정글을 지켜라!1960년 멕시코 라켄돈 정글. 정글에서 태어난 코아티 마누와 사차는 어릴 때 부터 함께 자란 둘도 없는 친구다. 하지만 말썽꾸러기 마누는 코아티 왕의 명령으로 만들어진 거대한 동상을 망가뜨린 벌로 왕국에서 쫓겨나고, 여자친구 사차는 정글의 밀렵꾼에게 붙잡혀가게 되는데…!  사차를 구하기 위해 위험천만한 여정을 떠난 마누는 15가지의 무술 동작을 할 수 있다는 허풍쟁이 몽키 ‘츄이’, 재규어 ‘발람’ 등 다양한 정글의 동물들과 만나 함께 추적을 시작하고, 밀렵꾼과 ‘로코’ 박사가 정글 전체를 위험에 빠뜨릴 무서운 음모를 꾸미고 있다는 사실을 알게 되는데…  과연 마누는 무사히 사차를 구하고 정글의 평화를 지켜낼 수 있을 것인가?"
1000488,몬스타엑스 : 더 드리밍,98,492739500,30912,2021,20211208,88,전체관람가,99.0,1741,9.63,8,"MONSTA X의 모든 것을 담아낸 단 하나의 MOVIE!베스트 퍼포먼스부터 최신 발매 앨범의 미공개 신곡 무대까지!베일에 싸여있던 그들의 이야기! 스크린X, 4DX 스크린으로 MONSTA X가 찾아온다!강렬한 퍼포먼스와 파워풀하고 완성도 높은 무대로 전 세계의 수많은 팬들에게 아름다운 충격을 선사한 그룹 MONSTA X.지난 6년 반 동안 묵묵히 걸어온 여정을 돌아보며 멤버들의 진솔한 속내가 담긴 개별 인터뷰부터 미국 진출 비하인드, 히트곡의 특별한 무대, 그리고 어디에도 공개된 적 없는 최신 앨범의 독점 무대까지오직 몬베베만을 위해 한 편의 영화에 모두 담았다!도전, 성장, 꿈, 그리고 더 뜨겁게 타오를 MONSTA X의 내일!  MONSTA X : THE DREAMING   COMING SOON!"
1000489,번개맨과 신비의 섬,191,481474700,59923,2017,20180405,70,전체관람가,91.0,1101,9.41,227,위기에 빠진 번개파워를 구하러 모험을 떠나자!번개파워를 충전하러 ‘신비의 섬’으로 떠난 번개맨과 친구들. 세상 모든 추억이 모인 ‘신비의 섬’에서 추억의 힘으로 충전을 하려고 하지만 나잘난 더잘난의 방해로 번개맨은 위기에 빠져버리고 만다. 과연 번개맨은 번개파워를 충전하고 무사히 돌아올 수 있을까?
1000490,극장판 미니특공대: 햄버거괴물의 습격,414,466063620,57883,2020,20200930,86,전체관람가,97.0,565,9.0,40,블루시티 최고의 맛집 Mr.J버거에서 햄버거를 먹는 모습이 우연히 찍힌 볼트는 SNS에서 엄청난 조회수를 기록한 이 영상 덕분에 Mr.J버거의 광고 모델로 발탁된다.하루아침에 슈퍼스타가 된 볼트는 바쁜 스케줄로 친구들과 다투고 결국 미니특공대를 탈퇴해버린다.그러던 중 햄버거만 먹는 세상을 만들려는 브레이커J와 햄버거 괴물 군단이 나타나 평화롭던 블루시티를 위험에 빠뜨리고 리더 볼트가 빠진 미니특공대는 속수무책으로 당하고 마는데…세상을 지배한 막강 햄버거 괴물 군단!새롭게 업그레이드된 미니특공대의 반격이 시작된다!
1000491,빅뱅 메이드,56,464727700,55227,2016,20160630,114,12세관람가,96.0,2967,,,"3년 만에 완전체로 컴백한 빅뱅의 메이드 월드투어의 시작부터 마지막까지, 총 317일 간의 여정을 담은 다큐멘터리 영화.가장 빅뱅다운 영화,   BIGBANG MADE  가 팬들을 찾아간다.    2015년 4월, 3년 만에 완전체로 컴백한 빅뱅 월드투어 “MADE (메이드)”는 전 세계 150만 팬들의 가슴에 깊은 울림을 남기며 화려한 막을 내렸다. 영화는 월드투어 MADE (메이드)의 시작부터 마지막까지, 총 340일 간의 여정을 밀착 다큐멘터리 형식으로 담고 있다.    빅뱅의 가장 빛나는 순간은, '빅뱅'다울 때가 아닐까? 그 찰나의 순간을 모아 만든 것이 이번 영화이다.    단 하나의 의도적 설정도 없이, 카메라는 빅뱅의 민 낯을 생생하게 포착한다. 그 결과, 프레임 안에는 아티스트인 그룹 빅뱅의 모습과 더불어 순수한 다섯 청년의 모습이 함께 담겨져 있다.    “우리는 모두 빅뱅이 되기 위해 태어난 사람들 같아요···” (멤버 인터뷰 중)    영화에는 [MADE] 콘서트 실황, 콘서트 및 M, A, D, E 앨범 비하인드 스토리, 비공개 에피소드는 물론 단 한 번도 공개되지 않았던 특급 인터뷰까지 포함되어 있다.    데뷔 10주년을 맞아 개봉하는 빅뱅의 첫 영화,   BIGBANG MADE  . 이 영화는 빅뱅의 모든 것, 그 이상을 보여주는 또 다른 결과물이다."
1000492,두 남자,397,459566121,60365,2016,20161130,100,19세관람가(청소년관람불가),76.0,1837,7.96,117,"진일과 가영은 가출한 10대 소년 소녀다. 그들은 가출한 아이들끼리 가족처럼 지내며 배달 아르바이트는 물론 가끔 도둑질도 하며 살아간다. 생활비가 떨어지자 그들은 가영을 내세워 중년 남자를 모텔로 끌어들인다. 가영은 성매매를 하는 것처럼 남자를 유혹하지만, 의도대로 남자의 돈을 뺏는데 실패한다. 거꾸로 남자는 가영을 인질로 삼아 진일에게 돈을 마련해오라고 한다. 남자는 가출 소녀들을 노래방 도우미로 일하게 만드는 악덕 업주였던 것이다. 진일은 이 남자의 손에서 가영을 구해낼 수 있을까?  두 남자 가 그리는 세상은 약자가 살아남을 수 없는 정글이다. 가출 10대들끼리도 다툼이 있지만 가출 10대를 이용하는 어른이 있고 그런 어른에게 사기를 치려는 아이들도 있다. 그리고 바깥세상에서 폭군인 어른이 딸을 지극히 아끼는 아버지이기도 하다. 법과 제도가 아무 기능도 못하는 이곳에서 어른과 소년, 두 남자는 생존을 위한 처절한 싸움을 벌인다."
1000493,왓칭,488,456558262,54410,2019,20190417,98,15세관람가,74.0,2121,8.17,107,회사 주차장에서 납치 당한 여자(강예원)가 자신을 조여오는 감시를 피해 필사의 탈주를 감행하는 공포 스릴러
1000494,머니백,472,411511600,52618,2017,20180412,101,15세관람가,76.0,1273,7.21,63,"반드시 돈가방이 필요한 7명이 꼬이고 엮였다!가진 거라고는 몸뚱이뿐인 ‘민재’(김무열)는 엄마 수술비를 위해 보증금까지 털었지만, 이마저도 양아치’(김민교)에게 모두 뺏기고 만다. ‘양아치’는 사채업자 ‘백사장’(임원희)에게 뺏은 돈을 바치고, 이 돈은 고스란히 선거를 앞둔 ‘문의원’(전광렬)에게 돌아간다. 계속되는 적자 인생에 ‘백사장’은 ‘킬러’(이경영)를 고용해서 ‘문의원’을 처리할 계획을 세운다. ‘백사장’은 도박장에서 저당 잡은 ‘최형사’(박희순)의 총을 ‘킬러’에게 배달하지만, ‘택배기사’(오정세)가 실수로 ‘킬러’의 옆집 ‘민재’에게 맡기는데…  뺏고! 달리고! 쫓기는 ‘머니백’ 레이스가 시작된다!"
1000495,극장판 프랭키와 친구들: 생명의 나무,258,410518600,56835,2016,20160413,72,전체관람가,95.0,542,8.59,157,위기에 빠진 동화마을을 구하기 위해 생명의 나무를 찾아 떠난 프랭키와 친구들의 판타지 어드벤쳐
1000496,잡아야 산다,219,410361400,54450,2015,20160107,96,15세관람가,66.0,873,7.26,72,"“오늘 밤 이것들을 잡지 못하면 내 인생 종친다!”CEO 쌍칼   강력계 허탕 형사의 기막힌 추격전 START!잘나가는 CEO 쌍칼 승주(김승우)   강력계 허탕 형사 정택(김정태)! 20년 지기 친구는 개뿔! 서로 으르렁 거리기만 하던 두 사람이 웬일로 의기투합했다?!   개념 따위는 시원하게 말아드신 고딩 4인방에게 퍽치기 당해 지갑과 핸드폰까지 몽땅 털린 승주!  건수 하나 잡을까 얼떨결에 끼어들었다가 띠동갑도 넘는 고딩들에게 총까지 뺏긴 정택! 목숨같은 물건(?)까지 털리고 개망신 제대로 당한 형님들과  달밤에 형님들 똥개 훈련시키는 고딩 4인방의 예측 불허 추격전! 오늘 밤, 이것들을 반드시 잡아야만 한다!"
1000497,1980,521,390918575,43967,2024,20240327,99,12세관람가,84.0,1641,6.83,222,"2021년, 전라도 광주. 원주민이 떠난 원도심 재개발 구역. 여행객들의 입소문을 타고 맛집으로 알려지면서 외지인까지 몰려드는  40년 전통의 낙지 짜장 을 자랑하는 중국집 [화평반점] 이 홀로 남아있다. 6.25동란 때 뱃속에 아이를 가진 할머니와 5살 아이를 데리고 황해도에서 피난 내려와 광주에 자리를 잡은 1대 주인, 할아버지. 이후 유신정부의 혼분식 장려로 호황기를 맞아 많은 손님들이 몰렸고, 피난 당시 5살 아이는 아버지가 되어 2대 주인장으로, 나아가 현재는 그의 손자 철수가 3대째 이어오며 [화평반점]의 40년 역사가 이어져 왔는데... 10.26 사태로 박정희 대통령이 죽고, 12.12 쿠테타로 신군부가 권력을 찬탈하며, 1980년 민주화를 열망하던 서울의 봄이 서울역 회군으로 물거품이 되어갈 쯤, 전라도 광주에는 새로운 어둠이 몰려들고 있었다. 전두환 일파의 권력찬탈에 반대하며 평화롭게 진행되던 시민들의 시위는 신군부의 권력욕에 의해 폭동으로 둔갑되며 계엄군의 무혈진압으로 무참히 부서지게 되고, 이에 최후의 항전을 맞이하며 타들어간 시민들의 분노는 결국  518 민주화 운동 으로 승화되는데... 1980년 5월 18일부터 10일간 항쟁한  518 민주화 운동 의 암울하고 악몽 같았던 기나긴 여정 한 가운데 특별한 영웅도 아니고, 그렇다고 누구하나 무책임하지도 않았던 그 평범한 소시민들의 이야기. 그리고 그들의 삶과 추억이 깃든 중국집 [화평반점]의 이야기가 슬픔과 회한 속에서 찬란하게 펼쳐진다."
1000498,컴백홈,603,386265079,43688,2022,20221005,119,15세관람가,74.0,1194,5.51,277,"“아버지가 네 앞으로 남겨놓은 게 있어”개그맨이 되겠다는 꿈 하나로 서울 상경을 결심한 ‘기세’(송새벽)그러나 갑작스러운 프로그램 폐지 소식과 함께 꿈도, 돈도, 집도 하루아침에 모든 것을 잃게 되고 15년 만에 고향을 찾는다.고향에서 만난 충청도 최대 조직의 삼촌 ‘강돈’(이범수)은 현금 20억과 함께 ‘기세’에게 솔깃한 제안을 하고 ‘기세’는 다시 행복한 인생 역전을 꿈꾼다.한편, 오랜 기억 속 첫사랑 ‘영심’(라미란)까지 만나게 되면서 ‘기세’는 매일매일 예측불허한 사건들에 휘말리게 되는데…20억과 함께 찾아온 조폭 상속의 기회! 거기에 첫사랑까지?꼬일 대로 꼬인 인생, 조폭 두목을 상속받다?버라이어티한 ‘기세’의 역전이 시작된다!"
1000499,번개맨의 비밀,309,383521050,49751,2018,20181206,69,전체관람가,93.0,489,8.75,162,대한민국 어린이들의 슈퍼히어로 번개맨! 번개맨은 처음부터 용감한 영웅이었을까?!조이랜드를 지키기 위해 일곱번개를 찾아 떠나는 번개맨과 친구들의 흥미진진한 모험! 겁많고 소심한 소방대원에서 아이들의 슈퍼파워 영웅 ‘번개맨’이 되기까지 아무도 몰랐던 놀라운 비밀까지!씩씩하고 용감해지고 싶은 친구들! 이번 크리스마스에는 극장으로 모두 출동!!
1000500,더 와일드: 야수들의 전쟁,239,375383300,43300,2023,20231115,111,19세관람가(청소년관람불가),70.0,3929,,,"정상에 오르기 위한 야수들의 잔혹한 전쟁!불법 사설 도박장에서 경기 중 상대를 죽인 죄로 징역 8년을 선고받은 전직 복싱 선수 ‘우철’(박성웅).모범수로 사면된 ‘우철’은 조직으로 돌아오라는 ‘도식’(오대환)의 제안을 거절하고, 과거를 잊은 채 평범하게 살기로 결심한다.하지만 ‘우철’은 ‘도식’을 비롯해 비리 경찰 ‘정곤’(주석태)과 마약 브로커 ‘각수’(오달수)까지 인간 이하의 짐승들과 필연적으로 얽히며 야수들의 전쟁 속에 뛰어들게 되는데…가장 강한 단 한 놈만 살아남는무자비한 약육강식의 세계가 펼쳐진다!"
1000501,비밀,305,369339300,50196,2015,20151015,102,15세관람가,20.0,154,9.0,31,"전국을 떠들썩하게 만든 연쇄 살인 사건,극적으로 범인을 검거한 형사 ‘상원’(성동일)은 홀로 남겨진 살인범의 딸을 데려다 키운다.그리고, 10년의 세월이 지난 후,평온한 부녀 앞에 비밀을 쥔 의문의 남자 ‘철웅’(손호준)이 ‘정현’(김유정)의 선생님으로 나타나는데…살인범의 딸그 아이를 키운 형사그리고, 모든 비밀을 움켜진 한 남자만나지 말았어야 할 세 사람의 재회로10년 전 그날의 비밀이 서서히 드러난다!"
1000502,젝스키스 에이틴,25,364405500,50419,2017,20180118,100,전체관람가,98.0,1778,9.13,341,"“제가 죽기 전에 젝키 5집을 다시 들을 수 있을지는….” (20주년 콘서트 현장 옐키/팬 인터뷰 중에서)   세기말 4집  컴백 을 끝으로 그룹해체라는 선로에 놓였던 6명의 멤버들은 각자의 길을 걸어왔다. 운명적인 2016년. 5명의 멤버로 재결합한 젝스키스. 그들은 또 어떤 모습으로 대중과 팬들을 마주할지…. 1997년 4월 15일 데뷔 이후, 20주년을 맞이한 젝스키스. 폼생폼사를 외치며 힘껏 점프하던 소년에서, 어느덧 세기를 뛰어넘어 18년만에 5집앨범을 발매하며 어느새 양쪽 어깨가 제범 무거워진 그들. 음악에 대한 각자의 생각들. 앞으로의 행보, 20년 가까지 변함없이 곁을 지켜준 팬들에 대한 솔직한 마음을 담은 다큐멘터리 형식의 영화  젝스키스 에이틴 .  18년만에 지켜지는 5집 앨범에 대한 약속은 예견된 운명처럼 지켜졌고, 고척스카이돔에서 열린 20주년 콘서트의  아마겟돈  오프닝곡을 시작으로, 5집 앨범에 수록된  오랜만이에요 , 특별해 , 현기증 , 백허그 , 술끊자  등의 라이브 실황을 함께 스토리에 녹여, 총 99분에 달하는 한 편의 새로운 기록을 남긴다.   학창시절 우리를 울고 웃게 만들었던 그들은 그땐 마치 손에 닿지 않는 하늘의 별에서, 이제는 영원히 우리 곁을 함께하는 계절로 돌아와 인간적이고 따뜻한 모습으로 감동을 주려 한다."
1000503,신비아파트 특별편: 붉은 눈의 사신,93,361512500,30329,2023,20240814,77,전체관람가,94.0,625,8.32,28,"“붉은 달이 뜨면 이 세상은 멸망하리라”‘하리’와 친구들은 가까스로 미라를 물리쳤지만 사신의 위협은 계속되고 있다.귀도퇴마사가 된 ‘강림’의 배신 그리고 레드아이에 걸린 ‘가은’까지 ‘하리’는 소중한 두 친구의 생각으로 마음 둘 곳이 없는데...그러던 어느 날, 사신의 저주가 다시 퍼지기 시작한다!끝나지 않은 사신의 저주 VS 마지막 희망이 된 ‘하리’와 친구들세상을 지키기 위한 최후의 전투가 시작된다!"
1000504,목숨 건 연애,393,361142800,47684,2015,20161214,103,15세관람가,65.0,1982,7.46,106,"동네 사람 모두를 살인범으로 의심해 경찰은 물론 이웃들 사이에서도 이태원 민폐녀로 통하는 추리소설작가 ‘한제인’(하지원). 차기작 구성만 5년 째, 출판사에서도 포기 직전인 그녀는 이태원 연쇄살인사건을 모티브로 신작을 쓰기로 결심한다. 그러던 어느 날, 남다른 촉으로 위층에서 살인사건의 정황을 포착하게 되는데 경찰은 그녀의 말을 믿어주지 않는다.이 참에 직접 살인범을 잡아 이태원 민폐녀에서 베스트셀러 작가로 명예회복을 결심한 제인! 이태원지구대 순경인 소꿉친구 ‘설록환’(천정명)의 전폭적인 지원과 제인의 팬이자 날카로운 추리력까지 겸비한 정체불명의 매력남 ‘제이슨’(진백림)의 도움을 얻어 본격적인 범인 추적에 나서는데…!!연쇄살인범도 잡고, 베스트셀러 작가로 거듭나기 위한!그녀의 기상천외한 수사가 시작된다!"
1000505,데자뷰,536,360833100,48279,2017,20180530,87,15세관람가,84.0,464,6.69,81,"자신이 사람을 죽였다고 말하는 여자 하지만 아무도 그녀를 믿지 않는다...약혼자 우진과 함께 탄 차로 사람을 죽인 지민 그날 밤 이후 죽은 여자가 나타나는 끔찍한 환각을 겪는다. 견디다 못한 그녀는 결국 경찰에 찾아가지만, 자신의 기억 속 교통사고가 실재하지 않음을 알게 된다. 사라지지 않는 의문 속에 그녀의 일상은 점점 공포스러워지고, 방관하는 약혼자 우진, 그리고 사건 이후 자신의 주변을 감시하는 차 형사로 인해 더욱 최악의 상황으로 빠져드는데..."
1000506,미안해 사랑해 고마워,344,359247800,51207,2015,20151028,114,15세관람가,75.0,936,7.82,56,"평범하지만 값진 고백들 말하는 순간,  평범한 우리들에게 특별한 일이 생깁니다   가까워서 더 꺼내기 힘들었던 말 ‘미안해’ 오래 전 과거의 오해와 비밀을 풀어나가는 왕년의 챔피언 친구들 강칠(김영철)과 종구(이계인)의 뜨거운 고백   너를 볼 때 마다 숨겨야 했던 말 ‘사랑해’ 까칠한 여배우 서정(성유리)을 오랜 시간 항상 옆에서 지켜보며 10년째 짝사랑해온 매니저 태영(김성균)의 용기 있는 고백   한 번도 진실되게 전하지 못한 말 ‘고마워’ 자신의 딸을 죽인 범인의 딸과 마주해야 했던 형사 명환(지진희)과 아빠가 돌아오기만을 손꼽아 기다렸던 은유(곽지혜)의 진실된 고백   소중한 사람을 지키는 데엔 이 세 마디면 충분합니다. 미안해 사랑해 고마워"
1000507,귀못,208,358073700,42342,2022,20221019,111,15세관람가,64.0,3948,7.1,10,"2022 극강 공포를 선사할, 수살귀의 저주가 시작된다!과거 대부호였던 왕할머니의 대저택에 위험한 목적을 가진 채 간병인으로 입주하게 된 보영.보영을 고용한 왕할머니의 유일한 혈육인 김사모는, ‘아무도 데려오지 말 것, 특히 아이’, ‘저수지 근처에 가지 말 것’이라는 조건을 건다.사람 죽어 나가는 ‘귀못’이라고 불리는 저수지 옆에 위치한 왕할머니의 거대한 저택에선 불길하고 괴이한 징조가 계속되고, 그러던 중 보영은, 이곳을 찾은 외지인들이 의문의 변사를 당한 것을 알게 되는데..."
1000508,씬,409,354647735,38225,2024,20240403,103,15세관람가,83.0,3036,8.07,27,"“심연의 가장 깊은 죄가 깨어난다!”실험적 요소로 내로라하는 해외 유수 영화제에서 이름을 알린 유명 감독 ‘휘욱’은 춤을 소재로한 새로운 작품 촬영을 위해 신인 배우 ‘시영’, ‘채윤’과 함께 폐교 옥상에서 촬영을 시작한다.파격적이고 거친 동작의 춤사위로 촬영이 시작되자 이내 배우와 제작진들은 오묘한 기운에 휩싸이고 촬영 현장은 순식간에 아비규환이 되어 버린다.“악마가 깨어났다!”그리고, 깨어나지 말아야할 존재 ‘그것’과 마주하게 되는데…"
1000509,헬로카봇 올스타 스페셜,222,350906100,42965,2024,20240731,67,전체관람가,80.0,356,3.82,11,"헬로카봇 10주년 기념, 이번엔 스페~셜로 돌아왔다!올스타로 새롭게 돌아온 인기 TOP 카봇들과 스타가디언에서 새롭게 등장하는 NEW 카봇들까지 대거출동!차탄   카봇들과 함께하는 씽-나는 생일파티까지!무더운 여름, 시원한 극장에서 즐거운 생일파티 즐겨요-올 여름도 헬로카봇!"
1000510,"그래, 가족",361,350293300,46623,2016,20170215,106,12세관람가,85.0,1185,9.24,95,"어제까지 세 남매, 오늘부터 네 남매?번듯한 직장이 없는 철부지 장남 성호(정만식),  잘난 체 해도 결국 흙수저인 둘째 수경(이요원) , 끼도 없으면서 쓸데 없이 예쁜 셋째 주미(이솜), 닮기는커녕 달라도 너무 다른 오 씨 남매 앞에 갑자기 나타난 막둥이 오낙(정준원)   징그러운 세 남매도 모자라 하루아침에 네 남매가 되어버렸다!   성호의 계략으로 낙이를 떠맡게 된 수경은 짐인 줄 알았던 낙이가 사상 최대 특종 사건의 유일한 희망임을 깨닫게 되고 낙이와 함께 대한민국을 들었다 놓을 기상천외한 작전을 펼치기 시작하는데…  드디어, 오 씨 남매에게도 살아볼 낙(樂)이 생겼다?!"
1000511,설계,257,347188800,45638,2014,20140918,98,19세관람가(청소년관람불가),70.0,575,5.9,63,"전화 한 통화로 수천억이 오고 가는 냉혹한 사채시장! 그 속에서 가장 치밀하고 잔혹한 '설계'가 시작된다!세상에 제일 독한 사채업자로 알려진 그녀 세희. 너무나 악랄한 방법으로 돈을 빌려간 사람에게서 돈을 뜯고, 돈을 위해서라면 남자를 유혹해 그 집안을 파탄 내고 남자를 폐인으로 만들고, 돈을 갚으려는 사람에게서도 담보로 걸린 물건이 좋으면, 갖은 핑계로 돈을 못 갚게 하거나 다른 모사를 꾸며 물건을 자기 소유로 돌리는 악독한 그녀. 그런 그녀 곁에 두 남자가 있다. 한 명은 그녀의 돈 줄과 그녀의 사업 뒷 배경이 되 주었던 인호, 한 명은 그녀의 모든 사랑을 받는 지극히 평범한 사내 연우.하지만, 자신의 심복인 민영에게 이 두 사람을 모두 빼앗기게 되고 세상의 모든 일에는 그만큼의 댓가가 따른다는 것을 뒤 늦게 알게 되는데..."
1000512,배반의 장미,457,332232550,41054,2018,20181018,99,15세관람가,69.0,1206,7.96,109,"‘최후의 불꽃’, ‘인생은 미완성’, ‘행복은 성적순’ 그리고 ‘배반의 장미’ 님이 입장하셨습니다.각자 자신의 인생이 세상 제일 우울하고 슬플 것이라 자부하는 3명의 남자와 1명의 여자가 만나, 한날한시에 함께 가기로 결심한다.  거사를 위해 먼저 모인 닉네임 ‘최후의 불꽃’ 병남, ‘인생은 미완성’ 심선, ‘행복은 성적순’ 두석.  인생의 끝에 선 세 남자는 가슴에 품어왔던 버킷리스트를 실천하며 비장하게 마지막을 준비한다. 그때 마지막 한 사람, 닉네임 ‘배반의 장미’ 미지가 도착하고 아름답고 매력적인 그녀의 등장으로 모두의 계획에 차질이 생기는데… 완벽한 그녀의 놀라운 과거가 밝혀지며 죽음의 위기(!)에서 살아남기 위한 네 사람의 아주 특별한 하루가 시작된다!"
1000513,뒤틀린 집,156,331549100,34886,2021,20220713,91,15세관람가,58.0,3709,4.0,7,고즈넉한 외딴 집으로 이사 온 일가족은 첫날부터 악몽에 시달린다. 아내(서영희)는 계속 창고에서 들리는 이상한 소리에 불안하지만 남편(김민재)은 대수롭지 않게 넘긴다. 하지만 가족 구성원 각자의 악몽은 점점 심각해지고 급기야 망상과 현실을 구분하기 힘든 지경에 이른다.
1000514,괴기맨숀,131,330369600,32752,2021,20210630,106,15세관람가,81.0,3280,6.33,9,"공포 웹툰 작가 지우는 아이디어를 찾아 괴기맨숀이라 불리는 허름한 아파트에 도착한다.표정을 알 수 없는 중년의 관리인은 이 아파트에서 일어났던 기묘한 사건들에 대해 이야기보따리를 풀어내고,504호, 708호… 지우는 사연을 들을수록 홀리기라도 한 듯 괴기맨숀에 점점 집착하게 되는데...!미스터리한 맨숀! 5개의 에피소드! 괴이하고 섬뜩한 현실 공포가 온다!"
1000515,비밥바룰라,347,318986200,46817,2017,20180124,97,12세관람가,89.0,856,9.27,73,"인생은 단 한 번 ‘빼박캔트’? 아니, 진짜 ‘욜로 라이프’는 지금부터다!평균 나이 일흔, 지병 하나 정도는 기본 스펙인 네 명의 시니어벤져스 더 멋진 황혼을 맞이하기로 결심한 네 사람은 가족을 위해 지금껏 미뤄왔던 각자의 버킷리스트를 꺼내기 시작한다. 예상을 뛰어넘는 그들의 프로젝트에 온 동네가 발칵 뒤집히게 되는데… 꽃보다 아름다운 진짜 인생을 마주하다!"
1000516,약장수,282,313238400,43562,2014,20150423,104,15세관람가,70.0,806,8.75,64,"“세상 어떤 자식이 매일 엄마한테 노래 불러주고 재롱 떨어줘?”대리운전, 일용직 등을 전전하던 일범에게 신용불량자라는 딱지는 번번이 그의 발목을 잡는 족쇄다. 아픈 딸의 치료비를 위해 어머니들에게 각종 건강식품과 생활용품을 파는 홍보관 ‘떴다방’에 취직한 일범은 자신의 처지가 한심하다. 그런 그에게 홍보관 점장 철중은 “우리가 자식보다 낫다”며 당장 처자식 먹여 살리려면 목숨 걸고 팔라 한다. 그의 말처럼 오히려 즐거워하는 어머니들을 보며 일범 역시 보람을 느끼기 시작하고 그러던 중, 자랑스런 검사 아들을 뒀지만 자식에게 짐이 되기 싫어서 홀로 외로이 노년을 보내던 옥님이 홍보관을 찾아와 일범을 만나게 되는데…  4월 23일, 그곳에 가면 엄마도, 아들도 울고 웃는다!"
1000517,레이디버그,172,310291500,41041,2016,20170222,80,전체관람가,,,8.96,78,"내 이름은 ‘마리네뜨’야 너희들에게 내 비밀 이야기를 들려줄게난 같은 반 남자애인 ‘아드리앙’을 좋아해어쩜 그렇게 잘생기고 다정한지…앗, 이게 아니라 사실 난 마법의 보석 미라클스톤에게 선택받은 슈퍼히어로 ‘레이디버그’야또 다른 히어로 ‘블랙캣’과 함께 악당 ‘호크모스’로부터 위험에 빠진 도시를 구하느라 매일 지각에 숙제할 시간도 없을 만큼 바쁘지만 그래도 ‘레이디버그’가 아니면 누가 이 도시를 지키겠어?내가 비밀을 끝까지 숨길 수 있을지 지켜봐 줘!"
1000518,롱디,262,302830500,35916,2022,20230510,101,12세관람가,85.0,4841,8.66,47,"“5년 만나는 동안 이렇게 떨어져 본 적 있나?”외제차 딜러인 ‘도하’와 인디밴드 ‘연신굽신’의 메인 보컬 ‘태인’은 5년 차 달달 커플이다.서른을 앞두고, 밴드 활동에 위기가 찾아오자 ‘태인’은 곡 작업을 위해 고향인 거제로 내려갈 결심을 하고, ‘태인’의 갑작스러운 결정에 ‘도하’는 울며 겨자 먹기로 장거리 연애를 수락한다.롱디임에도 매일매일 쉴 새 없는 카톡과 영상통화로 넘쳐나는 사랑을 표현하던 ‘도하’는 결국 5주년 기념일 맞이 깜짝 프로포즈를 준비하고.특급 고객 ’제임스‘는  같은 날 파티를 주최하는 것도 모자라 ‘도하‘에게 거절할 수 없는 제안을 한다.잠깐 들르기만 하려던 ‘도하’의 계획은 필름이 끊기면서, 차질이 생기고. 설상가상 그날의 사건(?)이 SNS에 퍼지며 일과 사랑 모두 총체적 난국을 맞이한다.화면 너머로 사랑을 이어가는 건 정말 어려운 걸까?MZ 세대가 전하는 이 시대의 새로운 사랑법!"
1000519,아이,504,297568920,37637,2021,20210210,113,15세관람가,96.0,1456,9.23,90,"홀로 버티던 세상, 서로를 만나다누구보다 강한 생활력으로 하루하루 살아온 아동학과 졸업반의 보호종료아동 ‘아영’(김향기)돈이 필요했던 ‘아영’은 생후 6개월 된 아들 ‘혁’이를 홀로 키우는 워킹맘이자 초보 엄마 ‘영채’(류현경)의 베이비시터가 된다.조금 부족하지만 어떻게든 자신의 힘으로 ‘혁’이를 키우고자 하는 ‘영채’는 자신보다 더 ‘혁’이를 살뜰히 돌보는 ‘아영’의 모습에 어느새 안정을 되찾고 평범한 삶을 꿈꾸기 시작한다.하지만 어느 날, ‘혁’이에게 사고가 난다.‘영채’는 모든 책임을 ‘아영’의 탓으로 돌리고, 다시 ‘혁’이와 둘만 남게 된 ‘영채’는 고단한 현실에 어쩔 수 없는 선택을 하게 된다.이를 알게 된 ‘아영’은 ‘혁’이를 다시 ‘영채’의 품에 돌려놓기 위해 애를 쓰는데...상처로 가득한 세상, 우리 같이 걸을 수 있을까?2021년 새해를 여는 따스한 위로와 치유의 영화"
1000520,트릭,390,297315300,38155,2016,20160713,94,15세관람가,66.0,1434,7.36,36,"사람을 미치게 하는 무서운 숫자 ‘시청률’...드라마국 8.3%, 예능국 6.6%....오늘도 TV 앞에 모인 사람들은 시한부 남편 도준과 그의 아내 영애를 보며 함께 웃고 눈물 흘린다.방송이 끝난 후 또 한 번 시청률 1위를 기록하자SNS와 온라인에서는 도준과 영애에 대한 기사와 가십으로 도배된다.다음 날, PD 석진에게 도준은 돌연 촬영 중단을 선언한다.점점 더 나빠지는 몸 상태를 더 이상 견딜 수 없었던 것시청률에 미친 석진은 포기하지 않고, 방송에 중독된 영애에게 시청률 조작을 위한 거대한 프로젝트를 제안한다. 이후, 도둑 촬영과 악마의 편집으로 내보낸 방송은 역대급 시청률을 기록하면서 폭발적인 반응을 얻게 된다.석진은 도준의 임종 장면을 촬영하기로 결심하고,아무것도 모르는 도준과 영애는 마지막 방송 촬영이라는 석진의 부탁을 받고 바다로 여행을 떠나게 되는데…6월, 당신이 몰랐던 카메라 뒤의 진실이 공개된다!"
1000521,아버지의 마음,85,290533906,29078,2023,20230720,99,전체관람가,92.0,198,9.0,14,"행복할 수 없는 사람들이 행복을 찾아가는 기적의 이야기행복하지 않다고 말하는 시대에 살고 있는 우리는 행복한 삶을 추구한다.하지만 자신의 노력으로 더 나은 미래를 만들 수 없다고 느낄 때, 행복을 박탈당하게 된다.71년 전, 굶주림과 추위 속에서 죽어가는 한국전쟁고아를 아버지의 마음으로 바라봐 준 미국의 목사 에버렛 스완슨(Everett Swanson, 1913-1965).그가 한국전쟁고아를 향한 연민으로 시작하게 된 단체가 ‘컴패션(Compassion)’이다.한국인 고아 캐시를 비롯해 10만 명 이상의 한국 어린이에게 기적을 선물했고, 그가 품었던 아버지 마음은 전 세계 아이들을 향해 흘러가고 있다.1994년 아버지를 잃은 르완다 소년 메소드와 2020년 아들을 잃은 한국 아버지 황태환의 이야기.한 사람의 힘으로 세상을 바꾸고 선한 영향력을 끼치는 사랑의 릴레이.그것은 주는 사람과 받는 사람 모두 함께 성장하는 희망과 감동의 이야기다.행복을 찾고 싶은가?그렇다면 우리는 무엇을 해야 할까?"
1000522,데드라인,192,290095500,41198,2024,20241106,84,12세이상관람가,,,7.51,49,"2022년 9월 가장 뜨거웠던 그날의 기억모두의 가슴을 울릴 재난 휴먼 드라마!전례 없는 규모의 초특급 태풍 힌남노가 포항을 강타하고 국가 기간산업의 심장인 포항제철소는 직격탄을 맞는다.50년 가까이 한 번도 멈춘 적 없이 뜨겁게 타올랐던 제철소의 심장이 멈출 위기에 처한 절체절명의 상황.이 와중에 시사 교양 PD 오윤화는 재난의 진실을 파헤치기 위해 제철소로 잠입 취재를 나서는데…제철소의 심장 ‘고로’를 되살릴 데드라인은 불과 일주일,그들은 고로를 살려낼 수 있을까?"
1000523,백프로,236,275138600,36792,2013,20140403,108,15세관람가,41.0,762,5.07,46,"승승장구하던 프로골퍼 세진은 자신 때문에 친구를 잃고, 말을 할 수 없게된다. 치료를 위해 찾아간 작은 섬에서 마을 사람들은 세진을 선생님삼아서 아이들에게 골프를 가르쳐 유일한 학교의 폐교를 막으려고 한다. 골프에 대해 아무것도 모르는 아이들을 가르쳐야 하는 세진, 아이들과 섬사람들, 그리고 세진은 작은 섬에서 잊을 수 없는 추억을 만들어가게 된다."
1000524,극장판 우당탕탕 은하안전단: 진정한 용기!,261,257124930,34001,2022,20231130,64,전체관람가,,,7.23,13,"진정한 용기를 찾아 나선 최고 겁쟁이 ‘철수’와 ‘쿠왕’의 우당탕탕 모험이 시작된다! 우주의 안전과 평화를 지키는 은하안전단의 대장 ‘철수’는 1등급 문어 괴물과 싸우다 잔뜩 겁을 먹고 우주선으로 도망친다.한편, 저녁에 본 고양이 괴물이 무서워 잠들지 못하는 박살행성의 ‘쿠왕’.두려움에 엉엉 운 ‘쿠왕’의 모습이 아침 신문 기사로 실리는 바람에 박살행성의 최고 겁쟁이로 낙인찍히고, ‘철수’와 ‘쿠왕’은 겁쟁이에서 탈출하고자 용감한 선장 ‘가르고리’에게 지도를 얻어 ‘용기의 가루’를 찾아 나선다.그때, 호시탐탐 ‘쿠왕’의 자리를 노리던 ‘콩트 백작’이 메가 콩알 로봇을 앞세워 박살행성을 위기에 빠트리는데…"
1000525,대결,366,251176500,32278,2016,20160922,97,15세관람가,83.0,918,6.85,61,"소불위 갑(甲)에 맞서는 변두리 취준생의 통쾌한 역전극!“세상이 나쁜 놈 천진데 내가 무슨 갱생이 돼?” 취직은 진작에 포기한 달관력 99.9%의 취준생 풍호(이주승)는 리얼맞짱게임으로 용돈벌이나 하는 재미가 쏠쏠하다. 그러나 의협심 100%를 탑재한 형사 강호(이정진)는 동생 풍호가 한심할 따름이다. 현피에 의한 살인사건을 수사하던 강호는 뜻밖의 제안을 받고 현장으로 출동하지만 상대의 잔인한 수법에 속절없이 당하고 만다.   “어쩔 수 없어, 있는 놈이 계속 이기게 되어 있어.” 형의 복수를 위해 범인을 쫓던 풍호는 겉모습은 게임회사 CEO이지만 실상은 승부에 미친 게임중독자 한재희(오지호)를 찾아내고, 형을 대신한 복수의 한방을 준비하는데…"
1000526,썬키스 패밀리,417,245549900,31742,2017,20190327,105,15세관람가,75.0,1510,8.6,45,"발칙하고 골때리고 뻔하지 않은 이 가족의 로맨스!온 세상에 울리는 사랑의 소리 ‘삐그덕 쿵’!Chapter1. 예상 밖의 삐그덕결혼 20년 차에도 식을 줄 모르는 사랑을 나누는 뜨거운 부부 준호(박희순)와 유미(진경), 그러나 이들의 두 자녀아들 철원(장성범)과 딸 경주(윤보라)는 성인이 되었지만 뜻밖의 신체적 문제로 사랑을 하는 것이 세상 어렵다.Chapter2. 삐그덕 쿵이 멈췄다!늦둥이 막내딸 진해(이고은)에게는 매일 밤 부모의 침실에서 들려오는 소리 ‘삐그덕 쿵’이 ‘가족의 행복전선 이상무’를 알리는 신호였다. 그러던 어느 날, 옆집에 아빠의 친구라는 예쁜 아줌마 미희(황우슬혜)가 이사를 오고 엄마의 불 같은 오해(!)가 시작되는데. 그날 밤부터 ‘삐그덕 쿵’ 소리가 멈추고 가족의 행복발전소 가동이 멈췄다!매일 사랑하고 영원히 사랑하고 싶었던 ‘로맨틱 가족’에게 닥친 최대의 위기!가족의 행복을 찾기 위한 막내딸 진해의 대단한 작전이 시작된다!"
1000527,쥬라기캅스 극장판: 공룡시대 대모험,453,240024088,26188,2022,20220907,64,전체관람가,93.0,171,6.9,10,"쥬라기캅스의 탄생을 막는 별별해적단을 물리쳐라!평화로운 라이트시티, 공찬과 친구들은 학교 앞에서 미니공룡을 팔고 있는 정체불명의 상인들을 발견한다.그들의 정체는 바로 사라진 줄 알았던 악당, 어부바단!시간 여행을 할 수 있는 타임큐브를 이용해 공룡시대의 공룡들을 미니공룡으로 만들어 데려 온 뒤, 거대화 시켜 지구를 공격해 온다!한편, 과거로 돌아간 어부바단이 6,500만 년 전의 젊은 주관장을 공격해 쥬라기캅스의 탄생을 막아 현재의 쥬라기캅스를 소멸시켜버리고 공찬 일행도 타임큐브를 별별해적단에 빼앗겨 공룡시대에 갇히고 만다.공찬 엄마의 노력으로 공룡시대에서 탈출해 쥬라기캅스의 부활에 성공한 공찬과 친구들!현재로 돌아와 메카 공룡으로 도시를 공격하는 어부바단과 지구의 운명이 걸린 최종 결투를 벌이게 된다."
1000528,괴담만찬,162,220853620,27389,2023,20231018,118,15세관람가,,,8.48,25,소원을 이루기 위해 무심코 한 댄스 챌린지한강 다리 밑 목 꺾인 도플갱어가 알려준 입시 비법잭팟 터트린 후 절대 가면 안 되는 ◆◆모텔 307호의 비밀고급 ●●아파트 입주민 전용 헬스장의 금기■■연구실에서 현재 진행 중인 잔인한 실험구독자 154만 먹방 BJ가 라이브 중 저지른 돌출 행동욕망에 눈먼 이들에게 닥친 죽음보다 더한 공포!
1000529,에스파: 마이 퍼스트 페이지,68,209630300,9456,2024,20240214,110,전체관람가,,,7.66,41,"2020년 데뷔 이후 ‘블랙 맘바(Black Mamba)’, ‘넥스트 레벨(Next Level)’, ‘세비지(Savage)’, ‘걸스(Girls)’ 등 매 앨범마다 전 세계적인 메가 히트를 기록하며 눈부신 성장을 이뤄낸 그룹 ‘에스파(aespa)’.그들의 새로운 음악 세계와 독보적인 공연 실황은 물론,지금껏 공개되지 않은 멤버 4인의 진솔한 인터뷰,2023 첫 단독 콘서트 ‘SYNK : HYPER LINE’의 백스테이지 비하인드까지.‘에스파’의 찬란한 꿈의 기록. 그 첫 페이지가 스크린에서 펼쳐진다!"
1000530,해피 투게더,240,204452450,27046,2018,20181115,110,12세관람가,82.0,559,8.84,544,"“이번 생에서 난 주인공이 아닌가 봐”사랑하는 아들 ‘하늘이’를 위해 천직이라 믿었던 음악의 꿈을 포기한 순둥이 싱글대디 ‘강석진’.일명 ‘땜빵’ 무대에 서기 위해 찾아간 나이트클럽에서 화려한 반짝이 의상을 빼입은 ‘박영걸’을 만나다!  “관객 마음 사로잡아 본 적 있어요? 스파크 빡 때려본 적 있냐고” 밤무대 인기스타. 하지만 남들 몰래 바람잡이 관객 알바를 고용하는 생계형 색소포니스트 ‘박영걸’. 우연히 만난 꿈쟁이 ‘강석진’에게 훈수를 두지만, 얼마 후 상상도 못했던 곳에서 그와 그의 아들과 재회하며 인생 제대로 꼬이다! “난 아빠가 색소폰 부는 모습이 제일 멋있단 말이야!” ‘석진’의 영원한 제1호 팬이자 사랑스러운 아들 ‘하늘’. 가난 속에서도 늘 밝지만 색소폰 앞에서는 누구보다 진지한 음악신동. 시원하게 뽑아내는 선율로 우연히 재회한 ‘영걸’을 사로잡다! 이번 생은 엑스트라지만, 그래도 오늘 밤만은 우리 모두가 주인공!  인생 무대에 오르고 싶은 이들의 유쾌하고 찬란한 반격이 시작된다!"
1000531,얼굴없는 보스,293,199801000,23711,2018,20191121,114,15세관람가,56.0,582,5.0,12,"자신의 신념을 지키고 싶은 폭력조직 보스의 삶을 다룬 순정 갱스터. 조직의 돈을 혼자 챙긴 보스 강창완을 제끼고 보스가 된 권상곤은 동생들과 그 가족들 모두가 행복할 수 있도록 제대로 살아보려 애쓴다. 하지만, 보스가 된 지 일주일 만에 그의 의지를 벗어난 일로 인해 체포되어 범죄조직의 수괴로 징역 10년을 선고받고 수감된다..."
1000532,스트리머,181,198703100,22111,2023,20230510,89,15세관람가,,,6.34,128,"산 사람은 붉게, 귀신은 파랗게모든 것이 생중계된다!한 BJ가 남긴 기괴한 영상의 진위를 밝히겠다며 한 폐건물로 모인 5명의 스트리머들.각자 라이브 방송을 진행하며 건물을 살펴보던 그들의 섬뜩하고 소름 끼치는 현장은 그야말로 리얼하게 생중계 되는데…"
1000533,"알엠: 라이트 피플, 롱 플레이스",56,196404000,7868,2024,20241205,79,12세이상관람가,99.0,312,9.0,14,"BTS의 리더 RM의 두 번째 솔로 앨범 『Right Place, Wrong Person』의 제작기이자 입대를 앞둔 이십 대 끝자락의 이야기면서 자연인 김남준의 지극히 사적인 목소리가 담긴 다큐멘터리.  알엠: 라이트 피플, 롱 플레이스 는 노스탤지어를 불러일으키는 빛바랜 거친 질감의 숏들로 시작된다. 이건 어떤 청춘의 일지다. 2023.2.8.로 시작해서 2023.11.10.까지 이어지는, 일기처럼 날짜가 명기된 단락 위에 ‘팀 RM’의 프로젝트가 진행된다. 쿵짝이 잘 맞고 취향이 비슷한 친구들이 모여 햄버거와 위스키를 나눠먹는 작은 축제 같은 공동 작업에서 RM 혹은 김남준은 ‘온전히 그 자신’인 앨범을 꿈꾼다. ‘아무도 나를 신경 쓰지 않는 곳’으로 촬영을 떠나고, 사진작가는 ‘있는 그대로의 그’를 찍는다. 그 길 위에서 만들어진 영화  알엠: 라이트 피플, 롱 플레이스 는 앨범 메이킹 필름이면서 아주 특별한 청춘의 일지다. (강소원)"
1000534,사채소년,211,193797300,26149,2023,20231122,105,15세관람가,78.0,4021,6.17,12,"학교 서열 최하위, 고교사채왕이 되다!존재감도, 빽도, 돈도 없는 서열 최하위 '강진'.일진들의 괴롭힘에 시달리며 최악의 학교 생활을 이어가던 중 우연한 기회로 사채업자 '랑'에게 동업을 제안받게 된다.학업에 지친 학생들의 마음을 사랑으로 채워주는 '사채'.'랑'에게 전수받은 특별한 기술을 활용해 학생들에게 돈을 빌려주는 고교사채왕이 된 '강진'은 자신을 괴롭히던 일진 '남영'까지 돈으로 짓밟으며 단숨에 학교 서열 최강자에 등극한다.짝사랑하는 '다영'과도 가까워지며 꿈같은 시간을 보낸 것도 잠시,고교사채왕 '강진'의 자리를 위협하는 사람들이 나타나기 시작하는데..."
1000535,빈틈없는 사이,291,191595710,20926,2023,20230705,112,15세관람가,78.0,1908,7.31,90,"벽 사이로 옆집과의 기막힌 동거!가수의 꿈을 위해 오디션을 준비 중인 ‘승진’(이지훈).죽마고우 친구들과 발품 팔아 구한 방에서 첫날 밤을 보내려는 순간, 어디선가 들려오는 한 맺힌 여인의 울음소리! 소리의 정체는 바로, 방음이 전혀 안 되는 집 때문에 다양한 방법으로 이사 오는 족족 옆집을 내쫓았던 ‘라니’(한승연)의 방해 공작!하지만 승진은 호락호락한 상대가 아니었다!벽 너머를 오가는 기상천외한 소음전쟁 끝에, 시간을 나눠 쓰는 동거 아닌 동거가 시작되고!이름도, 얼굴도 모르는 서로의 일상을 공유하며 점점 미묘한 감정에 사로잡히는데…살벌달콤 신개념 철벽 로맨스!휴식도 연애도 쉴 틈 없이 빈틈없는 우리 사이, 이런 연애 처음일걸?"
1000536,4분 44초,213,187016200,46761,2022,20241101,44,12세이상관람가,,,4.94,109,"[입주민 여러분께 협조 요청 드립니다]북촌아파트 경비실입니다.최근 우리 단지 내에서 실종사건이 일어나 경찰이 수사 중에 있습니다.주변에서 수상한 사람을 발견하거나, 이상한 소음이 들리는 경우 경비실로 연락 주시면 즉각 조치하도록 하겠습니다.여러분의 신고와 제보가 실종자를 찾는데 결정적 단서가 됩니다.※ 이웃을 배려하는 마음으로 층간소음이 발생하지 않도록 주의 바랍니다.※ 야생동물에게 먹이를 주는 행위를 삼가해 주시기 바랍니다."
1000537,그리고 목련이 필때면,98,184197900,21062,2024,20240815,84,12세이상관람가,90.0,75,6.71,7,"강국 대한민국의 시작, 함께 배고픔을 극복했던 우리들의 대통령과 영부인! 박정희 대통령과 육영수 여사의 청년 시절, 서로를 만나기 전에서부터 서로 운명처럼 만나 함께 어려움을 극복하고 나라의 기둥이 되는 순간까지 우리가 알았던 그리고 몰랐던 이야기를 현대사의 굴곡과 함께 만난다."
1000538,안녕하세요,297,183017360,25140,2022,20220525,118,12세관람가,98.0,452,8.69,119,"외로운 세상 속에서 죽음을 결심한 열아홉 수미(김환희).‘죽는 법’을 알려주겠다는 수간호사 서진(유선)의 제안에 따라 늘봄 호스피스 병동을 찾아간다.이 사람들이 곧 죽을 사람들이라고?!예상치 못한 유쾌함과 따뜻함이 수미를 반기고, 하루하루를 소중히 살아가는 그들에게 점차 스며들며 세상의 온기를 배워가기 시작하는데…‘힐링 메이트’들이 전하는 눈부시게 찬란한 위로!“안녕하세요”"
1000539,타로,128,179752600,19529,2024,20240614,94,청소년관람불가,73.0,3083,6.87,23,타로카드를 우연히 주운 세 명의 인물이 겪는 이야기를 옴니버스 형식으로 다룬 공포영화
1000540,송가인 더 드라마,117,175253000,16251,2021,20210211,83,전체관람가,,,9.14,397,"트로트 신화를 쓴 송가인의 단독 콘서트! 떨리는 그 순간, 그녀의 진짜 이야기가 펼쳐진다!대한민국 트로트 신드롬의 주역, 차세대 트롯 스타를 찾기 위한 오디션 프로그램[내일은 미스트롯] ‘진’ 송가인의 단독 콘서트!송가인이 말하는 4200여 명의 팬들과 함께 한 뜨거웠던 그 순간.스크린에서 펼쳐지는 그날의 생생한 감동!"
1000541,히야,124,173844100,21687,2015,20160310,108,12세관람가,75.0,257,9.17,108,"“히야가 뭐든 다 해줄게”온 동네와 학교에서 이름깨나 날리던 ‘진상’(안보현) 집안의 골칫거리로 떠들썩하게 자란 문제아 진상은 사기죄에 살인용의자로 몰려 끈질긴 ‘최형사’(박철민)에게 쫓기는 신세다. 제 앞가림도 못하지만, 형 취급도 안 해주는 동생에게 끊임없이 다가가려 애쓴다.    “히야 좋아하네. 제발 가라”멋진 무대에 오르는 가수를 꿈꾸는 고등학생 ‘진호’(이호원) 돈도 빽도 없어 매번 오디션 탈락의 고배를 마신다. 게다가 형이 남긴 외상 후유증과 살인 누명까지 쓴 진상의 존재는 그의 꿈을 방해하기 일쑤다.  제발 눈앞에 나타나지 말라는 외침에도 내편이 되겠다고 나서는 형 때문에 인생이 괴로운데…"
1000542,한산 리덕스,202,169259176,19314,2022,20221116,151,12세관람가,96.0,1067,8.69,93,"나라의 운명을 바꾼 승리의 전투못다 한 이야기가 밝혀진다!1592년, 임진왜란 발발 후 15일만에 한양을 빼앗긴 절체절명의 위기에 놓인 조선.명나라로 향하는 야망을 꿈꾸며 연승에 힘입어 한산도 앞바다까지 당도한 파죽지세의 왜군.앞선 전투로 손상된 거북선의 출정 불가, 왜군의 연합을 통한 절대적인 군사적 열세인 상황, 조선 장수들의 의견 또한 첨예하게 맞서며 이순신 장군의 고뇌 또한 깊어진다.나아갈 곳도 물러설 곳도 없는 풍전등화와 같은 상황 속, 이순신 장군은 조선의 운명을 건 압도적 승리를 위한 전투를 준비한다.1592년 음력 7월 8일 한산도 앞바다,승리의 이야기는 아직 끝나지 않았다!"
1000543,프린세스 아야,348,162670896,20761,2019,20220921,90,전체관람가,83.0,1815,7.01,170,"스크린X 영화(극장 양쪽 벽면을 포함 삼면이 전부 스크린이 되는 입체적 영화)는 흔하지 않고, 스크린X 애니메이션은 더 흔하지 않다. 게다가 영화의 시작부터 끝까지 스크린X로 즐길 수 있는 애니메이션은  프린세스 아야 가 세계 최초다. 영화가 재미없는데 기술만 신기술이면 무엇할 것인가 반문할지도 모르겠다. 그렇다면, 연리지 왕국과 바타르 왕국, 양국의 왕자와 공주가 얼마나 환상적이고 동화적인 모험을 하는지 예고해 두겠다. 한국애니메이션의 대표적인 장인 이성강 감독의 신작이라는 점도 강조해 두겠다. 여기에 목소리 주연은 아이돌 뮤지션 백아연과 갓세븐의 진영이 맡았다. 이 캐스팅이 의미하는 바는 무엇인가. 귀를 즐겁게 하는 뮤지컬이기도 하다는 것이다.  프린세스 아야 는 어느 모로 보아도 흥미로운 대중영화다. (정한석)"
1000544,DMZ 동물 특공대,201,161867520,21830,2023,20240214,75,전체관람가,,,7.4,15,"“뭐? 인간들이 화해하면 우리 집이 사라진다고?!”지구상에 단 하나뿐인 공간 DMZ에 살고 있는 ‘담비’와 귀요미 친구들에게 들려온 날벼락 같은 소문!동물들의 유토피아 DMZ를 지키기 위해선 폭탄을 터뜨려 인간들의 평화를 막아야만 한다!‘담비’, ‘쾡이’, ‘멧돼이먼’, ‘황박이’, ‘람쥐’까지 DMZ 동물 특공대 출동 준비 완료!2월, 우리 집은 우리가 지킨다!"
1000545,F20,218,155242500,22412,2021,20211006,104,15세관람가,,,5.68,269,"나의 삶은 모든 것이 완벽했다어디에 내놔도 자랑스러운 아들을 둔 엄마 ‘애란’은 군 생활을 떠났던 아들 ‘도훈’에게 조현병이 발병했다는 충격적인 소식을 듣게 된다.완벽했던 자신의 일상을 빼앗길까 두려운 ‘애란’은 아들의 병을 숨긴 채 살아가기로 결심하고그러나, 순조로울 것만 같았던 그녀의 삶에 유일한 비밀을 알고 있는 ‘경화’가 나타나자 ‘애란’의 불안은 점점 광기로 변해가는데…2021년, 가장 날카롭고 충격적인 영화가 온다!"
1000546,유포자들,123,154680500,23721,2022,20221123,101,15세관람가,77.0,4083,7.4,5,"“핸드폰이 사라지고, 나는 N번째가 되었다”행복한 결혼 생활을 꿈꾸던 남자 ‘도유빈’(박성훈)자신의 오랜 친구 ‘공상범’(송진우)의 유혹에 이끌려 클럽에서 잊지 못할 하루를 보낸다.그리고 사라진 전날 밤의 기억과 핸드폰누군가로부터 걸려온 한 통의 전화수화기 너머 범인은 3천 3백만 원을 구해오지 않으면 ‘그’ 영상을 세상에 공개하겠다고 하는데…오늘 밤, 숨기고 싶었던 모든 것이 잠금해제 된다!"
1000547,파워배틀 와치카: 와치가면의 역습,246,153909000,22110,2017,20170601,74,전체관람가,92.0,142,8.49,55,히어로즈컵 챔피언이 된 ‘지노’에게 배달된 의문의 편지 한 통!그건 바로 난폭하기로 소문난 ‘얼티메이트 와치카 배틀리그(UWB)’ 초대장이었다.드디어 UWB 경기가 있던 날 경기를 관람하고 집에 가는 길에 정체불명의 괴한들에게‘지노’의 와치카인 블루윌이 납치당하지만 우여곡절 끝에 블루윌을 되찾게 된다.괴한들의 정체를 알게 된 ‘지노’는 그들의 음모를 막기 위해 정체를 숨긴 채 ‘와치가면’이 되어  블루썬더로 변신한 블루윌과 함께 UWB에 참가하게 되는데…과연 와치가면은 UWB에서 새로운 영웅으로 등극할 것인가?
1000548,트와이스랜드,53,153765000,18252,2018,20181207,109,전체관람가,97.0,1170,9.2,356,"사랑스러운 답정너로 변신한 ‘예스 오어 예스(YES or YES)’까지 10연타 히트곡 행진을 이루며 데뷔 3주년을 화려하게 장식하고 있는 트와이스를 영화로 만난다.    “원스~ 우리가 돌아왔어요”    2018년 5월, 아시아 원톱 걸그룹 ‘트와이스’의 두 번째 투어 ‘트와이스랜드 존 2 : 판타지파크(TWICELAND ZONE 2 : FANTASY PARK)’가 세계 팬들에게 눈으로 한 번, 귀로 한 번, 두 배의 감동을 전하며 화려한 막을 내린 잊을 수 없는 그 열기와 흥분을 스크린에 고스란히 담았다.    영화 ‘트와이스랜드(TWICELAND)’를 통해 두 번째 콘서트 실황과 9명의 멤버들의 인간적이고 진솔한 모습을 만난다. 데뷔곡 ‘우아하게(OOH-AHH하게)’부터 ‘치어업(CHEER UP)’, ‘티티(TT)’, ‘낙낙(KNOCK KNOCK)’, ‘시그널(SIGNAL)’ 등 매 앨범마다 음원 사이트 1위를 기록한 히트곡들과 밝은 에너지 가득한 무대로 실제 콘서트장에 있는 듯한 현장감을 전한다.    “언제나 곁에 있을게”    영화는 싱가포르, 방콕, 자카르타 등 해외 투어 모습과 비하인드 스토리, 그리고 팬들을 향한 애정 넘치는 인터뷰까지 아홉 멤버들의 빛나는 날들을 보여준다.  늘 곁에 있겠다는 약속을 한 팬들에게 특별한 추억과 선물이 될 ‘트와이스랜드’.  사탕처럼 달콤하고 아름다운 소녀들, 따로 또 같이 다채로운 개성을 뽐내는 트둥이들의 매력이 가득한 트와이스랜드의 문이 활짝 열렸다!"
1000549,목스박,122,147129705,16776,2023,20240320,98,15세관람가,81.0,71,9.35,23,"왕갈비파의 경철과 태용이 왕갈비파 보스의 생일을 축하하는 자리, 삼거리파 황인성이 들이닥쳐 장보스는 죽고, 삼거리파의 눈을 피하기 위해 각각 경철은 천사의 교회에 태용은 은신사에 피신한다. 교회로 피신한 경철은 새로운 목회자로 추앙받고 절로 피신한 태용은 범죄자들이 피신을 와서 곤란하던 은신사의 잡범들을 내쫒으며 주지,환장스님과 함께 절 생활을 시작한다.한편 미친개 형사 차도필에게 동자신이 들어오고 경철,태용과 같이 황인성에게 소중한 딸과 같은 햄스터 혜리를 잃은 도필은 경철,태용에게 연합을 제안한다. 조폭목사, 조폭스님, 박수무당형사의 연합작전이 시작된다."
1000550,정국: 아이 엠 스틸 위드 유,41,146215000,5849,2024,20241009,112,전체관람가,96.0,256,7.83,18,"정국: 아이 엠 스틸 의 특별한 싱어롱 파티에 초대합니다! “'Seven (feat. Latto)', '3D (feat. Jack Harlow)', 'Standing Next to You’ 등 정국의 대표 히트곡을 함께 부르는 시간! 정국: 아이 엠 스틸 이 싱어롱 영상을 더해  정국: 아이 엠 스틸 위드 유 로 돌아온다.언제나 아미(ARMY)와 함께하고 싶은 정국의 마음을 제목에 담은  정국: 아이 엠 스틸 위드 유 ,20분의 싱어롱을 통해 정국과 팬들의 목소리로 영화관을 가득 채울 수 있다. 정국: 아이 엠 스틸 을 대형 스크린에서 볼 수 있는 마지막 기회!글로벌 팝스타에 등극하기까지 정국이 지나온 여정과 전 세계 ARMY와 나눈 감동적인 순간,모두가 함께 노래하는 파티 이벤트가 CGV에서 10월 9일부터 시작된다. Party, Party, Yeah!"
1000551,나는 여기에 있다,122,143076700,18504,2022,20230412,82,15세관람가,,,5.85,40,"과거, 살인자를 검거하는 과정에서 칼에 폐를 찔린 후 장기 이식을 통해 기적적으로 살아난 형사 ‘선두’(조한선)수사 일선에 복귀한 그는 연쇄 살인범 ‘규종’(정진운)을 쫓던 중 장기 이식 코디네이터 ‘아승’(노수산나)을 통해 ‘규종’이 자신과 같은 공여자의 장기를 이식받은 것은 물론, 공여자가 과거 자신이 검거했던 살인자라는 것을 알게 되는데…피 끓는 형사 VS 폭주하는 살인자지독한 운명에 얽힌 두 남자의 극한 추격이 시작된다!"
1000552,더블패티,265,132609660,15383,2020,20210217,107,15세관람가,70.0,1248,9.14,36,"‘힘내’라는 말로는 위로가 되지 않던 그날, 입 찢어지게 햄버거를 먹던 너냉삼에 소맥을 찰 지게 말던 너 보기만 해도 ‘힘’이 솟는 우리의 인연이 시작됐다."
1000553,극장판 샤이닝스타:새로운 루나퀸의 탄생!,117,129098700,15785,2019,20190718,78,전체관람가,95.0,568,9.17,110,"루나퀸을 꿈꾸는 우리들의 빛나는 스테이지가 펼쳐진다! 세계 최고의 아이돌 학교 샤이닝스타 스쿨!데뷔반의 완성형 연습생 ‘헤라’와 노력형 연습생 ‘나라’는 세계 최고의 아이돌 스타 타이틀 '루나퀸'이 되기 위한 오디션에 돌입한다.그러던 중 ‘헤라’는 자신이 속한 그룹 '돌스'에서 돌연 탈퇴하고 ‘나라’가 속해 있는 그룹에 합류, 새로운 팀 '뉴 멜로디'가 결성된다.하지만 실력지상주의 이사장 ‘칼리오페’는 ‘헤라’에게 솔로로 ‘루나퀸’ 결승 무대에 오르면 단독 우승을 할 수 있다며 '뉴 멜로디'와 ‘헤라’를 갈라 놓으려 하고, ‘뉴 멜로디’의 우정이 흔들리기 시작 하는데… 루나퀸과 우리의 우정 모두를 지킬 수 있을까!"
1000554,핑크퐁 시네마 콘서트 : 우주대탐험,182,118488500,15229,2019,20200130,66,전체관람가,86.0,472,8.79,205,"잃어버린 5개의 별 조각을 찾아줘!우주여행을 하던 핑크퐁과 아기상어 올리, 갑자기 날아온 운석에 부딪혀 우주선의 별이 조각나버렸어요. 우리 함께 잃어버린 별 조각을 찾기 위해 5개의 행성으로 신나는 우주 모험을 떠나요!"
1000555,우리 사랑이 향기로 남을 때,173,115424800,12364,2022,20230208,108,15세관람가,,,6.71,97,"코 끝에서 시작되는 달콤한 사랑?!삶에 치여 제대로 된 연애 한 번 못해본 남자 ‘창수’(윤시윤)낯선 이에게 받은 향수를 뿌리자마자 여자들이 달려든다?!가족에 치여 누굴 좋아해본 적도 없는 것 같은 여자 ‘아라’(설인아)어느 날, 매일같이 타던 버스에서 나는 향기에 두근대기 시작한다‘창수’에게 이끌린 ‘아라’는 영문도 모른 채 사랑에 빠지고, 서툴러도 조금씩 사랑을 키워나가던 그때!갑작스럽게 등장한 전 애인 ‘제임스’(노상현)가 폭로한 ‘창수’의 비밀!내가 사랑에 빠진 게, 향수 때문이라고?2023년 2월, 마법 같은 로맨스가 시작된다!"
1000556,부활,83,112596500,14437,2020,20200709,110,전체관람가,,1,8.93,569,"이태석 신부가 아프리카 톤즈에 뿌린 사랑의 씨앗이 꽃으로 피어나는 이야기 울지마톤즈  후속영화, 《부활》아프리카 수단에서 헌신하다 마흔 여덟의 젊은 나이에 세상을 떠난 이태석 신부.십년 후 그분의 사랑으로 자란 제자들을 찾아 나섰다.의사약사공무원의대에 다니는 제자만 40여명.놀라운 것은 모두가 이태석 신부의 삶을 살아가고 있다.주민들은 이 신부가 돌아왔다며 기뻐한다.십만 킬로미터 대장정, 일 년 간의 추적인간이 인간에게 꽃이 되어 주는 감동을 공개한다."
1000557,무수단,228,112188400,14386,2015,20160303,87,15세관람가,59.0,316,7.64,39,"비무장지대, 그곳이 뚫렸다!대한민국 최전방 비무장지대에서 벌어진 원인불명의 사고최정예 특임대 급파! 24시간 내 돌아오지 못하면 모두 죽는다!비무장지대에서 원인불명의 사망, 실종사건이 연이어 발생하자 남측에서는 특전대 엘리트 출신의 조진호 대위(김민준)와 생화학 주특기 장교 신유화 중위(이지아)를 각각 팀장, 부팀장으로 한 최정예 특임대를 구성해 24시간 내에 사건의 실체를 파악해 올 것을 명한다. 그러나 그곳에 들어선 순간 심상치 않은 흔적들이 발견되고, 대원들도 하나 둘씩 이상한 징후를 감지하기 시작하는데…"
1000558,비의도적 연애담 스페셜,23,107713000,7181,2022,20230614,122,12세관람가,94.0,446,8.56,16,"시작은 의도적, 연애는 ‘비’의도적!’ 거짓말로 시작된 관계에서 진짜 사랑에 빠지게 된 두 남자의 이야기를 담은 신뢰회복 심쿵로맨스 드라마"
1000559,화이트데이: 부서진 결계,356,102070580,10997,2019,20211006,90,15세관람가,55.0,316,,,"어둠이 깃든 땅을 학생들의 맑은 기운으로 봉인한 연두고등학교.최근 원인을 알 수 없는 사건이 연속되는 가운데 오늘 희민이라는 아이가 전학 왔다.본인의 운명이 뒤바뀔 것이라는 사실은 모른 채…결계가 깨진 그날 밤, 마침내 그가 각성한다!"
1000560,분노의 강,88,100458917,11766,2023,20240529,87,12세관람가,65.0,1290,6.43,121,"“행복하게 살자, 우리”모두가 모르는 반쪽의 진실아버지 ‘기철’은 소중한 가족과 철책의 반대편, 내일이 있는 삶을 꿈꾸며 목숨 건 모험에 뛰어든다.하지만 그의 계획은 수포로 돌아가고, 아들 ‘철수’만이 살아남는다.그로부터 10년 후, 모든 걸 잃은 ‘철수’ 앞에 한줄기 빛 ‘연희’가 나타나고 ‘철수’는 다시 새로운 세상을 꿈꾸게 되는데…"
1000561,타투,133,99263100,12103,2014,20151210,93,19세관람가(청소년관람불가),,6,4.67,9,"복수를 꿈꾸는 그녀, 고통을 즐기는 사이코패스, 그를 만나다!어린 시절 말못할 아픈 상처를 가진 수나(윤주희 분). 그녀는 의사생활도 포기한 채 타투이스트로 생계를 이어간다. 그녀의 타투가 행운을 부른다는 소식에 고객은 늘어가나 반대로 과거의 고통 속에 몸부림치는 수나. 그녀는 밤마다 자신에게 상처를 준 범인에 대한 복수를 꿈꾸며 거리를 헤맨다. 그러던 어느 날 수나 앞에 꿰매기 문신을 요구하는 의문의 남자 지순(송일국 분)이 나타나고 그녀가 지순의 등에 메두사 문신을 새기던 중 어린 시절 목격한 범인과 똑같은 흉터를 그에게서 발견한다. 메두사의 머리가 완성되던 날, 지순은 살인본색을 드러내며 수나를 납치하고그녀에게 자신의 독특한 살인의식을 생생히 목격하게 하는데…지순은 수나에게 신고하고 싶으면 신고해보라며 그녀를 도발하고 과거와 현실의 고통에서 벗어나려 몸부림치는 수나. 그리고 그녀의 고통을 온몸으로 즐기는 지순.과연 이 둘의 악연은 어떻게 끝날것인가?"
1000562,심야카페: 미씽 허니,174,98978194,13682,2021,20221117,103,12세관람가,76.0,1265,5.49,134,"♥우리 결혼합니다!부산 산복지구대의 냉미녀 경찰, 윤파스타집 오너 셰프 다정한 연인, 태영누구 봐도 행복한 커플 윤과 태영은 결혼을 앞두고 있다.#결혼식 당일 연인이 사라졌다!누구보다 행복해야 할 결혼식 당일태영이 아무 연락도 없이 나타나지 않는 대참사를 겪게 된다.★시공초월 심야카페…?갑자기 사라진 연인 태영의 행방이 묘연한 가운데 윤은 태영이 사라진 마지막 장소에서 수상한 지도를 발견한다. 지도를 따라간 윤은 평소에는 전혀 보지 못했던 카페를 발견하게 되는데…마스터부터 손님까지 모두 수상하기만 한 ‘심야카페’에서 윤은 드디어 사라진 연인 태영을 만나게 된다. 하지만 태영은 자신을 알아보지 못하고 어딘지 어려보이기까지 하는데…“저기.. 혹시 지금이 몇 년도인가요?”밤 12시부터 해 뜰 때까지… 시공간이 초월된 그 곳올 가을, 새로운 시공초월 로맨틱 판타지 세계로 초대합니다!어서오세요, 심야카페입니다!"
1000563,어게인 1997,305,98537648,10926,2023,20240410,104,15세관람가,78.0,1247,6.88,8,"죽음과 함께 찾아온 N차 인생, 다시 돌아가면 잘 할 자신 있습니까?스턴트맨 40대 가장 ‘우석’(김다현)은 배우의 꿈을 접게 만든 얼굴의 흉터가 생기기 전, 인생에서 제일 잘 나가던 1997년 고등학교 그 시절로 돌아가고만 싶다. 어느 날, 이름 모를 한 스님(박철민)을 도와주고 인생을 바꿔준다는 5장의 부적을 구입하고 우연처럼 촬영 중 자동차가 절벽에서 추락하는 사고로 그토록 갈망하던 1997년 고등학생 ‘우석’(조병규)으로 깨어난다! 쓰레기 같은 아빠, 아들, 남편이었던 지난 인생 1회차를 개조하기 위한 프로젝트는 이제부터 시작이다. 일진생활 청산, 착실한 학업태도, 미안하기만 한 미래의 내 아내 ‘지민’(한은수)에게서 멀리 떨어지기… 짱이었던 친구가 꼰대가 되었다고 질타하는 ‘봉균’(구준회)   ‘지성’(최희승)아, 미안~ 그런데 왜 ‘그 때’ 그 일이 또 다시 일어날 것만 같은 이 기분은 뭐지?"
1000564,피는 물보다 진하다,78,90700500,14201,2022,20220525,90,15세관람가,57.0,3232,3.72,593,"‘도깨비’라 불린 남자 VS ‘도깨비’가 되고 싶었던 남자오직 진짜만이 살아남는다!최대 청부폭력조직 '백정파'는 무자비함으로 악명 높은 해결사, 일명 '도깨비'를 앞세워 일대를 장악한다.그러나, 베일에 싸인 ‘도깨비’ 두현은 친형제 같았던 영민의 죄를 뒤집어쓰고 10년의 수감생활을 하게 된다.한편, 두현이 사라진 사이, ‘도깨비'행세를 하며 조직을 차지한 영민은 두현의 출소 소식을 듣고 불안에 휩싸인다.영민은 두현을 먼저 치기로 하고 새 삶을 시작하려던 두현은 결국, 진짜 ‘도깨비’의 부활을 선언하며 영민과 조직을 상대로 싸움을 시작하는데..."
1000565,엘 카미노,34,90188000,8528,2023,20230329,68,전체관람가,91.0,350,,,방송인 손미나가 산티아고 순례길  엘 카미노 를 걸으며 찾은 희망과 위로의 메시지를 전한다.
1000566,검은손,178,89815665,11650,2015,20150416,95,19세관람가(청소년관람불가),2.0,103,4.44,18,"완벽했던 수술,그것은 저주의 시작이었다!세계최초 생체공학연구 개발로 세간의 이목을 집중 받고 있는 신경외과 전문의 정우(김성수 분). 그 옆엔 끝을 알 수 없이 반복되는 연구에 지친 그를 위로하며 곁을 지키는 연인이자 동료 유경(한고은 분)이 있다.그러던 어느 날 유경에게 의문의 사고가 일어난다. 손 절단이라는 의사로서 최악의 사태를 맞은 유경, 하지만 정우의 빠른 판단과 기지로 손 접합수술은 성공적으로 마무리된다. 수술 이후 서서히 회복해가던 중 이들 주변에 이해할 수 없는 기괴한 사건들이 연이어 일어나기 시작하는데...   4월, 당신의 감각마저 의심하라!"
1000567,위대한 침묵,48,81404670,8662,2022,20220629,124,12세관람가,,31,8.62,381,"이 다큐 영화는 대한민국 제18대 대통령이자 최초의 여성 대통령 박근혜의 탄핵과 형사재판의 불법, 부당성을 기록하는 작품이다. 박근혜 대통령 탄핵 및 형사사건의 변호인단, 법대 교수, 정치학 교수들의 인터뷰와 사건 현장에 대한 촬영을 근거로 화면을 구성하였다.탄핵사건의 도화선으로 작용한 투기자본감시센터 고발장의 진실은 검찰수사기록을 통해, JTBC의 태블릿PC보도는 국립과학수사연구원의 포렌식 결과물을 통해 규명했다."
1000568,제 7기사단,95,80160964,10710,2015,20150910,115,15세관람가,81.0,228,8.14,14,사상 최고의 실력으로 전설이 된 최강 부대 제 7기사단과 대장 ‘레이든’(클라이브 오웬).그는 절대 권력의 횡포로 힘없는 이들이 고통 받는 세상을 바로잡으려는 ‘바톡’(모건 프리먼) 영주의 뜻에 따라 정의와 신념을 지키기 위한 반격을 결심하는데…
1000569,이웃집 스타,256,78213300,10854,2016,20170921,99,12세관람가,80.0,319,6.42,12,"이웃집에 스타가? 아니 엄마가 산다!대한민국이 발칵 뒤집힐 코믹 모녀 스캔들!나야 나! 톱스타 한스타 한혜미 손가락만 까딱~해도 이슈가 되는 스캔들메이커 한혜미 떠오르는 아이돌 스타 갓지훈과 또 다시 핑크빛 열애설로 화제의 중심에 오르다! 가만 안 둬! 내가 바로 한스타 악플러 한소은 톱스타이자 엄마 한혜미와 한 집인 듯 한 집 아닌 이웃살이를 하고 있는 여중생 감히 우리 오빠 갓지훈과 열애설이 난 철없는 엄마 전담 악플러로 변신하다! 들키면 큰일 날 비밀 동거 사이! 열애설로 한스타와 소은의 신경전이 계속되는 가운데, 사람들의 관심은 점점 밝혀져서는 안될 두 사람의 비밀 이웃살이에 대한 의심으로 변하게 된다. 두 지붕, 한 가족, 모녀 사이인 한스타와 소은은 함께 이 위기를 헤쳐나갈 수 있을까?"
1000570,아머드 사우루스: 기계공룡제국의 침략,236,76296435,8252,2023,20230420,85,전체관람가,88.0,908,9.04,24,"공룡과 로봇의 완벽한 어셈블초대형 다이노버스터가 온다!6,500만 년 동안 잠들어 있던 티렉스를 깨워 우연히 교감에 성공하게 된 소년 ‘진(김서진)’은 지구방위군단을 양성하는 디아머 아카데미에 링커로 특례입학하게 된다.티렉스와의 교감 훈련부터 조종 훈련, 가상 전투 훈련 등 다양한 훈련을 시작한 ‘진’은 이후 ‘세나(지수)’, ‘아인(문소희)’, ‘용후(이세온)’ 등 다른 디아머 링커들과 팀을 이뤄 함께 성장한다.그러던 어느 날, 지구로 떨어진 이터널 코어를 노리던 기계공룡제국이 지구를 침략하고, 카이저 군단은 그 틈을 노려 디아머를 공격해 이터널 코어를 빼앗으려 한다.이에 디아머 링커들은 힘을 합쳐 이들을 막아내는데 성공한다.하지만, 기계공룡제국의 2인자 ‘플라우투스’가 등장하면서 절체절명의 위기에 처하게 되는데…과연, 디아머 링커들은 최강 빌런 ‘플라우투스’에 맞서 지구를 지켜낼 수 있을 것인가!"
1000571,메이크 유어 무브,96,73741600,9368,2014,20140417,110,12세관람가,62.0,429,6.64,14,"춤 추듯 사랑하고, 사랑하듯 춤춰라!  스텝 업  제작진과 '보아'가 선사할 환상적인 댄싱 로맨스!춤 하나로 모두를 사로잡는 탭 댄서 '도니'(데릭 허프)는 형이 운영하는 클럽에서 매력적인 댄서 '아야'(보아)를 만나 첫 눈에 사랑에 빠진다. 하지만 곧 자신의 형과 '아야'의 오빠가 라이벌 관계의 클럽을 운영한다는 사실을 알게 되고 심한 반대에 부딪힌다. 그럼에도 불구하고 서로의 몸짓에 빠져든 '도니'와 '아야'. 두 사람에게 닥친 위기는 그들의 사랑을 더욱 간절하게 하는데….모든 것을 넘어 선 화려한 무대, 그 뜨거운 순간이 지금 펼쳐진다!"
1000572,슈퍼레이서 엔지,126,73587800,10612,2015,20150910,63,전체관람가,99.0,53,7.63,19,"산골마을 피자배달부 엔지!카 레이싱 챔피언에 도전하다!두들산 산골마을에서 엄마의 가게를 도와 피자를 배달하는 ‘엔지’.카 레이서가 되는것이 꿈인 엔지와 그의 동네 친구들인 ‘아쿠, 라지, 토리’는 매일 마을의 산길에서 자동차를 몰며 드라이빙을 연습한다. 그러던 어느 날, 도시에서 온 ‘마틴’ 일행을 만나게 되고 자신들을 무시하는 ‘마틴’에게 레이싱 도전을 선언한다.한편, 불의의 사고로 마을에 숨어 지내던 전설의 카레이서인  ‘레이’를 우연히 만나게 된 엔지와 친구들은  ‘레이’의 지도 하에 본격적인 카 레이싱 트레이닝을 시작하게된다. 카 레이서가 된 엔지와 친구들!!꿈의 무대에서 레이싱 챔피언에 도전하다!"
1000573,한 번도 안 해본 여자,66,71166500,9469,2013,20140116,99,19세관람가(청소년관람불가),55.0,108,4.2,243,키스 한번 못해 본 그녀의 좌충우돌 첫 연애가 시작된다!생긴 것도 사고방식도 딱 모범생 그 자체인 통계학과 부교수 말희(황우슬혜)는정교수가 되는 것만큼 중요한 인생의 숙제가 있다. 그것은 바로 남자와의 찐한 연애.하지만 아무랑은 싫고 어릴 때부터 알고 지내온 연하 남 상우(김진우)같은 멋진 남자와  연애 하고 싶다. 그런데 그 길은 왜 이렇게 험난하고 멀기만 한 걸까?그렇게 며칠이 지난 어느 날 누드 전문 화가 출신의 세영(사희)이 나타나한 번도 안 해 본 말희에게 남자 경험에 관한 자신의 노하우를 전수하기 시작 하는데…과연 33살 권말희의 짝짓기 프로젝트는 무사히 임무 수행을 완성 할 수 있을까?
1000574,더 영 맨 앤드 더 딥 씨 (비투비 임현식),16,70560500,4075,2024,20241204,61,전체관람가,98.0,115,9.14,7,아이돌 비투비(BTOB)의 멤버이자 솔로 아티스트인 임현식이 뮤직비디오 촬영을 위해 남태평양으로 떠난다. 악천후가 예고된 상황 속에서 과연 뮤직비디오 촬영은 무사히 끝날 수 있을까? 아름다운 남태평양을 배경으로 펼쳐지는 예측불허 뮤직비디오 촬영기.
1000575,로보카폴리 안전교실 교통편,16,66985000,11168,2022,20220919,40,전체관람가,99.0,5,,,로보카폴리가 상황별 에피소드를 노래로 알려주는 교통 안전 수칙에 대한 교육 애니메이션 영화
1000576,비밀,126,66190305,6530,2023,20231213,110,19세관람가(청소년관람불가),20.0,154,9.0,31,"잔혹한 연쇄 살인, 모든 증거가 10년 전 죽은 녀석을 가리킨다.한밤 중 화장실에서 발생한 살인 사건, 강력반 형사 ‘동근’은 사체에서 10년 전 날짜가 적힌 일기 조각을 발견한다.“이 또한 지나가리라”‘동근’은 사건의 유일한 증거인 쪽지가 피살자와 함께 군복무했던 ‘영훈’의 일기 일부분이라는 것과 10년 전 자살을 선택했다는 사실을 알게 된다.‘동근’은 당시 군대 가혹 행위의 배후에 있던 인물이자 제약회사 임원 ‘성현’을 용의자로 지목하지만, 그 역시 똑같은 방식의 연쇄살인 사건의 피살자로 발견되면서 사건은 점점 미궁 속으로 빠져든다.한편, 사건을 파고들면서 ‘동근’은 ‘영훈’이 그와 학창시절을 함께 보낸 친구였다는 것을 알게 되고 잊었던 기억과 함께 사건은 새로운 국면에 접어 드는데…"
1000577,폴라로이드,27,65317000,10094,2013,20150716,106,전체관람가,10.0,8,5.24,95,"지금의 이 순간을 기억해 주세요세상에서 만나서 행복했어요8년전, 예기치 않은 사고로 중국 아이스하키 선수 생활을 그만두게 된 ‘양밍’은 어느 날 길에서 갑자기 혼절한 ‘수호’라는 아이를 알게 된다. 아빠 없이 철 없는 엄마 ‘은주’와 단 둘이 살아가던 ‘수호’는 마침 보모를 구하던 차에 따뜻하고 듬직한 ‘양밍’을 적합한 사람으로 선택한다. ‘양밍’을 잘 따르는 ‘수호’와는 달리, 엄마인 ‘은주’는 외국인이고 낯선 남자였던 그에게 거리를 두려 하지만 곧 그의 따뜻함과 자상함에 이끌리게 되고 ‘수호’와 ‘양밍’은 더욱 돈독한 사이가 되어 간다. 하지만 시한부인생을 살아가던 ‘수호’와 절망과 슬픔 속에 살아가는 엄마, 그리고 그들 앞에 나타난 낯선 남자 ‘양밍’ 이 세 사람에게 생각지도 못한 사건이 생기고 그 사실을 알게 된 모두는 혼란스러워지는데.."
1000578,어우동: 주인 없는 꽃,18,60141000,12203,2014,20150129,101,19세관람가(청소년관람불가),,,6.15,13,"조선시대 왕조차 탐냈던 여인, 최고의 꽃이 되다! “내가 꽃 중의 꽃, 어우동이오!”곱고 아름다운 자태와 월등한 학문실력까지 겸비한 절세미인으로 정평이 나있는 사대부 박참판 댁 규수 혜인. 한번쯤 탐하고 싶은 여인으로 소문이 자자한 그녀에게 왕의 종친 ‘이동’이 접근한다. 달콤한 화술로 혜인의 마음을 단숨에 사로잡은 이동은 결국 일사천리로 그녀와의 혼인을 성사시키고 욕망에 가득 찬 첫날밤을 보낸다.   그러나, 혼인 후에도 버릇을 고치지 못하고 기루에서 매일 밤 다른 여인을 품으며 방탕한 생활을 하던 이동은 혜인을 잊지 못하고 일편단심 사랑하는 역관 ‘무공’의 존재를 알게 되고 주체할 수 없는 질투심에 휩싸여 혜인이 보는 앞에서 기생과 정사를 치르는 만행을 저지른다.   사랑이라 믿었던 남편에게 배신당한 혜인은 복수를 위해 운명을 바꾸기로 결심하고 스스로 ‘어우동’이라 이름 지어 조선에서 최고로 유명한 기녀로 새롭게 태어난다. 오로지 그녀의 몸을 탐하기 위해 매일 밤 줄지어 선 사대부들의 소문은 순식간에 왕실에까지 알려지고, 조선의 왕 또한 어우동과의 은밀한 만남에서 욕망으로 뒤덮인 밤을 보내게 되는데… 문란의 시대, 왕조차 탐냈던 여인 어우동. 과연, 복수의 꽃을 피우게 될 것인가?  조선을 뒤흔든 역사적 스캔들이 시작된다!"
1000579,화녀,77,59838539,7075,2024,20240314,102,19세관람가(청소년관람불가),96.0,537,3.62,229,"연기대상까지 받으며 잘 나가던 여배우 ‘수연’(박지연)은어느 날, 음주 사고를 일으켜 긴 자숙의 시간을 갖는다.자숙 이후 에세이를 발간하며 다시 한번 복귀를 시도하지만, 세상은 그녀를 차갑게 대하고…우울감에 빠진 ‘수연’은 함께 살고 있던 후배 ‘가영’과 홧김에 싸우고 스트레스를 풀기 위해 폭음을 한다.술에 취해 자고 일어난 ‘수연’은 칼에 찔려 죽어 있는 ‘가영’을 발견한다.아무 기억도 나지 않는 상황, 어떻게든 수습해보려던 ‘수연’에게 “당신은 배우의 자격이 있습니까?”라는 편지가 도착하고…누군가 자신을 지켜보고 있단 사실을 알게 된 그녀는 모든 것을 은폐하기 위해 인생을 건 모험을 감수하는데…2024년 3월지금껏 참아왔던 그녀의 분노가 폭발한다!"
1000580,엘스타 2 : 드리미 스테이지,15,50984500,3399,2024,20241130,79,전체관람가,91.0,64,0.0,,온라인 게임 '엘소드'에 나오는 캐릭터들이 가상 아이돌로 데뷔하는 프로젝트인 '엘스타'의 시즌2 콘서트  드리미 스테이지 를 다룬 애니메이션
1000581,블루버스데이,43,46533900,4394,2021,20220119,137,12세관람가,90.0,332,8.14,7,"2021년의 오하린. 아무리 웃어보려고, 씩씩하게 살아보려 애써도 남들 앞에서 드러내기 힘든, 지워지지 않는 상처가 있다. 그건 바로 10년 전 생일날, 유일한 남사친이자 짝사랑이었던 서준의 자살이다. 십 년이다 십 년. 초등학교 때부터 지금까지 쭉 가장 가까운 사이. 티격태격 서로의 제일 가까운 남사친 여사친으로 지내왔는데. 어느 날 문득 정신을 차려보니 가랑비에 옷 젖듯 남몰래 좋아하고 있었다. 가장 행복해야 할 생일날, 감춰왔던 마음을 고백하려 용기를 낸 순간 서준은 거짓말처럼 떠나버렸다.홀로 남겨진 하린은 10년 후 생일날, 서준의 유품인 카메라와 그가 찍었던 8장의 사진을 다시 갖게 되는데.서준의 기억을 다시 떠올리는 게 너무 아픈 하린은 슬픈 마음에 사진을 태워버린다. 그런데 정신을 차리고 보니, 사진 속 십 년 전 그날로 돌아가 있는 것이다! 서준은 왜 자살을 했을까? 그의 죽음은 정말 자살이 맞을까?서준의 카메라에서 나온 사진은 단 여덟 장. 시간 여행을 할 수 있는 기회도 단 여덟 번. 시간을 돌릴 때마다, 필연적인 불운을 맞게 된다.하린은 과연 무사히 지난 시간 속에 숨겨진 비밀을 밝혀내고 과거를 바꿀 수 있을까?"
1000582,해적왕 작스톰,65,45905800,5916,2018,20180725,82,전체관람가,94.0,42,,,"일곱 바다를 접수할 ‘해적왕’이 온다!호시탐탐 아빠의 ‘베루의 눈’ 목걸이를 탐내는 호기심 가득한 소년 ‘작스톰’. 어느 날 아빠의 눈을 피해 베루의 눈을 손에 넣은 ‘작스톰’은 서핑을 즐기던 도중 소용돌이에 휩쓸려 버뮤다 삼각지대에 빠진다. 넓은 바다에서 우연히 마주한 유령 ’클로비스’와 말하는 칼 ‘칼라브라스’로부터 버뮤다의 일곱 바다의 전설을 전해 들은 ‘작스톰’은 집으로 돌아가기 위해 최강의 드림팀을 만든다.  한편, 베루의 눈과 칼라브라스를 손에 넣기 위한 일곱 바다의 악당 ‘스칼리버’와 그의 오른팔 ‘골든본’이 은밀히 움직이기 시작하는데…  과연, ‘작스톰’은 버뮤다 삼각지대를 빠져나와 진정한 해적왕이 될 수 있을까?"
1000583,"의궤, 8일간의 축제 3D",16,45334000,7956,2014,20140417,73,전체관람가,99.0,550,9.57,159,"조선 22대 국왕인 정조(正祖 1752~1800)가 역사상 가장 성대한 축제를 기획하고 8권의 책에 그 모든 과정을 글과 그림으로 기록한 역사기록물을 KBS다큐멘터리 제작진이 순수 우리 3D기술로 고스란히 복원해 낸 작품이다. 특히 3D입체영상으로 제작되어 한층 업그레이드 된 영상미로 관객들의 시선을 사로잡으며, 보다 쉽고 재미있게 우리 역사를 즐기고 이해할 수 있는 좋은 기회가 될 것으로 기대를 모으고 있다."
1000584,우당탕탕 운동회,1,44721500,7430,2023,20240401,53,전체관람가,,,0.0,,"오늘도 달리기 시합을 하고 있는 토끼와 거북이에게 도전장을 내미는 “악당밴드“!오늘의 경기는 달리기, 줄다리기, 축구 – 과연 운동회의 최종 승자는 누가 될 것 인가?진정한 스포츠맨 정신도 배우고, 햄께 응원도 하고, 운동회에 참여도 하고!악당밴드 주제곡 등 쉽고 재미있는 음악과 노래, 율동이 함께 합니다."
1000585,청춘 합창단 - 또 하나의 꿈,39,44711400,6489,2017,20170615,79,전체관람가,93.0,31,8.05,22,시니어 합창단인 ‘청춘 합창단’의 활동상을 그린 다큐멘터리 영화
1000586,에이비식스 : 테이크 어 챈스,16,43579000,4358,2022,20221005,54,전체관람가,96.0,85,9.6,5,아이돌 그룹 AB6IX의 새앨범에 대한 제작기 인터뷰를 다룬 영화
1000587,살수,188,42416765,4600,2022,20230222,101,15세관람가,73.0,219,4.14,14,"악으로 물든 세상, 그의 검이 심판한다!조선 팔도 제일의 살수 '이난'(신현준) 병마가 그를 위협하고, 점점 가까워지는 죽음에 고통스러운 몸을 이끌고 한 마을에 의탁한다.탐관오리의 횡포와 울부짖는 백성들의 비명으로 점철된 살아있는 지옥…조선 최고의 살수 '이난'마침내 그가 깨어난다!"
1000588,여타짜,152,40700840,4746,2021,20211208,96,15세관람가,71.0,131,6.38,8,"인생 역전을 꿈꾸며 도박을 시작한 ‘미미’.어느 날 밤, 정체불명의 괴한의 습격으로 눈 앞에서 가족을 잃는다.사건 현장에서 발견된 포커 카드를 입수한 ‘미미’는 수소문 끝에 비밀리에 운영되는 하우스 도박판 전용 카드임을 알아채고 배후를 찾기 위해 도박장에 입성한다.내로라하는 선수들만 모인 그 곳, 미스터리한 타짜 ‘오자와’를 만나며 평범했던 ‘미미’의 삶은 송두리째 뒤바뀐다.그 어떤 것도 예측할 수 없는 포커판에서 두 사람은 인생 최대 위기를 겪으며 목숨이 오가는 거대한 판에 뛰어드는데…"
1000589,구세주: 리턴즈,124,39997000,5401,2017,20170914,98,전체관람가,65.0,197,4.8,5,"심하게 하자 있는 악덕 ‘사채업자’때는 금 모으기 운동이 한창인 1997년 IMF 시절,마음만은 폼 나는 가장, 하지만 현실은 쪽박인 가장 ‘상훈’(최성국)은 또다시 사업실패로 파산 위기에 처한다.결국 상훈은 자금난을 메꾸기 위해 이 구역 미친X으로 정평 난 사채업자(이준혁)를 찾아가고 빌린 돈으로 흥청망청 허세를 부리며 간신히 가족들에게 처지를 숨긴다.드디어 수금 마감 D-DAY!그간 허세의 대가를 받으려는 듯 ‘상훈’을 향한 사채업자의 기상천외한 압박이 시작되는데…좌충우돌 돈을 쫓는 두 남자!총체적 난국, 하루도 조용할 날 없는 이들의 인생을 구원할 구세주는 과연 누~구~?!"
1000590,돌아와요 부산항애(愛),88,38622300,5163,2017,20180103,114,15세관람가,62.0,330,6.0,35,"이란성 쌍둥이 형제 ‘태주’와 ‘태성’ 그리고 형제의 유일한 버팀목이 되어준 ‘찬미’어느 날 뜻하지 않은 사건으로 세 사람은 악몽 같은 기억을 간직한 채 각자의 길을 걷는다.20년 후...태성은 냉혈한 부산 최고의 조직 후계자로, 태주는 정의감에 불타는 경찰로서 마주한다마지막까지 깊은 상처와 오해로 어긋난 이들에게 차마 알고 싶지 않았던 비밀이 공개되며 갈등이 최고조에 이르는데…서로를 향해 겨눠야 했던 두 형제의 피할 수 없는 운명이 공개된다!"
1000591,스퀴시랜드,55,38111300,5473,2014,20140604,87,전체관람가,99.0,21,6.0,8,스퀴시 친구들이 펼치는 환상적인 모험꿈과 희망이 가득한 스퀴시랜드로 떠나자!말랑말랑~ 통통 튀는 변신의 달인 귀여운 '우피'와 둘도 없는 친구가 된 모험심 강한 '엘리자베스'는 차원의 문을 통해 무지개로 싸여있는 환상의 나라 스퀴시랜드로 떠나게 된다.그러나 평화롭고 아름다운 스퀴시랜드를 위협하는 악당이 나타나고 집으로 돌아가기 위해 '엘리자베스'는 악당의 마법반지를 찾아야만 하는데…과연 '엘리자베스'는 스퀴시들과 함께 마법반지를 찾아 집으로 돌아올 수 있을까?
1000592,다큐 황은정 : 스마트폰이 뭐길래,22,37831000,5409,2024,20240703,70,12세이상관람가,,,8.5,18,"2011년 중학교 3학년이 된 황은정, 친구들이 하나둘 스마트폰으로 바꾸는 모습에 마음이 동한 은정이는 엄마를 졸라보지만, 어머니는 꿈쩍도 하지 않는다.스마트폰으로 바꾸고 싶다는 갈망에 사로잡힌 은정이, 특단의 조치를 실행하는데..."
1000593,당신이 잠든 사이,118,36999414,4253,2021,20240320,100,12세관람가,89.0,81,7.88,8,"행복했던 부부, 사라진 기억 그리고 의심스러운 남편행복한 결혼생활을 이어가던 3년차 부부 ‘준석’과 ‘덕희’.일도 가정도 평탄했지만 ‘덕희’가 교통사고로 선택적 기억 상실증을 앓게 된다.지난 결혼 생활이 머리 속에서 사라져 ‘덕희’는 초조해 하지만 늘 다정한 ‘준석’의 위로로 천천히 기억을 찾아가려고 한다.어느 날, 작가인 ‘준석’은 자서전 작업을 위해 ‘덕희’와 떨어져 강릉 작업실로 잠시 떠나게 되고 매일 ‘준석’과의 통화로 외로움을 달래던 ‘덕희’에게 예상치 못한 전화 한 통이 걸려온다.속도 위반 통지서, 카드대금 연체, 호텔 결제 내역까지…‘준석’의 알 수 없는 행적들이 밝혀지는데.내가 알던 남편은 도대체 누구일까."
1000594,B컷,84,36525500,4763,2022,20220330,93,19세관람가(청소년관람불가),55.0,1345,9.35,20,"숨기려는 자 VS 공개하려는 자살아남기 위해 공개해야만 하는 B컷을 둘러싼 충격적 스캔들이 펼쳐진다!승현은 스마트폰 수리 및 데이터 복구 업체를 운영하며 고객들의 B컷, 즉 숨기고 싶어 삭제했던 데이터까지 복구해서 협박해 돈을 뜯어내는 양아치 수리공이다. 어느 날 한 여인이 찾아온다. 그가 사랑한 스타이자 한때 최고의 여배우였던 ‘민영’은 승현에게 망가진 핸드폰 수리를 맡긴다. 그 폰 안에서 찾아낸 민영의 B컷에는 그의 남편이자 유력한 대통령 후보자인 ‘김태산’의 충격적인 진실이 들어있는데…!누군가에게는 살기 위해 반드시 공개해야만 하는, 누군가에게는 살기 위해 반드시 숨겨야만 하는 대선후보 스마트폰 안의 B컷이 잠금해제 된다."
1000595,세상끝의 사랑,97,34737300,4472,2015,20151112,100,19세관람가(청소년관람불가),46.0,77,5.1,185,3년 전 아빠가 죽은 후 단 둘이 살아가던 엄마 자영과 딸 유진에게 어느 날 동하가 나타난다. 지난 상처를 잊은 채 동하와 함께 행복한 인생을 꿈꾸는 엄마 때문에 늘 외롭기만 한 유진은   이런 자신을 늘 애틋하게 대해주는 동하의 모습에서 사랑을 느낀다.그러나 유진과 동하의 다정한 모습을 본 자영은 묘한 불안감에 휩싸이고세 사람의 어긋난 사랑은 점차 파국으로 치닫게 되는데…
1000596,미스터 보스,226,34516640,4267,2020,20201230,98,15세관람가,71.0,389,6.5,10,"바람  제작진이 선사하는 生날 청춘 코믹 액션!무대책 ★★★★★당당함 ★★★★★필터링 ☆광상고로 전학 오게 된 ‘현준’은 똘끼로 무장한 ‘진원’, ‘병연’, 그리고 짱 ‘영수’를 만나 4총사를 결성한다.그리고 두려울 것 없는 4총사의 행보가 이어지자 심기가 불편한 이들이 하나둘 모습을 드러내는데…맞서라! 대책 없고 무식한 청춘들의 오합지졸 토너먼트가 시작된다!"
1000597,왕을 참하라,54,32469800,4237,2017,20170316,116,19세관람가(청소년관람불가),45.0,58,8.83,6,"“성종 10년, 낮에는 성군 밤에는 폭군”역사가 기억하는 성종(成宗)은 ‘백성을 편하게 하고 정사를 바로 세운 것’을 치하하는 시호를 얻으며 조선 시대 전체를 통틀어 가장 평화롭고 안정된 조정을 이끈 왕으로 평가 받는다.하지만 과연 성종은 진정한 성군의 자질을 가진 왕이었을까?정희왕후와 인수대비, 한명회와 공신들의 협력으로 왕위에 오른 성종.13살의 왕은 즉위 첫해 73명의 대신을 공신으로 봉했다!그가 왕이 되어 한없이 기뻤던 사대부들.그가 왕이 되어 한 맺힌 피눈물을 흘려야 했던 백성. “이 나라 조선은 나리 같은 허깨비들이 권세로 다스리는 나라입니까?”태평성대를 꿈꾸던 허수아비 성종, 백성 위에 군림하는 왕을 참하라!"
1000598,거신: 바람의 아이,77,31850077,3904,2022,20230518,93,전체관람가,87.0,59,4.78,9,"‘바람의 신주’를 지키기 위한 시공초월 로봇 액션이 시작된다! 제주의 오랜 전설로 내려오던 ‘바람의 신주’를 찾아 탐험을 하던 현대의 과학자들은 우연한 사고로 1230년대 탐라로 타임슬립 하게 된다. 한편, 탐라의 전설이 예언한 운명의 소녀 ‘영등’은 ‘바람의 신주’를 탐내는 해적들에게 쫓기던 중 ‘유랑’을 만나 위기에서 벗어난다.  하지만 해적들은 세상을 파괴할 힘을 가졌다는 신주를 차지하기 위해 탐라를 공격하고, 적귀에 맞설 거대 돌하르방 로봇 ‘거신’이 폭포 속에서 모습을 드러내는데… 과연 ‘거신’과 바람의 힘을 가진 운명의 소녀 ‘영등’은 ‘바람의 신주’를 지켜낼 수 있을까?"
1000599,언더 유어 베드,54,31532878,3774,2023,20231213,99,19세관람가(청소년관람불가),65.0,1267,5.0,6,"스무 살 첫사랑을 잊지 못한 서른 살 남자.외롭게 살다 우연히 그 여자와 재회한다.여자는 남자를 기억하지도 못하지만 남자는 다시 강렬히 여자에게 끌리고 여자 곁을 맴돌며 치밀하게 다가간다.24시간 여자를 보고 듣고 느끼며 맨 밑바닥 비밀까지 알게 된 남자.남자는 여자를 구원할 수 있을까?“너와 가장 가까운 곳에서,너의 전부를 느끼고 싶었어”"
1000600,4DX 문유,10,30929500,3581,2022,20221012,55,12세관람가,84.0,372,7.61,28,지구가 망했다. 나는 혼자 달에 있다.지구로 다가오던 운석 ‘파이’를 막기 위해 달로 보내진 전문가 100명. 달을 방패로 하여 지구의 피해를 막기 위한 프로젝트 준비를 모두 마치고 전문가들은 지구로 귀환하지만.. ‘문유’는 혼자 달에 남았다…혼자 남은 문유의 고군분투 달 생존기!!!
1000601,아수라도,101,27725060,3166,2021,20210318,90,19세관람가(청소년관람불가),66.0,46,9.6,5,어떠한 법도 상식도 통하지 않는 극악무도한 범죄자들만 모인 죽음의 제3교도소.이들조차 쩔쩔매게 만든 전국구 보스 ‘이태식’이 입소하자 새로운 권력의 시대가 열린다.머지않아 새로 부임한 교도소장 ‘조평호’는 피도 눈물도 없는 악독함의 끝을 보여주며 이태식과 비롯해 죄수들을 지독하게 옥죄기 시작하는데…세상의 모든 악이 모여있는 ‘아수라도’벼랑 끝에 몰린 진짜 악인들의 전쟁이 시작된다!
1000602,부활 그 소망,26,27648600,2521,2023,20240307,85,전체관람가,99.0,19,10.0,15,"사랑하는 사람과의 이별은 가장 큰 고통이다. 그러나 부활의 소망을 가진 사람들은 고통과 고난을 오히려 선물이라고 생각한다. 왜냐하면 그로 인해 예수 그리스도를 알게 되고 부활의 소망을 갖게 되기 때문이다. 그래서 죽음은 소망이 된다. 이 땅에서의 삶을 마친 후 궁극적으로 고대했던 천국에 갈 수 있는 여정에 들어서기 때문이다.항암 120차를 넘긴 천정은과 사랑하는 아들을 잃은 이동원, 그리고 남편을 잃은 정애숙, 딸을 잃고 자신마저 이 땅을 떠난 이어령.. 그리고 초대교회의 사도 도마와 제자들의 삶을 통해 부활의 소망을 가진 사람들이 어떻게 살았는지 알아간다."
1000603,살인청부업자,50,26650999,3568,2022,20221103,91,19세관람가(청소년관람불가),,,5.7,63,인정사정없는 살인청부업자의 날 것 그대로의 인간 사냥이 시작된다!목표를 정하면 수단과 방법을 가리지 않고 박멸시키는 철칙을 가진 ‘기술자’에게 의문투성이 일가족 화재 사건의 의뢰가 들어오게 되고 순조롭던 계획에 정체를 알 수 없는 누군가 개입하게 되면서 냉혹한 사냥에 차질이 생기게 되는데...
1000604,튜브펫주식회사,55,25999499,3216,2021,20221208,116,전체관람가,,,7.0,15,"강아지 ‘라오뜨’, 고양이 ‘춘자’!‘반석’(영민)을 도와 회사를 구해라!굴지의 천연 피혁 기업 후계자인 ‘반석’이질적이게도 그는 동물 보호 벤처 기업의 대표다집으로 돌아와 가업을 이으라는 아버지, 죽어도 동물 가죽은 못 팔겠다는 아들!결국 ‘반대길’(김진근) 회장은 아들의 기업을 무너트리기로 결심하고…강아지 ‘라오뜨’와 고양이 ‘춘자’는 ‘반석’을 도와 그의 회사를 지켜낼 수 있을까?아, 그리고 사랑도!"
1000605,브라더,131,25349450,3049,2021,20211007,97,15세관람가,71.0,87,3.82,177,"“첩보가 들어왔어요. 저희가 까죠?”정의감과 패기로 똘똘 뭉친 강력계 형사 ‘강수’.어느 날 그에게 마약 밀수입 등의 악질 범죄를 일삼는 거대 조직의 정보가 담긴 발신자 불명의 제보가 들어온다.범죄 소탕을 위해 조직에 위장 잠입한 ‘강수’는 회장의 오른팔 ‘용식’ 밑에서 조직 생활을 시작하고 각자의 목적을 위해 한 팀이 된 두 사람은 묘한 우정을 느낀다.“이런 일이 안 어울린다고, 강수 너한테는”한편, ‘강수’는 계속되는 비밀 수사 중 신분 들통 위기에 처하고 사건을 파헤칠수록 조직과 얽힌 충격적인 진실을 마주하는데…복수와 배신이 교차하는 세계에 뛰어든 두 남자,누구도 믿지 못할 팀플레이가 시작된다!"
1000606,공수도,79,25089500,2950,2019,20200409,112,15세관람가,94.0,376,8.77,770,공수도장을 운영하는 아빠로부터 공수도를 배워온 소녀 ‘채영’이 홀어머니를 모시고 사는 순수하고 정의로운 소년 ‘종구’와 일진의 생활에 염증을 느끼고 새로운 시작을 위해 애쓰는 ‘해성’을 만나 공수도를 통해 함께 성장해가는 청춘 액션물
1000607,무명인,51,25063600,3199,2013,20140529,120,15세관람가,73.0,150,6.6,5,"결혼 후 나의 첫 생일, 아내가 죽었다.사랑하는 아내와 행복한 삶을 살고 있는 이시가미(니시지마 히데토시 분).그는 결혼 후 아내와 처음으로 함께 생일을 맞이할 설렘을 안고 집으로 향한다.부푼 마음을 안고 집에 돌아온 이시가미는 싸늘한 시체가 된 부인을 발견하고 충격에 빠진다.하지만 죽었다고 생각했던 아내에게서 전화가 걸려오고, 그는 믿을 수 없는 상황에 더 큰 혼란에 빠지고 만다.사건의 진실을 파헤치던 이시가미는 취재차 도쿄를 방문한 한국 기자 강지원(김효진 분)의 도움을 받게 되지만 자신의 기억이 모두 조작되었다는 사실과 함께 거대한 음모에 휘말리게 되는데… 죽은 아내의 시체 그리고 한 통의 전화. 모든 것이 무너지고, 기억들이 사라진다!"
1000608,간이역,48,24607340,2789,2020,20210218,102,12세관람가,91.0,49,7.4,5,"기억을 잃는 것이 두려운 ‘승현’마지막에 기억되고 싶은 ‘지아’서로의 마음을 확인하기도 전에 멀어진 두 사람. 7년 뒤, 고향으로 돌아온 '지아'는 파티셰로서 성공한 승현을 마주하게 된다. 서로를 향한 오랜 마음을 비로소 움직인 두 사람은 행복의 순간을 함께 나누며 다시 사랑에 빠지는데… 우리가 써 내려간 기억의 한 페이지, 너에 대한 건 모든 걸 기억할게"
1000609,재즈처럼 더 무비,11,24418000,1221,2024,20241002,137,15세이상관람가,,28,0.0,,"재즈를 사랑했던 친 형의 갑작스런 죽음 이후, 한태이는 음악에 열정을 잃어버리고 오랜 시간 방황한다. 그런 태이에게 나타난 전학생 윤세헌은 학교연습실에서 형이 좋아하던 재즈곡을 연주하며 태이의 신경을 긁게 된다. 클래식 전공이지만 남몰래 재즈를 동경하던 세헌과 연습실을 두고 실랑이를 벌이며 다투는 날이 많아지지만, 점점 서로에 관해 알아가며 둘의 관계는 복잡하게 흘러가는데..."
1000610,큰엄마의 미친봉고,67,24358250,3632,2020,20210121,99,12세관람가,,,6.03,812,"은서는 명절을 맞이해 예비남편 지상의 집에 방문한다. 식구들에게 인사를 마친 은서는 며느리들만 일하는 집안 분위기를 느끼고, 그때 큰며느리가 장을 보러 가자며 다른 며느리들을 봉고차에 태운다."
1000611,뒤주,52,22985011,3855,2024,20240328,85,15세관람가,,,3.47,94,"작가로서의 성공과 정교수가 되길 원하는 아진과 그녀의 제자이자 대학원생인 현아와 우수는 한번 갇히면 죽기 전까지 나올 수 없는 유목민들의 감옥 ‘뒤주’ 전시프로젝트 맡게 된다.저주가 걸렸다는 이야기는 뒤로 한 채, 프로젝트에 몰두하는 세 사람.그러나 그것을 만난 후, 세 사람은 자신도 모르게 숨겨뒀던 위험한 욕망들을 드러내고, 뒤주의 저주도 스멀스멀 기어 나와, 현실이 되어가기 시작한다.당신의욕망이저주를깨웠다"
1000612,광인옥한흠,18,22537200,2985,2017,20171228,94,전체관람가,96.0,80,9.14,80,"한국 교회는 2007년 7월 8일 평양 대부흥100주년 기념대회에서 선포된 옥한흠 목사의 설교를 잊지 못한다. 세속화되어 세상으로부터 비난과 조롱의 대상이 된 한국 교회에 준엄한 경고의 메시지를 전했기 때문이다. 영화는 이를 시작으로 어그러진 한국 교회의 회복을 위한 방법을 제시하는데 목회자에게 그 초점을 맞춘다. 교회 성장이 중요한 것이 아니라 목회자의 교회론과 목회 철학의 중요성을 강조하면서 자신이 죽지 않으면 결코 제자훈련이 성공할 수 없다고 한다. 어떤 일을 하기 위해서는 왜 그 일을 해야 하는지 알아야 하는데 그것이 분명하면 열정을 갖게 되고, 열정을 품고 달려가다 보면 비전이 보인다는 그의 광인 공식은 오늘 날 많은 목회자들에게 영향을 주고 있다. 또한 옥한흠은 항상 평신도를 앞세우고 자신은 뒤로 서는 전형적인 목자의 모습을 지향했는데, 오늘날 목회자가 자신의 야망을 위하여 평신도를 수단으로 이용하는 것에 대해서는 매우 분노했다.한국에서 가장 존경받는 목회자로 자리매김을 한 옥한흠 목사는 스스로 광인이라고 표현했다. 그는 총 3번에 걸쳐 스스로 미쳤다고 했는데 그것은 제자훈련을 두고 한 말이었다. 첫째는 성도교회에서 부 교역자로 사역을 할 때 인데 당시 우리나라의 대학부중 가장 많이 모이는 교회로 이끌었다. 그러나 그 보다 더 중요한 것이 있었는데 사람들이 변했다는 점이다. 그 중심에 제자훈련이 있었는데 옥한흠은 이때 제자훈련에 미쳤다고 표현했다. 두 번째는 유학시절이었다. 제자훈련의 신학적인 근거를 찾기 위해 떠난 유학생활 중 한스 킹의 교회론을 만났을 때 미쳤다고 했다. 마지막 세번째 미친 것은 사랑의교회 개척이었다. 하지만 옥한흠 목사는 제자훈련외에 설교와 한 영혼에 미쳤고, 한국교회의 개혁과 갱신에 미쳤다. 옥한흠 목사는 미치지 않고서는 도저히 자신에게 주어진 사역을 감당할 수 없었다고 말하면서 생명을 다해 주어진 일을 해야 한다고 목회자들에게 강조한다. 그리고 마지막 옥한흠의 유언 과도 같은 이야기가 공개된다. 옥한흠 목사는 숨을 거두기 몇 일전 중환자실에서 가족들과 필답을 나누었다. 우리는 이 영화를 통해 그 장면을 보게 되고 자신의 소명을 다시 확인하는데  광인옥한흠 은 이러한 삶을 산 옥한흠의 교회론, 목회 철학, 제자훈련의 이야기다"
1000613,리벤져,57,22088100,3028,2018,20181206,101,15세관람가,72.0,79,9.38,21,"악마를 잡기 위해 악마가 되다!극악무도한 사형수들을 격리시켜 놓은, 어떠한 법도 상식도 통하지 않는 죽음의 섬 ‘수라도’이곳을 지배하는 절대악 ‘쿤’(박희순)을 잡기 위해 스스로 악마가 되는 길을 택해 사형수가 되어 ‘수라도’에 들어온 전직 특수경찰 ‘율’(브루스 칸)‘율’은 ‘쿤’의 아지트를 찾던 중우연히 마주친 ‘말리’(윤진서)와 ‘바우’(김인권)로 인해 과거의 신분이 들통나게 되고모두가 죽이고 싶어하는 살해 대상으로 지목된다.더 이상 물러날 곳이 없는 ‘율’은 복수를 위해 목숨을 건 반격을 시작하는데…죽기 싫으면 죽여야 하는 섬 ‘수라도’이곳에서 사생결단 서바이벌 액션이 시작된다!"
1000614,수운잡방,11,21709300,1655,2023,20231202,83,12세관람가,95.0,129,9.32,25,"광산 김씨 가문의 천덕꾸러기 차남 ‘김유’(윤산하)가문을 위해 과거시험에 도전하지만, 번번이 시험에서 탈락하고 만다.이번이 벌써 세번째 도전!반드시 급제해야만 하는 이번 시험, ‘김유’는 공부를 위해 절로 향하고 그곳에서 인생 최고의 맛을 발견한다.절의 요리사는 다름아닌 천민 ‘계암’(김강민)남자가 요리를 한다는 충격도 잠시, ‘김유’는 ‘계암’이 보여주는 미식의 세계에 완전히 빠져들게 되는데…삼수생 도련님, 천민 요리 천재를 만나다!군침이 싹~ 도는 부뚜막 스캔들이 시작된다!"
1000615,만해 한용운 님의침묵,10,21566949,1799,2022,20230629,144,15세관람가,0.0,2,3.58,19,"홍주성(지금의 홍성)에서 동학란(동학농민운동)이 일어난다. 16세의 몸으로 동학란에 참여를하는 소년 만해, 1천냥을 탈취하여 군자금으로 보내는 활동을한다. 55세 성북동에있는 심우장에서 만해는 재혼(유숙원)을한다. 아내의 삯바느질등으로 생활을 영위하면서도 만해는 집필과 함께 창씨개명운동반대, 조선인학병출정반대운동등에 참여를하며 일제에 항거를 계속한다. 용정명월 백화마담에게서 군자금을 넘겨받는다. 이화영이 군자금을 만해와 함꼐건낸다. 1944년 만해는66세를 일기로 입적하고만다."
1000616,박하경 여행기,34,21235800,2084,2023,20230607,100,전체관람가,96.0,491,,,"사라져 버리고 싶은 순간,토요일 딱 하루의 여행을 떠나는,국어 선생님 박하경의 예상치 못한 순간과 기적 같은 만남을 그린 명랑 유랑기"
1000617,강남좀비,51,21235695,2098,2021,20230105,81,15세관람가,63.0,127,3.8,5,"대한민국 강남이 좀비에 점령 당했다!평소와 같던 어느 날, 원인을 알 수 없는 바이러스에 감염된 좀비가 강남에 등장하고 기이한 행동들을 보이며 공포감을 불러일으키던 좀비의 정체가 사람들에게 알려진다.한편, 대한민국 태권도 前국가 상비군 ‘현석’(지일주)은 강남의 직장으로 출근하던 중 우연히 ‘민정’(박지연)을 만나게 되고, 자신의 회사에서 다시 ‘민정’을 마주한 ‘현석’이 호감을 표하는 순간 좀비가 건물에 들이닥치면서 순식간에 건물 전체의 사람들이 감염되기 시작한다.바깥 사람들을 구하기 위해 모든 문이 폐쇄되어버린 건물, 그 속에서 ‘현석’과 ‘민정’은 살아남기 위한 처절한 사투를 시작하는데…이렇게 된 이상 절대 물러날 수 없다!갇혀버린 강남, 무조건 살아남아야한다!"
1000618,범털 2: 쩐의 전쟁,30,21213890,4054,2021,20210513,111,15세관람가,90.0,4,8.4,5,"“돈이 깡패다”교도소 내 권력의 양대 산맥 폭력방 VS 취사방유일하게 무기를 소유할 수 있는 취사반장은 숨은 실세로 추앙받으며 폭력방의 범털에게 항상 불만을 품게 되고, 그로 인해 감빵 안에는 극도의 긴장감이 맴돈다.그러던 중, 취사반장의 과거 악연 ‘기철’이 폭력방으로 입소하고, 본격적으로 두 방 사이 팽팽한 대립이 시작된다.교도소를 움직이는 재벌 회장과 보안과장까지 개입된 더욱 거대해진 판 속, 진정한 범털을 가리기 위한 싸움으로 크게 번져가는데….5월, 판은 이미 벌어졌다!"
1000619,10일간의 애인,50,21160996,2118,2022,20230112,88,19세관람가(청소년관람불가),,,7.31,36,이루지 못한 10년 전 첫사랑다시 나타난 그녀와 10일간의 비밀 연애이제 너와 함께 마침표를 찍고 싶어
1000620,피원에이치 : 새로운 세계의 시작,87,21109200,2284,2020,20201008,99,15세관람가,,,7.3,245,"악의 집단이 퍼뜨린 바이러스로 폐허가 된 지구를 구하기 위해 과거, 현재, 미래에 흩어진 소년들이 만나 희망의 별을 찾아가는 이야기"
1000621,런 보이 런,25,20893740,2956,2020,20200528,100,15세관람가,,,9.0,14,"우리, 어디서부터 잘못된 걸까?촉망받는 달리기 선수였던 ‘도원’은 불의의 사고로 부상을 당한 후 도망치듯 전학을 온 학교에서 어릴 적 함께 달리던 단짝 ‘진수’를 만난다.재회의 반가움도 잠시, 순수했던 과거와 다른 모습의 ‘진수’와 함께 하던 ‘도원’은 예상치 못한 사건에 휩쓸리게 되는데… 점점 나락으로 빠지는 상황을 벗어나 같은 꿈을 꾸던 미래를 맞이할 수 있을까?"
1000622,열혈형사,121,20539960,2492,2019,20200618,98,12세관람가,54.0,142,9.2,5,"경찰서 내에서 허세는 가장 세고 이론보다 구강 수사 하기 바쁜 날라리 형사 ‘동민’편안하게 출세하나 싶은 순간, 수사과에 발령 난다.발령 난 것도 서러운데, 오로지 직진만 하는 FM 형사 ‘몽허’(얀츠카)와 모델 실종 사건의 공조 수사를 맡게 된다.수사가 진전될수록 단순한 실종이 아님을 직감한 ‘동민’은 오랜만에 형사의 본능을 깨우는데…이보다 환상적일 수 없다!코믹뺨타격 날릴 콤비 수사가 시작된다!"
1000623,나만 보이니,84,20393410,2289,2021,20210721,97,15세관람가,87.0,47,5.05,110,감독 장근과 동료들은 영화 촬영을 위해 버려진 호텔을 찾는다.분명 여기엔 우리 6명 말고 아무도 없댔는데 저기 저분은 누구?갑자기 분위기가 싸해지고 귀신을 봤다는 스태프들이 속출하며 애절한 로맨스 영화는 점점 아찔한 호러 영화가 되어가는데!우리… 이 영화 무사히 끝낼 수 있을까?
1000624,"[마이 아티 필름] 루시: 개화, 히어로 그리고 낙화",1,20216000,1687,2024,20240828,42,전체관람가,99.0,245,0.0,,"아무도 찾지 않는 숲속 오두막, 노인의 정성으로 네 명의 나무 로봇이 눈을 뜬다.노인은 악기를 통해 로봇들에게 감정을 가르치며 잃어버린 온기를 되찾는다.죽은 아들을 상징하는 꽃을 정성스레 보살피는 노인을 보며, 예찬은 문득 ‘가족’에 대한 호기심이 생긴다.“‘아버지’가 뭐예요?”나무 로봇들은 진정한 가족에 대한 답을 찾을 수 있을까?"
1000625,[마이 아티 필름] 보이넥스트도어 : 부모님 관람 불가,1,20128000,1679,2024,20240904,40,전체관람가,99.0,182,10.0,3,우주 연구소의 실험체이자 연구 대상으로 분장한 아이돌 그룹  보이넥스트도어 를 다룬 영화
1000626,여배우는 너무해,42,19836400,2673,2012,20140227,95,19세관람가(청소년관람불가),10.0,47,,,"해도 해도 너무한! 꽃보다 여배우!? 후덜덜 한 '발연기의 여신' 톱스타 나비, 19금 전문 감독의 빡~센 여주인공으로 캐스팅 되다!!   떴다 하면 스캔들에 구설수는 기본. '시청률 쪽박요정', '발연기의 여신'까지 종류도 다양한 수식어를 보유한, 콧대만 높은 톱 여배우 '나비'(차예련). 계속되는 구설수와 소속사의 압박으로 인해 유학파 출신이자 영화계의 떠오르는 샛별, 하지만 정작 영화 속 정사장면으로 더 큰 유명세(?)를 치른 19금 전문 예술영화 감독 홍진우(조현재)의 연출작 '욕망의 실타래'에 캐스팅 된다. 하지만 연기의 '연'자도 모르던 그녀에게 전라노출을 불사한 내면연기란 너무나도 먼 얘기다. 급기야 나비는 노출연기를 대신해줄 대역을 세워 무대에 오르는데……그녀는 발연기대신 명연기를 보여줄 수 있을까? 그리고 어느새 그녀 맘에 자리잡은 까칠한 매력남 홍감독을 사로잡을 수 있을까!"
1000627,[마이 아티 필름] 온앤오프 : 뷰티풀 뷰티풀,1,19276000,1608,2024,20240807,45,전체관람가,99.0,198,0.0,,"국가대표를 꿈꾸는 오합지졸 쇼트트랙 선수단 TEAM ONF.부진한 성적과 무기력한 코치 밑에서 결국 팀 해체 위기를 맞게 된다.급기야 주장 효진의 부상으로 단원들 간의 갈등도 쌓여만 가는데...마지막 기회인 선발전 당일, TEAM ONF는 오해를 풀고 힘을 합쳐국가대표로 거듭날 수 있을까?"
1000628,공포체험단 곤지암편,10,17285500,3282,2019,20190719,50,15세관람가,79.0,156,,,공포체험 영상을 촬영하러 폐쇄된 정신병원에 들어간 사람들이 초자연적인 현상을 경험하게 되는 공포영화
1000629,"뉴클래식 프로젝트 미안하다, 사랑한다",7,16900000,676,2024,20241116,379,15세이상관람가,97.0,42,10.0,3,어린 시절 호주에 입양된 후 거리의 아이로 자란 주인공이 한 여자를 만나 죽음도 두렵지 않은 지독한 사랑에 빠지면서 벌어지는 이야기를 그린 극영화
1000630,그림자 고백,7,16877200,1653,2023,20231124,82,15세관람가,92.0,108,9.56,9,"뜨거운 여름, 나조차도 몰랐던 첫사랑이 시작됐다!소꿉친구인 ‘윤호’(렌(최민기)), ‘재운’(박상남), 그리고 ‘설’(홍승희)매일같이 어울려 놀던 세 사람은 성년식을 앞두고도 변함없이 서로를 가장 의지하며 우정을 이어간다하루가 매일같이 만나던 어느날,‘윤호’는 그 애에게 주체할 수 없이 두근거리는 마음을 깨닫고, 그 누구에게도 말할 수 없는 혼자만의 첫사랑을 키워가는데…우정 뒤에 숨어 있던 감정의 이름은, 사랑조선 청춘들의 눈부신 성장 연애담이 시작된다!"
1000631,색다른 그녀,20,16618010,2605,2021,20211014,108,19세관람가(청소년관람불가),,,5.24,55,"오점 없는 완벽한 인생에 ‘은밀한 비밀’이 생겨버렸다!?여자친구 ‘지연’과 결혼을 앞둔 완벽남 ‘완준’‘완준’은 사고뭉치 선배로부터 받은 부탁으로 ‘지연’에게도 말 못 할 은밀한 비밀을 갖게 된다.어느 날, ‘완준’은 자신을 짝사랑하는 직장동료 ‘예리’에게 이 사실을 들키게 되고, 그녀와 뜻밖의 계약을 맺게 되는데…갑자기 꼬여버린 인생!무사히 결혼에 골인할 수 있을까?!"
1000632,공포체험라디오 4DX,37,16604000,1794,2020,20200916,51,15세관람가,52.0,148,3.25,24,"4DX로 체험하는 공포라디오. 공포크리에이터 돌비와 함께하는 새로운 콘텐츠 체험.유튜브, 아프리카TV 등 웹에서 인기 급상승 중인 공포 콘텐츠를 영화관에서 감상한다. 그것도 몰입형 특수포맷인 4DX로!!공포전문 작가 HyunDC님의 스토리  귀신들린 집 은 돌비 특유의 감미로우면서도 섬뜩한 목소리와 서슬퍼런 4D 효과로 주인공들과 같은 공간에 있는 착각을 들게 할 것이며,두 번째 계란과자님의 사연은 돌비공포라디오의 미공개 버전으로 CGV에서만 특별히 감상할 수 있다."
1000633,미생: 더할 나위 없었다,24,16145000,1355,2014,20241220,67,15세이상관람가,96.0,196,8.3,66,"바둑이 인생의 모든 것이었던 장그래가 프로입단에 실패한 후, 냉혹한 현실에 던져지면서 벌어지는 이야기를 그린 드라마  미생 이제, 다시 한 번 미생에 취할 시간!영업3팀의 운명이 걸린, 전사 임원을 상대로 펼쳐지는 긴장감 속에서 펼쳐지는 요르단 사업 파격 PT, 그리고 그 속에서 낱낱이 밝혀지는 모든 실체가 담긴 레전드 에피소드!"
1000634,레쓰링,33,16073000,2116,2014,20140911,85,19세관람가(청소년관람불가),10.0,71,6.3,267,"자나깨나 '그' 생각뿐인 남자, 드디어 진짜 연애를 시작했다?!나름 잘 나가는 대학 교수님이지만 '그거'라면 자다가도 벌떡 일어나는 난봉꾼 '해주'(최성국). 하지만 작품적 영감을 잠자리에서 받는 그는 섹스에 대한 집착도 예술의 한 부분이라 확신한다. 그런 그와 위험한 동거 중인 파릇파릇한 제자 '은희'(송은채).  너는 학점 주고 나는 몸 주고!  '해주'의 지위를 이용할 뿐인 '은희'지만, 그런 '은희'의 눈이 질투로 반짝이기 시작한다. 모든 늑대들이 눈독 들이는 육감적인 몸매의 여교수 '신혜'(하나경)가 나타난 것. '신혜'에게 첫눈에 반한 '해주'는 그날로 '은희'를 정리하기로 하고, 멀고 먼 여정 끝에 '신혜'와의 뜨거운 밤에도 성공한 '해주'. 하지만 '은희'도 이대로 물러 날 것 같지 않다. 설상가상 '신혜'에게 스토커까지 나타나 둘 사이를 방해하기 시작하고, 어둠 속 권력의 손길마저 뻗치기 시작하는데..."
1000635,맛있는 비행,21,16041000,3141,2015,20151022,96,19세관람가(청소년관람불가),,,4.77,79,"홍콩(?)행 기내 서비스가 시작됩니다!광활한 창공에서 펼쳐지는 리얼 19금 연애담!청순가련의 대명사였지만 아이돌과의 섹스 스캔들로 도망친 여배우, 그녀의 모든 커리어를 망쳐 버린 발랑 까진 아이돌, 그녀에게 절대 충성하는 열혈 매니저, 그리고 이제는 섹시한 승무원이 된 매니저의 전 여친까지! 절대 만나선 안 될 네 사람이 비행기 안에서 마주쳤다. 도망칠 수 없는 그곳에서 지나치게 발칙하고 지독하게 화끈한 로맨스가 펼쳐진다."
1000636,여배우 공작단,21,15839000,2729,2014,20140619,74,19세관람가(청소년관람불가),,,,,"거침없는 녀석들이 떴다!화끈하고 쿨한 에로티시즘이 펼쳐진다!대학생 구필과 병수는 에로영화 공모전을 위해 여자단원을 모집하던 중 못생기고 소심한 성격의 태희가 지원한다. 야릇한 여성을 기대하던 구필과 병수는 태희가 달갑지 않지만 부족한 여자단원에 어쩔 수 없이 그녀를 받아들인다. 그들은 태희와 함께 에로영화를 보고, 성인용품점을 가며 영감을 얻으려하지만 쉽게 떠오르지 않아 괴로워한다. 그리고 태희는 자신이 좋아하는 사람에게 못생겼단 이유로 거절당하고 병수와 구필에게 하소연하지만 무시해 버리는 그들에 화가 나고 큰 결심을 하게 되는데..."
1000637,조폭인 내가 고등학생이 되었습니다,16,15582000,1039,2024,20240222,101,15세관람가,90.0,43,8.81,343,"조폭 넘버 투,열아홉 왕따 고등학생 몸에 빙의되다! 가난한 집에서 태어나, 초등학교만 졸업한 채 생활전선에 뛰어들며 평생 험한 길만 걸어온 칠성파의 2인자 조폭 김득팔.늦깎이 학생으로 대입을 준비하던 그에게 조직은 두목의 자리에 오를 것을 제안한다.조폭으로서의 삶과 학업의 갈림길에서 고민하는 득팔.우연히 자살하려는 열아홉 고등학생 송이헌을 구하려다가 사고를 당하고, 그의 몸에 영혼이 들어가게 된다.이헌의 몸에서 빠져나갈 방법을 찾던 득팔은 이헌이 자살하려던 이유가 홍재민 패거리의 학폭과 왕따 때문이었음을 알게되고, 이헌이 대신 복수해 주기로 결심하는데..."
1000638,트웬티 해커,74,15435500,2691,2021,20210324,103,15세관람가,,,5.93,113,"서울 도심의 거리, 평화롭게 길을 걸어가는 사람들. 갑자기 동시다발적으로 전자지갑에서 출금 문자가 도착한다. 그리고 곧이어 도심의 전광판은 해커의 경고성 메시지로 도배된다. ‘You Know what? What can you do? ‘ ‘It’s Better World.‘  사건 발생 15일 전! 영원한 승자도, 패자도 없는 해커들 사이에. 혜성처럼 나타나 해커들의 감시자로 불리는 천재 해커 재민 a.k.a. Hex. 재민은 아버지 회사를 나락으로 빠트린 블랙해커 집단 ‘유노왓‘ 을 찾기 위해 독학으로 해킹을 마스터하고, 블랙해커의 움직임을 감시하는 역할을 하고 있었다. 어느 날, 재민은 해커들의 이상한 움직임을 감지하고, 막으려던 찰라! 오히려 재민의 움직임을 막아서는 해커, 화이트 해커 집단, 베러월드를 마주하게 된다. ‘베러월드’는 한국대학교 내의 비밀 동아리로, 해킹으로 더 좋은 세상을 만들겠다는 모토로 시작된 화이트 해커들의 모임이었다. 그들은 재민의 능력을 높이 사며 함께 하기를 권하고, 재민은 결국 반강제적으로 입부하게 된다. 한편, 재민의 소꿉친구인 주희의 아버지가 암호화폐 투자 사기꾼 친구에게 낚여, 퇴직금을 모조리 투자하려는 것을 알게 된다. 재민과 베러월드는 그들의 컴퓨터를 해킹해서, 투자 설명회를 망치고, 사기꾼들을 잡는데 성공한다. 이 사건으로 베러월드는 유명세와 주목을 받게 된다. 재민은 이 유명세를 이용해서 자신이 찾고 있는 ‘유노왓’을 불러들이려고 하고, 혜수는 베러월드가 위험해 질 수 있다며 경고를 한다. 재민의 예상대로 ‘유노왓‘ 은 암호화폐의 인기에 한창 주가가 치솟는 국제 거래소를 해킹 타겟으로 지명하고, 재민은 곧장 송도로 출발해 복수의 계획을 실행한다. 한편 주희의 아버지가 또 다시 국제 거래소에 거금을 투자를 했다는 소식에, 함정이라는 것을 알아차린 재민. 재민과 베러월드는 다시 힘을 합쳐, 블랙해커 ‘유노왓’을 막아내려고 하는데…. 과연 그들은 블랙해커 ‘유노왓’의 계획에 맞서, 국제거래소를 지켜 낼 것인가!"
1000639,부기나이트,23,15353370,2340,2022,20220428,88,15세관람가,,,7.45,249,"“살아있을 마지막 날, 오늘은 뭘 해도 되는 날이다”북한의 핵폭탄 선전포고로 아수라장이 되어버린 세상,몇 시간 전까지만 해도 지루하고 평범한 일상을 살던 ‘유빈’은 인생에 마지막이 될 하루를 즐기기 위해 친구들과 함께 나이트클럽으로 향한다.남자 화장실에서 만난 ‘연주’부터 큰돈을 만지게 해 준다는 술집 마담, 나이트클럽에서 만난 ‘경아’, ‘경아’ 대신 약속 장소로 나온 ‘유라’, 그리고 뜻밖의 장소에서 우연히 만난 첫사랑 ‘수경’까지살아생전 데이트 한 번 못해본 ‘유빈’은 살아있는 하룻밤 동안 다섯 여자가 줄줄이 꼬이기 시작하면서 예기치 못한 사건 사고들이 벌어지기 시작하는데…"
1000640,라라,28,14798800,1860,2017,20180222,97,15세관람가,72.0,43,6.73,172,"더 이상 히트곡을 내지 못함에 힘들어하던 ‘지필’은 우연히 SNS에서 피아노곡을 듣게 되고, 묘한 감정에 빠진다. 결국 그는 곡의 주인인 ‘미’를 찾아, 그리고 헤어진 여자 친구 ‘윤희’의 흔적을 찾아 베트남으로 떠나는데.."
1000641,용루각2: 신들의 밤,20,14792790,2475,2021,20210210,91,15세관람가,,,3.37,84,"“사람 하나 찾아야겠다… 벌써부터 악취가 슬슬 풍기는구만! “과거 용루각 멤버였던 영찬(서지후)은 기자가 되어 현직 의원의 비리를 파헤치고 있다. 어느 날 영찬은 용루각의 브레인 승진(장의수)에게 사건과 연계된 메모리카드를 찾아와 달라고 부탁하고, 용루각에는 갑작스럽게 사라진 여고생 영은을 찾아 달라는 의뢰가 들어온다. 여고생의 실종사건을 조사하던 철민(지일주)과 지혜(박정화)는 영찬이 파헤치던 사건과 함께 신흥종교 ‘일월교’가 얽혀있음을 알게 되는데…! 사라진 6명의 소녀들.. 실체가 드러날 위기에 처한 용루각! 정의를 위한 한방이 또 다시 시작된다!"
1000642,파파 오랑후탄,3,14655000,1951,2017,20180419,83,12세관람가,,,8.94,17,말레이시아에서 20년째 사역 중인 박철현 선교사. 효과적인 선교를 위하여 정글 속에서 원주민과 함께 동고동락 한다. 안식년도 없이 정글 생활을 하다 그에게 찾아온 대장암 말기 진단. 박철현 선교사는 자신의 고향과도 같은 말레이시아 정글로 돌아가 죽기로 결심한다. 원주민과 사랑에 빠진 대장암 말기 선교사의 사랑 이야기.
1000643,태백권,62,14307800,2018,2020,20200820,104,15세관람가,83.0,92,5.38,606,"대결을 앞두고 홀연히 자취를 감춘 사형 '진수'를 찾기 위해 속세로 내려온 태백권 전승자 '성준'. 우연히 운명의 그녀 '보미'를 만나 졸지에 가장이 되어 속세에 눌러앉게 된 성준은, 생계의 벽 앞에 평생 수련한 태백권은 무용지물일 뿐이라는 것을 깨닫고 재능을 살려(?) 지압원을 차리게 된다. 그러나 이 또한 순탄치는 않다. 사채업자와 재개발 세력에 의해 지압원과 가족들이 위험에 처하자, 성준은 소중한 것들을 지키기 위해 다시 한 번 태백권을 연마하기 시작하는데...지압사가 된 강호의 고수, 숨어있던 그의 본능이 폭발한다!"
1000644,프리즈너,49,13642360,1681,2020,20200723,82,15세관람가,84.0,17,2.97,561,"살인을 저지른 형사, 교도소 살인 격투 게임에 출전하다!살인 죄를 저지르고 교도소에 입소하게 된 전직 형사 신세도.교도소 내 비밀 격투 게임에 선수로 자원한다.거액의 돈이 베팅 되는 교도소 격투 매치는 교도소장의 감독 아래 살인마저 묵인 된다.그곳에서 자신의 아내를 죽인 진범을 발견한 신세도는 목숨을 걸고 모든 경기를 이겨 자신의 손으로 진범을 철저히 응징하기로 결심한다."
1000645,전야,55,13493800,1568,2021,20210603,99,19세관람가(청소년관람불가),76.0,165,6.97,115,이 일에 관련된 자는 누구도 용서하지 않는다!양어머니 밑에서 ‘한나’와 함께 자란 ‘정우’는 어려운 가정환경에 보탬이 되고자 외국으로 떠난다.하지만 뺑소니 교통 사고로 양어머니의 사망 소식을 접한 뒤 한국으로 돌아오게 되고 이 사건에 지역 조직 태창파의 일원이자 ‘한나’의 동창 ‘철진’이 연관되어 있다는 사실을 알게 된다.한편 세력 확장을 위해 일본 야쿠자 조직과 손잡은 태창파는 자신들을 조여 오는 ‘정우’를 잡고자 ‘한나’를 납치하게 되고 이에 정우는 더욱더 분노하게 되는데...모든 걸 잃은 한 남자의 분노가 폭발한다!
1000646,로또쉐어,20,13407000,2156,2019,20211124,89,15세관람가,,,4.5,62,"한 동네 친구이자 초등학교 동창인 친구 여섯이 깊은 산장으로 MT를 떠난다. 회비로 먹을거리를 사고 잔돈 4천 원이 남자 로또를 사며 N분의 1로 나누기로 약속을 한다. 산장에 도착한 일행은 먼저 와 있던 토미와 어울려 술을 마시며 즐거운 시간을 보낸다. 이때 산으로 사냥을 나온 변호사 커플이 합류해 이들과 함께 한다. 밤이 깊어가는 시각, 그들이 산 로또는 1등에 당첨이 되고, 축하 분위기에 휩싸일 무렵, 총무이자 로또를 가지고 있던 혜진이 계곡에서 실족사를 하고 로또가 사라진다. 이후 토미가 의문의 죽임을 당하고 산장 안은 공포에 휩싸인다. 사람 좋은 미소를 짓던 산장지기는 사실 강간 살인범이자 탈옥수로, 진짜 산장지기를 죽이고 이 곳에 몸을 숨기고 있던 위험한 인물이었다. 나중에 합류한 동창 예린은 공금횡령으로 돈에 쫓기는 상황에서 먼저 온 동창들과 힘을 합쳐 그와 대항하지만 친구들의 죽음이 계속되고, 로또의 행방도 묘연하다. 여기에 알고 보니 변호사 역시 보석 강도로, 가지고 있는 사냥총으로 로또 확보 전쟁에 참여하면서 산장은 탐욕의 그림자로 물들며 최종적으로 73억을 독차지하기 위해 끝까지 한 명이 남을 때까지 서로의 생명을 위협한다. 고립된 산장에서 73억이라는 돈이 눈앞에 주인 없이 나타나면서 인간이 보여주는 탐욕의 끝과 서서히 물들어가는 복잡한 인간 본성의 심리 변화를 관객들에게 보여준다."
1000647,몸값part.1,54,13274613,1357,2022,20230705,103,19세관람가(청소년관람불가),86.0,108,9.07,14,"무너진 세상, 폭발하는 광기미친 자들의 목숨을 건 거래가 시작된다!서로의 ‘몸값’을 두고 위험한 거래를 하던 중 지진으로 무너진 건물에 갇힌 사람들.위기를 기회로 바꾸기 위해 새로운 거래를 제안하는 ‘주영’,구사일생으로 간신히 목숨을 구했지만 또다시 죽을 위기에 놓인 ‘형수’,어떠한 대가를 치르고서라도 거래를 성사시키려는 ‘극렬’,누구도 믿을 수 없는 곳,각자 앞에 놓인 마지막 기회를 붙잡기 위해 세 사람은 위험한 거래를 시작한다."
1000648,사토미를 찾아라,20,13164000,2595,2014,20141016,90,19세관람가(청소년관람불가),,,6.87,60,강남 한복판! 가로수길에 바니걸 차림의 그녀가 나타났다!  일본 AV 계의 아이돌이자 여신인 사토미 유리아의 팬미팅이 준비되며 한국 기획사는 어떻게든 돈을 아껴보려 전전긍긍하고 있다. 가짜 통역알바를 구하고 싸구려 여관을 호텔로 속이는 등 위태위태한 상황에서 진행되는 사토미의 팬미팅! 무책임한 통역알바는 다른 아르바이트를 하러 훌쩍 도망가 버리고 일본 매니지먼트 회사에 이메일을 보내야 하는 매니저는 근처 PC방으로 사라진다. 한 순간에 홀로 남겨진 사토미! 현장에 남겨진 여직원 마저 밴을 끌고 사라지고 쫓아가던 사토미는 바니걸 차림에 옷도 없이 홀로 남겨지게 되는데…
1000649,히든,51,12574990,1671,2021,20220525,95,15세관람가,40.0,10,7.13,178,"국가정보원 국제범죄(마약)팀 소속 해수는 작전 중 사망한 동료를 대신해 하우스에서 ‘판때기’로 불리며 명성을 떨치고 있는 장판수를 급습, 정체불명 도박의 신 '블랙잭'이 60억 원어치 마약을 노리고 있다는 사실을 알게 된다.이제 그를 잡을 방법은 단 하나뿐.해수는 맨몸으로 위험천만한 도박판에 직접 뛰어들기로 결심한다.목숨 건 죽음의 베팅이 시작된다!"
1000650,핸썸,37,12043500,1503,2021,20220713,94,12세관람가,52.0,17,2.72,335,"얼굴만 보면 100% 조폭!어느 날 내가 강력반 제일가는 꽃미남이 되었다?!범죄 소탕 작전 잠입수사가 한창, 착하고 순한 성격과는 달리 얼굴만 보면 조폭이 더 어울리는 정식 경찰 ‘노미남’.어느 날, 동료 형사의 싸움을 말리다 사고를 당해 수술 후 한달만에 깨어났다.그런데, 깨어나 처음 본 내 얼굴이 달라졌다?!조폭 같은 NO미남에서 세계 최고의 미남이 되었다!나를 보는 남들의 시선도 달라져 보이는 나르시시즘에 빠진 ‘노미남’.얼굴만 믿고 나서는 강력반 제일가는 골치덩이가 되어 결국 변두리 미용실 잠입수사로 밀리게 되는데. …못생긴 나에게 찾아온 초대형 기회! 과연 그 결과는?"
1000651,바람개비,36,11959927,1284,2023,20230510,107,19세관람가(청소년관람불가),76.0,66,3.27,330,복싱 선수를 꿈꾸던 ‘정훈’(차선우)은 폭력을 일삼던 아버지와 다른 삶을 살기 위해 노력한다. 어느 날 위험에 빠진 ‘승희’(유지애)를 구하게 된 ‘정훈’은 예상치 못한 큰 싸움에 휘말리게 되고 심한 부상을 당한 후 꿈마저 포기하게 된다. 성인이 된 두 사람은 밝은 미래를 꿈꾸지만 걷잡을 수 없이 커져가는 불신과 오해 속에 ‘정훈’의 삶은 생각과 다르게 자꾸만 어긋나기 시작하는데...
1000652,오늘도 위위,40,11681460,1416,2018,20191017,70,전체관람가,88.0,201,9.27,153,"오늘도 평화로운 선우선과 열두 냥이의 썬하우스한가로운 시간을 보내던 냥이들에게 생각만 해도 온몸이 떨리는 일이 발생하는데!? 얘들아, 우리 모두 함께 여행 가볼까? 청천벽력 같은 엄마의 한 마디에 처음으로 세상 밖 여행을 시작한 냥이들시원한 바람, 푸른 바다, 해질녘 들판까지 모든 것이 새롭기만 한 냥이들의 운명은!?10월17일, 위위~ 떠날 준비 됐어?"
1000653,몸값part.2,48,10943283,1147,2022,20230705,105,19세관람가(청소년관람불가),86.0,108,8.85,13,"무너진 세상, 폭발하는 광기미친 자들의 목숨을 건 거래가 시작된다!서로의 ‘몸값’을 두고 위험한 거래를 하던 중 지진으로 무너진 건물에 갇힌 사람들.위기를 기회로 바꾸기 위해 새로운 거래를 제안하는 ‘주영’,구사일생으로 간신히 목숨을 구했지만 또다시 죽을 위기에 놓인 ‘형수’,어떠한 대가를 치르고서라도 거래를 성사시키려는 ‘극렬’,누구도 믿을 수 없는 곳,각자 앞에 놓인 마지막 기회를 붙잡기 위해 세 사람은 위험한 거래를 시작한다."
1000654,스케치,22,10690500,1483,2013,20140327,94,19세관람가(청소년관람불가),20.0,9,6.1,302,"상처를 간직한 남녀의 세상에서 가장 아름다운 러브 스케치가 시작된다!열정과 재능을 가진 무명 화가 '수연'(고은아)은 자신의 그림을 화랑에 전시하는 것이 삶의 유일한 이유이자 꿈이다. 하지만 그녀의 바람과는 달리 세상은 그녀의 재능을 인정해 주지 않은 채 불합리한 타협만을 강요한다. 가진 것이라고는 예술가로써의 자존심이 전부인 그녀는 세상에 대한 원망과 상처를 가득 안은 채 하루하루 힘겨운 일상을 이어 간다. 상대의 마음을 느낄 수 있는 특별한 능력의 소유자 '창민'(박재정)은 이런 그녀의 마음 속 고통을 고스란히 전해 받고, 연민을 느낀다. 자신 또한 원치 않는 초감각적 능력을 타고난 탓에 과거 연인에게 버림 받은 상처를 간직하고 살아가는 '창민'은 '수연'을 향한 거부할 수 없는 사랑의 감정을 느끼고, '수연' 또한 그런 '창민'을 밀어내지만 자신도 모르는 사이 점점 그에게 끌리게 된다. 한편, 수연은 아티스트로서 성공하려면 권력과 타협하라는 위험한 제안을 받게 되는데…"
1000655,무빙 포 워드,5,10470000,760,2023,20231213,41,12세관람가,,15,,,얼터너티브 케이팝 그룹  바밍타이거 의 정규 1집 앨범의 수록곡 중 하나인  Moving Forward 를 바탕으로 한 뮤직비디오의 확장판 개념의 뮤직 필름
1000656,먹이사슬,20,10224000,2070,2014,20140917,92,19세관람가(청소년관람불가),,,7.74,118,피부관리사 인희(윤설희)와 고교 동창생으로 만나 일찍 결혼생활을 시작한 남혁(김민혁)은 계속되는 취업 실패로 아내에게 자격지심을 느끼게 되고 인희 또한 반복되는 일상에 지쳐가며 서로에 대한 감정의 골이 깊어간다.자괴감에 빠진 남혁은 거리를 배회하다 들어간 카페에서 대기업 과장 행세를 하며 묘한 쾌감에 사로잡히게 되고 매일같이 여사장 주연(연지아)을 찾아가 위로 받고 위로해 주는 사이가 된다. 별다른 직업 없이 누나 주연의 심부름을 하며 용돈을 받아쓰는 봉구(류일송)는 IJ 미애(엄다혜)의 먹방 채널을 보며 즐거워하고 발랄한 그녀에게 점점 빠져든다. 대학원 조교 지훈(손지완)은 클럽에서 만난 미애와 총각시절 즐기기 위한 섹스파트너 관계를 유지하고 있지만 미애는 그와의 관계를 진지하게 생각하고 그에게 집착한다. 한편 미애를 따라 갔던 피부관리실에서 인희를 만나게 된 지훈은 그녀의 단아한 모습에 넋을 잃게 되는데…
1000657,정브르의 동물일기,51,9597000,1416,2021,20210224,56,전체관람가,96.0,62,8.5,6,"90만 생물 크리에이터 정브르!어릴적부터 동물을 사랑한 정브르가 동물원의 일일사육사가 되어 동물들을 만나게 된다.코끼리의 똥을 사랑하는 사자, 사랑스러운 한국 호랑이 남매, 동물의 성대모사를 하는 앵무새까지! 사육사 생활은 힘들고 난감하기도 하지만 귀엽고 사랑스러운 동물들과 보내는 시간은 즐겁기만 하다.사육사 체험을 하며 정브르는 동물들과 서로 사랑하는 마음을 나누고 교감을 이루며 친구가 되어 간다."
1000658,무서운 집,1,9371000,1039,2014,20150730,98,12세관람가,,,8.9,84,"사진작가 부부는 새로 장만한 4층 집에 스튜디오를 꾸미고 이벤트에 사용할 마네킹들을 조립하며 행복한 시간을 보낸다. 그러던 중 남편이 출장을 가게 되어 큰 집에 홀로 남게 된 아내. 새 집에서의 생활을 기대하며 한껏 기분이 들뜬 아내는 노래를 부르며 혼자만의 즐거운 시간을 보내지만 즐거움도 잠시, 자신의 눈 앞으로 다가와 쳐다보는 마네킹의 모습에 놀라 도망치지만 이사 준비로 예민해진 탓에 헛것을 보았을 거라고 생각하며 무심히 넘겨버린다. 집안 구석구석을 정리하며 시간을 보내지만 곳곳에서 들려오는 괴이한 소리와 자신을 따라다니기라도 하는 듯 쉬지 않고 나타나는 정체 불명의 형체들이 아내를 쫓아다니며 괴롭히는데.."
1000659,보이지 않아,29,9032491,919,2021,20230419,113,12세관람가,99.0,10,8.4,5,무명시절을 지나 싱어송라이터로 유명해졌으나 슬럼프에 빠진 케빈(한승윤)을 중심으로 의도치 않게 연결된 사람들의 이야기.케빈과 연관된 사람들이 저마다 치열한 삶을 살아오다 겪은 불안과 혼란에 대한 과거를 돌아보며 현재의 답을 찾아간다.
1000660,너의 시선이 머무는 곳에,14,8877000,592,2023,20230906,82,12세관람가,93.0,47,0.0,,
1000662,"시발, 놈: 인류의 시작",10,8802400,1159,2015,20160818,75,15세관람가,60.0,35,8.04,23,"태초에 하늘에서 빛이 떨어지매 천지를 울리는 폭발이 있었고원숭이의 형상을 닮은 사람이 나타나되나무에서 사과가 떨어져 머리를 맞추니유래각!(流來覺: 깨달음이 와서 흐르다)하여 생각을 하게 되었으며생육하고 번성하여 땅에 충만하게 되고후대는 이를 인류의 시작 시발놈이라고 불렀더라.-시발세기(始發世記) 1장 18절-,"
1000663,아부쟁이,41,8617000,896,2020,20220616,91,15세관람가,78.0,67,6.14,58,"일진 생활 6년, 오늘부턴 아부만이 살 길!고3 평균 나이 26.5세전국구 조폭들이 졸업장을 위해 모여드는 풍랑고.의기양양하게 등교한 전직 일진 전학생 ‘박건’은 레벨이 다른 약육강식의 현실에 무릎 꿇고 큰 형님 ‘태산’을 보필하는 ‘아부쟁이’가 되기로 결심하는데…약.육.강.식 먹이사슬 최하위!약자 오브 약자의 극한 생존기가 시작된다"
1000664,돈 맛,50,8439000,1733,2016,20160929,90,19세관람가(청소년관람불가),,,6.83,12,"교통사고로 뱃속의 아이를 잃은 하영은 두 다리를 못 쓰게 된 남편 평교를 위로하며 착실하게 살아가려 하지만, 열등감에 물든 평교는 늘 하영에게 폭언을 일삼고, 매력적인 하영이 외도를 하는 건 아닌지 의심을 놓지 못한다. 그를 떠날 용기도, 이 상태를 유지할 기력도 없는 하영에게 위로가 되는 것은 퇴근길 쇼윈도에 서 있는 붉은 구두. 유리 너머로 화려한 삶을 상상하는 것이 유일한 낙인 하영에게 인생의 전환점이 찾아온다. 의처증이 극에 달해 평교가 고용한 파파라치와의 만남과 동시에 고객의 예금을 조금씩 빼돌리기 시작하다 급기야 은행 금고에 손을 대고, 이를 들키지 않기 위해 점점 대담한 애정행각을 할 수밖에 없는 상황에 접어들기 시작하는데… 하영은 과연 자신이 꿈꾸던 빨간 구두를 갖고 돈에 대한 욕망과 새로운 사랑을 쟁취할 수 있을까?"
1000665,녀녀녀,20,8231000,1694,2013,20140410,94,19세관람가(청소년관람불가),,,2.36,399,"연재(신주아 분), 하은(구지성 분), 춘희(윤채이 분)는 고교동창이자 15년 지기 절친이다. 무궁화 4개, 1급 호텔의 막내딸인 연재는 평생 1203명의 남자와 섹스 하는 것을 목표로 삼을 만큼 솔직하고 자유분방한 여자다. 반면, 고등학교 교사인 춘희는 고지식함 때문에 서른이 넘도록 한 번도 섹스 경험이 없는 숫처녀(?). 웨딩 플래너인 하은은 10년 동안 한 남자하고만 사랑했으나 최근에 일과 남자, 둘 다 잃어버리는 아픔을 겪었다. 그러던 어느 날, 세 여자는 성년 10주년을 맞이해 연재의 호텔 스위트룸 1203호에서 그녀들만의 파티를 연다. 여자 셋이 모이면 접시가 깨진다고 했던가. 이제 막 서른이 된 세 여자의 수다는 어느새 청소년관람불가를 넘어 제한상영가의 수위까지 치닫으며 급기야 서로의 자존심을 건 내기를 한다. 그 내기는 다름 아닌 한 남자를 정해 뜨거운 밤을 보내는 사람이 승자가 되는 은밀한 게임. 세 여자는 어떤 남자로 할까 옥신각신 끝에 10년 전 세 여자가 다 좋아했던 남자 선배를 꼭 빼 닮은 호텔 벨보이 현수(이영훈 분)를 그 타겟으로 정한다. 하룻밤을 입증하는 증거물은 다름아닌 그의 정액 채취. 과연 세 여자 중 누가 현수와 뜨거운 하룻밤을 보내게 될까? 과연 호텔 벨보이는 누구와 잤을까?"
1000666,나는 야한 여자가 좋다,21,8095000,1688,2014,20140710,91,19세관람가(청소년관람불가),,,,,"더 뜨겁게!더 HOT하게! 그래도 나는 야한 여자가 좋다!!혈기 왕성한 펜싱 선수인 민수(김태한)는 세계랭킹에 오를 정도의 타고난 실력과 훤칠한 외모로 주변에 여자가 끊이질 않는다. 그런 민수의 유치원 시절부터의 단짝 애인인 지예(서리슬)는 민수와 뜨거운 커플 사이이지만, 시도 때도 없이 밝히고 섹스만 요구하는 민수에게 점점 혐오스러움을 느낀다. 인기 많고 잘나가는 민수에 비해 매번 실력부족을 탓하며 번번히 남자파트너를 구해야만 하는 지예는 어느 날 새 파트너인 동준을 만나게 되고 이전까지와는 다른 새로운 감정을 느낀다. 한편, 결별선고를 받은 민수는 뒤늦게 지예를 향한 진실한 사랑을 확인하고 지예를 되찾으려 하는데…"
1000667,엘 스타 리:플레이 스테이지,1,7830000,522,2024,20241109,54,전체관람가,,,10.0,1,"온라인 게임 '엘소드'에 나오는 캐릭터들이 가상 아이돌로 데뷔하는 프로젝트인 '엘스타'의 홀로그램 콘서트를 다룬 애니메이션 영화,"
1000668,더하우스,48,7631000,1245,2019,20191212,75,15세관람가,,,5.05,20,"가장 행복해야 할 그곳, 끔찍한 기억들이 찾아온다! 첫 아기의 출산을 위해 고향의 별장을 찾은 ‘준의’와 ‘비루’출산의 희망도 잠시, ‘준의’는 과거 별장에서의 추억이 떠오르면서 갑자기 사라진 첫사랑 ‘지희’ 생각에 괴로워한다.한편, ‘비루’는 집에서 낯선 사람들의 흔적들을 발견하고, 점점 그녀에게 이상한 일들이 생기기 시작하는데…“우리 집에… 누군가 있는 것 같아..!”"
1000669,"이별유예, 일주일",29,7586000,779,2020,20201209,148,15세관람가,83.0,199,,,"결혼을 앞두고 있던 가람(권유리)과 선재(현우)에게 갑작스레 찾아온 교통사고. 그 사고로 선재는 혼수상태에 빠지고, 가람은 목숨을 잃고 만다. 이승을 떠난 가람은 알 수 없는 공간에 가게 되고, 그곳에서 정체를 알 수 없는 남자 엑스(윤지온)에게 이해하기 힘든 제안을 받게 된다.  일주일 전으로 시간을 돌려줄 테니, 선재를 살리고 싶다면 일주일 안에 그와 완전히 헤어지라는 것.  그렇게 일주일 전으로 돌아가게 되는 가람. 가람은 평생을 함께 하기로 약속했던 선재에게 이별을 말해야만 한다. 그러나 그제서야 무신경한 행동과 말투 속에 숨어 있던 선재의 진심과 배려들이 가람의 눈에 들어오기 시작한다. 선재가 사랑을 지키기 위해 홀로 싸워 왔던 애틋한 흔적들을 너무 늦게 마주하고 만다. 이별의 핑계를 찾아내야만 하는데, 시간이 갈수록 차마 이별할 수 없는 이유들만 가득해진다.  가람은 선재와의 이별에 성공하고 그를 살려낼 수 있을까?"
1000670,나는 증인이다,2,7113800,1407,2015,20160914,111,15세관람가,,,9.33,12,"촉망받던 경찰여생도, 시력을 잃다교통 사고로 동생을 잃은 샤오싱은 그 일로 인해 시력을 잃고, 자신의 유일한 꿈이었던 경찰학교에서 제명된다. 그렇게 자신만의 어둠 속에 갇힌 채, 죄책감으로 마음까지 피폐해져 가는 그녀. 그녀는 다시 일어설 수 있을 것인가.앞을 보지 못하는 살인사건의 증인맹인이 된 샤오싱은 살인사건 현장의 유일한 목격자가 된다. 볼 수는 없지만, 경찰학교에서의 경험과 시력을 제외한 나머지 감각들로 경찰을 도와 살인범을 추격하기 시작한다. 그러나 갑자기 등장한 또 다른 목격자, 샤오싱과는 전혀 다른 주장을 하는데… 그가 말하는 현장은 샤오싱의 진술과 일치하지 않는다!하나의 사건, 두 명의 목격자, 엇갈린 진술!한 사건에 대한 두 개의 다른 증언. 시력을 잃었지만 훈련된 감각으로 정확한 추리를 선보이는 샤오싱을 믿을 것인가, 자신이 본 그대로를 진술한 것이라며 사례비를 요구하는 문제아 린총을 믿을 것인가? 사건은 미궁 속으로 빠지고, 범인의 그림자는 서서히 그들을 향해 다가오는데… 과연 사건의 진상은?"
1000671,보통의 용기,8,6552600,809,2022,20220630,92,전체관람가,92.0,20,8.41,46,"대한민국 최고의 로코퀸 ‘공효진’모델, 배우 그리고 가구 사업가로 거듭난 ‘이천희’아역 배우 출신의 11년 차 전업 주부 ‘전혜진’선한 영향력을 행사해온 ‘환경 삼총사’가 지구를 위해 뭉쳤다!탄소 없는 생활을 해보겠다며 무작정 떠난 에너지 자립섬 죽도!해변에서 수많은 플라스틱 병을 발견한 후 무작정 생수병 회사에 전화를 거는가 하면 심지어 나무 만 그루 심기까지 도전하게 되는데!공효진 X 이천희 X 전혜진의 탄소 제로 프로젝트!이들은 대체 왜 이렇게까지 지구에 진심인걸까?!"
1000672,나비효과,29,6533500,718,2022,20230622,94,12세관람가,80.0,6,9.22,7654,"ks 뮤직 안정혁대표가 입에 침이 마르도록 칭찬한 주인공 ‘주연’에게는 아픈 과거가 있다.쌍둥이 언니인 작곡가 ‘해연’이 눈앞에서 사고로 유명을 달리해 언니 몫까지 열심히 살아야 되건만 현실은 만만치 않아 번번이 데뷔가 무산됐고, 아이돌만이 판치는 k팝 현실에선 락 밴드는 갈수록 설자리를 잃어 가는데...시한부 선고를 받아 살날이 얼마 남지 않은 아버지 생전에 아버지의 소원인 방송출연을 위해 안정혁 대표의 속셈을 알면서도 나비효과밴드를 재결성한 ‘주연‘...과연 애벌레가 누에고치를 벗어나 아름다운 나비가 되고, 그 나비의 우연한 날개짓이 거대한 태풍을 몰고 온다는 나비효과!!이름 그대로 음악계에 태풍의 눈으로 부상할 수 있을까?태풍의 눈이 되도록 나비효과를 기대하며........?음악은... 만드는 사람의 것일까? 듣는 사람들의 것일까??음악은... 만드는 사람을 위한 것일까? 듣는 사람을 위한 것일까?"
1000673,나도 때론 포르노그라피의 주인공이고 싶다,20,6148000,961,2015,20151112,81,19세관람가(청소년관람불가),,,6.82,45,"아버지의 죽음과 이혼, 슬럼프, 오랜 공백기 그리고 지독한 외로움…숨기고 싶었던 상처까지도 사랑해주었던 그 남자로 인해 그녀는 다시 태어났다한 남자를 알게 되면서 사랑을 행위가 아닌 떨림만으로도 만족할 수 있다는 것을 깨닫게 된 ‘진희’(한지은)는 그 남자를 통해 그 동안 궁금했던 모든걸 알아가려 한다. 사랑을 하면 왜 집착하게 되는 것일까? 집착하지 않고 소유하려 하지도 않고 또한 사랑이 증오로 변하지 않는 그런 사랑을 확인하고 싶은 ‘진희’. 그런 사랑이 가능한지 그 남자에 대한 자신의 믿음을 확인하고 싶었다. 그 남자를 통해 남녀간의 관계가 일방적인 쟁취가 아닌 섬세함과 배려를 통해 완성되는 것임을 다시 한 번 확인하려 한다. 그리고 그것을 통해 진정 위로 받고 치유되면서, 버림받은 여자가 아닌 사랑 받는 여자로 다시 태어난다.그리고 그녀는 말한다.“그와 안고 있으면 세상에서 제일 아름다운 여자가 된 기분”이라고…"
1000674,욕망의 독: 중독,20,6135000,988,2014,20140925,91,19세관람가(청소년관람불가),,,4.36,55,"저를 항상 지켜보는 존재가 있어요. 하지만 사람들은 그 존재를 믿지 않아요 '마음 편한 정신과'를 운영하는 잘 나가는 정신과 의사 '준상'. 그 누구보다도 냉철하게 환자들을 치료하는 그에게는 지울 수 없는 상처가 있다. 과거에 부인이 강간을 당해 자살하는 장면을 눈 앞에서 목격한 것. 그 이후 씻을 수 없는 죄책감과 슬픔으로 불면증에 시달리던 그에게 치명적인 매력의 미녀 환자 '지수'가 찾아온다. 자신이 사랑하는 모든 남자들이 죽었다고 운을 뗀 그녀는 자신을 늘 지켜보는 존재가 있다며 '준상'을 유혹한다. 한편, 얼마 전 일어난 살인사건에 '지수'가 관계되어 있음을 직감한 형사는 '준상'에게 그녀의 진료 기록을 요청하는데…그 끝을 알 수 없는 위험한 사랑에 빠져든다!"
1000675,정의심판,2,5772000,652,2019,20191017,129,15세관람가,,,8.72,18,"과연, 대한민국은 정의의 국가인가?순수한 법학도  조명석 은 우연히 맛사지를 받으러 갔다가 불법업소와 연관된 조폭들에게 폭행을 당한다. 그는 정의가 무너지는 현실에 분노하여 불법 업소를 해킹하여 천지 그룹과 불법 업소와의 커넥션과 그들의 추악한 음모가 담긴 성 접대 레드 리스트 파일을 찾아낸다. 어느 날 고향 친구  차진만 이 죽음을 당해 변사체로 발견된다.  조명석 은 법을 공부한 고시생으로서 불공정한 이 나라의 무너진 정의, 철학에 괴로워한다. 대한민국 썩은 부패 정치인 검사 사법부의 법치주의 이중성과 불의를 참을 수 없어 검찰 공권력과 연관된 천지 그룹과 조폭의 범죄에 진정한 정의의 심판을 결심한다. 그러나..."
1000676,제시는 그때 스무살이었다,2,5753000,539,2022,20231214,147,19세관람가(청소년관람불가),,,4.62,16,"가난한 어부촌의 벙어리로 태어나,학교도 한번 못가보고 제대로 된 글 한번 깨우쳐보지 못한채,동네 뭇사내들의 노리개로 전락한 뒤 무작정 가출하는 한 여인. 한 가정집의 파출부가 되고 낯선 거리에서 방황하다 거리의 창녀로 생활을 하게되는 주인공 제시 기지촌 양공주가 되어,교도소를 오고가며 결코 겪어서는 안될 삶의 본능은 바닥까지 추락하지만,그러나 어느날 미국의 한 대위를 만나 그의 정식 부인이 되어 평안한 삶을 유지하게 되는 제시. 이 땅의 한 여자가 헤쳐 나온 침묵의 세월과 한맺힌 그날의 눈물들을 담아 기록된 영화"
1000677,위험한 유혹 - 추억이 떠나면 외로움만 남는다,20,5481000,1227,2014,20140917,79,19세관람가(청소년관람불가),,,4.24,25,"외로움에 몸부림치던 그녀에게 한 남자가 찾아왔다. “나 사랑해요?...” 교통사고로 부모님을 일찍 여읜 소연은 늘 외로움에 사무쳐 있다. 그녀에게 수 많은 남자들이 다가왔지만 모두 바람처럼 사라져 버린다. 결혼을 약속한 남자들에게 사기를 당하며 두 번의 파혼 아픔을 겪은 소연은 부모님이 노후로 준비해둔 펜션에서의 전원생활을 시작하고, 외로움을 달래기 위해 하숙생을 들이기로 한다. 어느 날 소연의 집에 하숙생으로 찾아온 한 남자, 그녀의 외로운 마음 한 켠에 사랑이 싹 틔기 시작하고, 남자는 그런 그녀를 유혹하며 둘은 뜨거운 관계로 발전한다. 남자에 대한 소연의 사랑이 깊어질수록 남자는 점점 이해할 수 없는 가학적인 행동과 요구를 하게 되는데…"
1000678,귀신의 향기,17,5295500,748,2017,20190703,93,15세관람가,,,6.03,235,"고층 아파트 숲에 외딴 섬처럼 남은 허름한 무궁화빌라. 그곳에서 신원불명의 중년 남자가 투신자살을 하는 사건이 벌어지고, 그때부터 그곳에 귀신이 출몰하기 시작한다. 무려... 섹시한 처녀 귀신이..그 귀신은 벽과 천장을 뚫고, 장미빌라의 이곳 저곳을 다니며 사람들을 놀라게 하는데… 잠자리하는 부부를 훼방 놓는가 하면, 야동을 보고 있는 중딩을 기절초풍하게 만들기도 하며, 심지어는 신체를 자유자재로 분리시키는 묘기(?)를 선보여 자신을 잡으러 온 경찰관들을 기절하게 만든다.결국 세입자들은 하나 둘 장미빌라를 떠난다. 경찰은 특공대를 투입하는 초강수를 두지만 처녀 귀신은 특공대원들마저 혼비백산 도망가게 만든다. 그곳을 재개발하는 건설회사는 마지막 세입자인 302호 처녀귀신을 퇴거시켜 달라고 경찰을 압박하고, 이에 경찰은 국내 최고의 역술인을 섭외하기에 이르는데... 처녀 귀신은 무슨 사연으로 장미빌라를 떠나지 못하는 걸까..."
1000679,오싹한 동거,5,5120000,542,2022,20220817,112,12세관람가,,,5.25,8,"KS상사 오너의 딸이던 어린 시절의 '정세리'는 여자의 자살을 목격하게 되고 그 후로 귀신을 볼 수 있게 된다.2021년 현재. 정세리는 카페에서 일을 하며 살고 있다.여전히 귀신을 보는 그녀는 밤마다 자신에게 찾아오는 귀신들 때문에 밤에 잠을 잘 이루지 못한다.그녀는 주변 사람들에게 피해를 주고 싶지 않아 친구도 없다. 유일한 친구는 카페사장 '황은혜' 뿐이다.정세리에게 찾아오는 귀신은 주로 밤에 찾아오는 '악령'과 낮에 찾아오는 '일반귀신' 의 두 종류이다.귀신들은 처음에는 자신이 죽은 지 모르는 것이 일반적이며 그들이 자신이 죽은 것을 인지한 후에는 이승에서 이루고 싶은 소망이 있어이승에 남아있다. 그래서 정세리는 가끔 그들이 하고 싶은 것들을 조용히 도와주기도 한다.카페에는 죽돌이 귀신 3인방이 있다. 그들은 아줌마1, 아가씨1, 청년1 이렇게 3명으로 인탄이 자신들을 볼 수 있다는 사실을 알고는계속 자신들을 어필한다.어느 날 정세리 앞에 귀신 송지찬이 나타난다. 그 역시 자신이 귀신이라는 것을 알지 못한다.게다가 그는 자신의 과거를 전혀 기억하지 못한다.송지찬은 자신의 말을 알아듣는 정세리에게 계속 자신을 도와달라고 요구한다.이런 지찬을 자신으로부터 떨어뜨리기 위해 그를 도와주기로 하는 정세리. 지찬의 기억을 찾기 위해 정세리와지찬은 그의 행적을 추적해 나간다. 그 과정에서 알게되는 지찬의 죽음에 대한 진실.괴로워 하는 지찬과 그를 위로하는 정세리 사이에서 싹트는 사랑의 감정…"
1000680,데드캠핑 더라이브,50,5000000,1000,2022,20220512,72,19세관람가(청소년관람불가),,,5.16,170,"인기 캠핑 유튜버 ‘수연’은 여느 때와 같이 외딴 산속에서 보내는 혼자만의 캠핑을 실시간으로 공개한다.분위기가 한층 무르익을 무렵, ‘수연’은 알 수 없는 무리들에게 습격을 받게 되는데...그러나 그 놈들은 알 지 못했다.이 모든 것이 그녀가 준비한 것임을…그리고 마지막 한 놈의 숨통이 끊어질 때까지 끝나지 않는다는 것을… “이제 사냥할 시간이야”"
1000681,미끼,25,4794445,507,2023,20231214,106,15세관람가,85.0,39,4.82,67,"“저도 다 해봤어요. 근데, 변하는 건 아무것도 없어요.”과거 잘 나가는 쇼트트랙 국가대표였던 ‘주영’(백진희)지금은 고등학교 컬링팀 코치로 활동 중이다그 누구에게도 말할 수 없었던 과거를 꼭꼭 숨긴 채 살아가던 그녀에게 충격적인 소식이 전해진다“유라가 죽었대…”선수 시절을 함께 보낸 동료의 죽음에 장례식장을 찾아간 ‘주영’은 그곳에서 팀 코치였던 ‘혁수’(배유람)와 마주치고 그토록 잊고 싶었던 그때의 기억들을 다시 떠올리게 되는데…국가대표라는 찬란한 이름,그 뒤에 감춰진 폭력이 밝혀진다!"
1000682,캠퍼스 S 커플,1,4728000,677,2013,20140515,108,19세관람가(청소년관람불가),,,6.06,306,"오늘은 누구랑 할까? 만물이 소생하는 새 학기 봄. 군 제대를 한 찬승(최필립)은 복학신청을 하다가 선배의 전화를 받고 나이트 클럽으로 향한다. 클럽 룸에서 부킹을 하던 찬승 일행은 웨이터에게 끌려온 아영(문보령)과 마주치고 서로에게 반한 찬승과 아영은 원나잇 스탠드를 감행한다.   그렇게 황홀한 밤을 보낸 찬승은 다음날 학교에서 자신을 좋아하는 후배 유진(서효명)과 재회하며 서로 반가워 한다. 방과 후 기분 좋게 집에 가는 버스에 오른 찬승은 자신의 이상형인 청순녀 민조(박란)를 발견하게 되고 한눈에 반한다.  그러던 어느 날 학교 카페에서 아영과 다시 만나게 된 찬승은 아영이 같은 과 학생임을 알게 되면서 세 명의 여학생과 아슬 아슬한 데이트를 즐기게 되는데…,"
1000683,7공주 대리운전,20,4308000,894,2015,20150528,83,19세관람가(청소년관람불가),,,4.64,39,"여덟 세대가 거주중인 공주빌라에 어느 날 갑자기 빌라 경매 예정 통지서가 날라온다. 세입자 대표 오하니(곽진영)는 각 세입자들을 소집해 공주빌라를 남의 손에 넘기지 말고 지켜내자며 빌라 입찰을 제안한다. 하지만, 각자 가지고 있는 돈을 모두 합해도 공주빌라를 낙찰 받기에는 턱없이 부족한 상황. 고심 끝에 공주 빌라 사람들은 경매 입찰금의 모자란 금액을 충당 하기 위해 ‘7공주 대리운전’을 결성하게 된다. 타 업체와는 다른 차별화된 서비스로 입 소문을 타기 시작하면서 대박 행진을 하게 되고 우여곡절 끝에 가까스로 입찰금을 마련하지만, 예상치 못한 사건으로 모두 날리게 되면서 쫓겨날 위기에 처하게 되는데...  과연 공주 빌라 사람들은 자신들의 안식처를 지켜낼 수 있을까?"
1000684,로드킬,17,4239100,542,2019,20190221,96,19세관람가(청소년관람불가),59.0,32,8.5,4,"친절한 가족! 그들을 믿지 마라!!!악랄한 부동산 업자 오광은 재개발 사업 건으로 급하게 산길을 운전하다 사고를 당하고 외딴 산속 장씨 집에서 이틀 만에 깨어난다.오광을 발견한 장씨 가족은 큰 비로 다리가 끊기고 전화마저 불통이라 오광을 집에 데려왔던 것.장씨와 아내 연희, 그들의 아들 현석과 딸 소희까지 장씨 가족은 친절하게 오광을 도와 준다.하지만 재개발 건으로 마음이 급한 오광은은 장씨 가족의 만류에도 혼자 집을 나섰다가 길을 잃고 산속을 헤매다 다리까지 다치고 만다.다친 오광을 다시 도와주는 장씨 가족.하지만 친절하기만 했던 장씨 가족은 오광에게 무언가를 숨기는 듯 하고…오광은 자신의 과거 악행과 장씨 가족이 연관되어 있다는 걸 알게 되고 목숨을 위협받게 되는데…"
1000685,CCTV,1,3820000,1188,2020,20210707,99,15세관람가,,,10.0,1,"일명 ‘CCTV 살인사건’.10년 전. 8명이 죽고 1명이 행방불명이 된 전대미문의 살인극.바로 이 끔찍한 살인사건의 유일한 생존자를 유튜버가 찾아간다.유튜브 채널의 획기적인 조회수와 구독자 증가를 가져올 생존자와의 인터뷰가 시작되자...10년 동안 숨겨졌던 끔찍한 사실이 드러나고, 아직도 끝나지 않았던 복수가 10년 만에 마무리 되는데...죽음을 부르는 눈동자, CCTV의 공포가 드러난다."
1000686,인연을 긋다,12,3207000,533,2022,20220526,71,12세관람가,65.0,22,5.61,18,"인숙이 20년 만에 고국 땅을 밟습니다.그 이유는 1년 동안 교환교수로 온 남편이 미국대학에 사표를 내고 한국에 머물기로 결정했기 때문입니다.이 모든 것이 자존심 세고 표독스러운 시어머니의 계략이라고 생각해 인숙은 따지러 온 것입니다. 그런데 20년 만에 온 시집은, 그 완벽하고 깔끔하던 시어머니는 치매에 걸렸고, 착하디 착한 동서는 모질고 까칠하게 변해 있었습니다.인숙은 자신이 가난한 집 출신에 가방끈이 짧다는 이유로 결혼을 반대하고, 결혼 후에도 발톱의 때만큼으로도 생각 안 하시던 시어머니가 요양원에 입원한다는 소리에 동서의 차에 올라탑니다. 자신을 그렇게 무시하던 그 잘난 시어머니의 쓸쓸한 마지막 모습을 보며 그 동안 억울하게 쌓인 감정을 조금이라도 보상받을 수 있을 것 같았기 때문입니다.하지만, 좁은 자동차 안에서 머리채를 잡아당기는 시어머니와 자신이 제일 불행하다고 여기는 동서와의 여행은 순탄치가 않습니다."
1000687,짓2: 붉은 낙타,20,3146000,616,2015,20150807,80,19세관람가(청소년관람불가),,,5.75,44,"도경은 자신의 결혼식 전 날, 옛 연인이었던 가인을 만난다. 그의 아이를 임신했다며 찾아온 그녀는 도경에게 마지막 하룻밤만 같이 보내달라고 애원한다. 그렇게 도경과 가인은 모텔에 들러 마지막 정사를 보내는 중 예기치 못한 사건 일어나게 되고, 도경은 죽음에 이르고 만다. 하지만 다행히 모텔주인 병수가 사건을 덮어주며 가인은 무사히 경찰 조사에서 풀려나게 되고, 병수는 가인에게 그 대가로 하룻밤을 요구한다. 처음엔 서로의 이익을 위해 위험한 관계를 가진 그들. 하지만 자신의 과거사를 털어놓으며 돈독해진 두 사람의 관계는 더욱 대담해져 가는데...."
1000688,동거의 목적,19,2945000,566,2016,20160331,83,19세관람가(청소년관람불가),,,6.41,46,신혼생활을 만끽하는 승구와 윤혜. 사진작가인 승구는 출근길 이웃 사촌이면서 선배인 정열과 한눈을 팔다가 신호대기중이던 앞차를 들이받고 엄청난 수리비때문에 괴로워 한다. 몸매 관리에 여념이 없는 윤혜는 어김없이 헬스장에 운동을 하러가고 담당 PT 인 태준의 이별얘기를 듣게 된다. 여자친구 집에서 동거를 하던 태준이 이별과 함꼐 쫓겨나게 되고 오갈 곳 없는 태준에게 윤혜는 자신의 신혼집 방 하나를 세를 놓아 승구의 수리비를 충당하려 하고 승구 역시 윤혜와 앙숙이자 친구인 모델 라라에게 자신의 집 월세를 제안한다. 그리고 그들의 목적(?)있는 동거가 시작되는데….
