movie_code,people_code,role
1000001,2000581,actor
1000001,2001543,actor
1000001,2001903,actor
1000001,2001319,actor
1000001,2000101,actor
1000001,2002021,actor
1000002,2001964,actor
1000002,2000581,actor
1000002,2001850,actor
1000002,2000230,actor
1000002,2001898,actor
1000003,2000598,actor
1000003,2000926,actor
1000003,2001948,actor
1000003,2000748,actor
1000003,2002134,actor
1000003,2002021,actor
1000004,2002207,actor
1000004,2001730,actor
1000004,2001375,actor
1000004,2000765,actor
1000004,2000292,actor
1000004,2001430,actor
1000005,2002079,actor
1000005,2001927,actor
1000005,2001871,actor
1000005,2000466,actor
1000005,2000221,actor
1000005,2001036,actor
1000006,2001964,actor
1000006,2000182,actor
1000006,2001227,actor
1000006,2001314,actor
1000006,2000381,actor
1000006,2001430,actor
1000007,2002207,actor
1000007,2000364,actor
1000007,2001130,actor
1000007,2001768,actor
1000007,2001629,actor
1000007,2001405,actor
1000008,2000598,actor
1000008,2000235,actor
1000008,2000748,actor
1000008,2001319,actor
1000008,2001341,actor
1000008,2001036,actor
1000009,2002207,actor
1000009,2001204,actor
1000009,2001227,actor
1000009,2001130,actor
1000009,2001633,actor
1000010,2000598,actor
1000010,2001499,actor
1000010,2001044,actor
1000010,2001341,actor
1000010,2000246,actor
1000010,2001430,actor
1000011,2002079,actor
1000011,2001871,actor
1000011,2000466,actor
1000011,2000598,actor
1000011,2000221,actor
1000011,2000084,actor
1000012,2001678,actor
1000012,2001473,actor
1000012,2002079,actor
1000012,2001130,actor
1000012,2001850,actor
1000012,2000633,actor
1000013,2000944,actor
1000013,2002055,actor
1000013,2001227,actor
1000013,2000588,actor
1000013,2000767,actor
1000013,2002021,actor
1000014,2000106,actor
1000014,2001735,actor
1000014,2000598,actor
1000014,2000317,actor
1000014,2000369,actor
1000014,2001354,actor
1000015,2000944,actor
1000015,2001368,actor
1000015,2001821,actor
1000015,2001988,actor
1000015,2000695,actor
1000015,2001430,actor
1000016,2001847,actor
1000016,2001249,actor
1000016,2000082,actor
1000016,2000724,actor
1000016,2000424,actor
1000016,2001081,actor
1000017,2002207,actor
1000017,2000024,actor
1000017,2001375,actor
1000017,2000688,actor
1000017,2000368,actor
1000017,2001405,actor
1000018,2000764,actor
1000018,2000829,actor
1000018,2001061,actor
1000018,2000941,actor
1000018,2000291,actor
1000018,2001405,actor
1000019,2002207,actor
1000019,2001777,actor
1000019,2001633,actor
1000019,2001700,actor
1000019,2001007,actor
1000020,2002154,actor
1000020,2001227,actor
1000020,2001588,actor
1000020,2000548,actor
1000020,2001903,actor
1000020,2001430,actor
1000021,2001344,actor
1000021,2002079,actor
1000021,2000598,actor
1000021,2001685,actor
1000021,2000801,actor
1000021,2001430,actor
1000022,2000200,actor
1000022,2000930,actor
1000022,2001227,actor
1000022,2000358,actor
1000022,2000756,actor
1000022,2001489,actor
1000023,2002154,actor
1000023,2001227,actor
1000023,2000410,actor
1000023,2001629,actor
1000023,2001319,actor
1000024,2000512,actor
1000024,2001041,actor
1000024,2000724,actor
1000024,2000900,actor
1000024,2002207,actor
1000024,2000946,actor
1000025,2000944,actor
1000025,2000106,actor
1000025,2002121,actor
1000025,2002027,actor
1000025,2001104,actor
1000025,2001354,actor
1000026,2002207,actor
1000026,2001729,actor
1000026,2001814,actor
1000026,2000372,actor
1000026,2000571,actor
1000026,2001036,actor
1000027,2000361,actor
1000027,2002079,actor
1000027,2001227,actor
1000027,2000446,actor
1000027,2000784,actor
1000027,2001430,actor
1000028,2001344,actor
1000028,2000024,actor
1000028,2000354,actor
1000028,2001102,actor
1000028,2001130,actor
1000028,2001405,actor
1000029,2002079,actor
1000029,2000796,actor
1000029,2001130,actor
1000029,2001023,actor
1000029,2000534,actor
1000029,2000406,actor
1000030,2001344,actor
1000030,2001819,actor
1000030,2000821,actor
1000030,2001285,actor
1000030,2000497,actor
1000030,2000632,actor
1000031,2001227,actor
1000031,2001495,actor
1000031,2001833,actor
1000031,2001592,actor
1000031,2001855,actor
1000031,2000434,actor
1000032,2000598,actor
1000032,2001232,actor
1000032,2001844,actor
1000032,2001948,actor
1000032,2001605,actor
1000032,2001405,actor
1000033,2000114,actor
1000033,2002207,actor
1000033,2002036,actor
1000033,2001939,actor
1000033,2000498,actor
1000033,2000403,actor
1000034,2001473,actor
1000034,2001341,actor
1000034,2000593,actor
1000034,2001904,actor
1000034,2000756,actor
1000034,2000403,actor
1000035,2002207,actor
1000035,2000920,actor
1000035,2000965,actor
1000035,2001477,actor
1000035,2000317,actor
1000035,2000007,actor
1000036,2000484,actor
1000036,2001122,actor
1000036,2001841,actor
1000036,2000730,actor
1000036,2000400,actor
1000036,2001430,actor
1000037,2000944,actor
1000037,2001204,actor
1000037,2000613,actor
1000037,2001685,actor
1000037,2000465,actor
1000037,2001430,actor
1000038,2001841,actor
1000038,2000532,actor
1000038,2000688,actor
1000038,2000798,actor
1000038,2001104,actor
1000038,2000826,actor
1000039,2000235,actor
1000039,2001898,actor
1000039,2001556,actor
1000039,2000432,actor
1000039,2001640,actor
1000039,2001430,actor
1000040,2000361,actor
1000040,2000821,actor
1000040,2001753,actor
1000040,2002146,actor
1000040,2000291,actor
1000041,2001473,actor
1000041,2001730,actor
1000041,2001685,actor
1000041,2002137,actor
1000041,2000093,actor
1000041,2001036,actor
1000042,2001227,actor
1000042,2001850,actor
1000042,2001363,actor
1000042,2001122,actor
1000042,2000421,actor
1000043,2000930,actor
1000043,2000764,actor
1000043,2001262,actor
1000043,2000571,actor
1000043,2001711,actor
1000043,2000010,actor
1000044,2000064,actor
1000044,2000679,actor
1000044,2000900,actor
1000044,2000761,actor
1000044,2001698,actor
1000044,2000403,actor
1000045,2001841,actor
1000045,2001730,actor
1000045,2000798,actor
1000045,2000330,actor
1000045,2000588,actor
1000045,2001405,actor
1000046,2001850,actor
1000046,2000588,actor
1000046,2000294,actor
1000046,2000765,actor
1000046,2001921,actor
1000046,2000434,actor
1000047,2001847,actor
1000047,2001487,actor
1000047,2002099,actor
1000047,2001006,actor
1000047,2001136,actor
1000048,2002207,actor
1000048,2001375,actor
1000048,2001850,actor
1000048,2001871,actor
1000048,2000497,actor
1000048,2001405,actor
1000049,2000361,actor
1000049,2000024,actor
1000049,2000695,actor
1000049,2000369,actor
1000049,2000938,actor
1000049,2002030,actor
1000050,2001344,actor
1000050,2001375,actor
1000050,2000114,actor
1000050,2001570,actor
1000050,2000311,actor
1000050,2001407,actor
1000051,2001227,actor
1000051,2000588,actor
1000051,2001826,actor
1000051,2000163,actor
1000051,2001533,actor
1000051,2000278,actor
1000052,2000598,actor
1000052,2000270,actor
1000052,2000330,actor
1000052,2001611,actor
1000052,2000778,actor
1000052,2000401,actor
1000053,2002207,actor
1000053,2001473,actor
1000053,2000730,actor
1000053,2000697,actor
1000053,2002017,actor
1000054,2001344,actor
1000054,2000679,actor
1000054,2000673,actor
1000054,2000285,actor
1000054,2000215,actor
1000054,2001430,actor
1000055,2000200,actor
1000055,2000411,actor
1000055,2000338,actor
1000055,2000624,actor
1000055,2000041,actor
1000055,2001036,actor
1000056,2001730,actor
1000056,2000114,actor
1000056,2000169,actor
1000056,2000369,actor
1000056,2001285,actor
1000056,2001430,actor
1000057,2000251,actor
1000057,2000446,actor
1000057,2002079,actor
1000057,2001850,actor
1000057,2000465,actor
1000057,2002021,actor
1000058,2000361,actor
1000058,2001841,actor
1000058,2002146,actor
1000058,2000311,actor
1000058,2001700,actor
1000059,2000024,actor
1000059,2001477,actor
1000059,2000154,actor
1000059,2000246,actor
1000059,2000215,actor
1000059,2001036,actor
1000060,2000588,actor
1000060,2001227,actor
1000060,2001960,actor
1000060,2001814,actor
1000060,2000663,actor
1000060,2001430,actor
1000061,2001715,actor
1000061,2000182,actor
1000061,2000512,actor
1000061,2001844,actor
1000061,2000805,actor
1000061,2001430,actor
1000062,2001976,actor
1000062,2001002,actor
1000062,2000114,actor
1000062,2001543,actor
1000062,2001227,actor
1000062,2001430,actor
1000063,2002154,actor
1000063,2001223,actor
1000063,2000798,actor
1000063,2000688,actor
1000063,2000511,actor
1000063,2001430,actor
1000064,2001868,actor
1000064,2000114,actor
1000064,2001216,actor
1000064,2001446,actor
1000064,2000246,actor
1000064,2001612,actor
1000065,2001344,actor
1000065,2000361,actor
1000065,2000764,actor
1000065,2000086,actor
1000065,2000956,actor
1000065,2001887,actor
1000066,2000484,actor
1000066,2001204,actor
1000066,2002146,actor
1000066,2001826,actor
1000066,2000825,actor
1000066,2002021,actor
1000067,2001735,actor
1000067,2000106,actor
1000067,2000236,actor
1000067,2000102,actor
1000067,2000687,actor
1000067,2002021,actor
1000068,2002154,actor
1000068,2001753,actor
1000068,2001847,actor
1000068,2001845,actor
1000068,2002121,actor
1000069,2000598,actor
1000069,2000235,actor
1000069,2000291,actor
1000069,2001202,actor
1000069,2001965,actor
1000069,2001612,actor
1000070,2000588,actor
1000070,2001223,actor
1000070,2001826,actor
1000070,2000380,actor
1000070,2000246,actor
1000070,2001354,actor
1000071,2001730,actor
1000071,2001341,actor
1000071,2001061,actor
1000071,2000372,actor
1000071,2001410,actor
1000071,2001330,actor
1000072,2000598,actor
1000072,2000730,actor
1000072,2001777,actor
1000072,2001122,actor
1000072,2000082,actor
1000072,2001878,actor
1000073,2001344,actor
1000073,2001251,actor
1000073,2000730,actor
1000073,2000619,actor
1000073,2001958,actor
1000073,2001036,actor
1000074,2000063,actor
1000074,2001958,actor
1000074,2000929,actor
1000074,2000814,actor
1000074,2001701,actor
1000075,2000739,actor
1000075,2000513,actor
1000075,2001326,actor
1000075,2001011,actor
1000075,2001060,actor
1000076,2000204,actor
1000076,2001801,actor
1000076,2000784,actor
1000076,2001988,actor
1000076,2002001,actor
1000076,2001036,actor
1000077,2001368,actor
1000077,2001850,actor
1000077,2001023,actor
1000077,2001700,actor
1000077,2000996,actor
1000077,2002193,actor
1000078,2000138,actor
1000078,2000900,actor
1000078,2001293,actor
1000078,2000863,actor
1000078,2000528,actor
1000078,2000510,actor
1000079,2002154,actor
1000079,2000730,actor
1000079,2001826,actor
1000079,2001671,actor
1000079,2001316,actor
1000079,2001055,actor
1000080,2000512,actor
1000080,2001481,actor
1000080,2000756,actor
1000080,2001123,actor
1000080,2001359,actor
1000080,2002030,actor
1000081,2000227,actor
1000081,2000112,actor
1000081,2000018,actor
1000081,2001731,actor
1000081,2001625,actor
1000081,2002021,actor
1000082,2001481,actor
1000082,2000126,actor
1000082,2002165,actor
1000082,2000879,actor
1000082,2001377,actor
1000082,2001053,actor
1000083,2002098,actor
1000083,2000227,actor
1000083,2001285,actor
1000083,2000041,actor
1000083,2000292,actor
1000083,2001405,actor
1000084,2001227,actor
1000084,2001232,actor
1000084,2000497,actor
1000084,2001178,actor
1000084,2000455,actor
1000084,2002030,actor
1000085,2000673,actor
1000085,2000334,actor
1000085,2000018,actor
1000085,2000078,actor
1000085,2001621,actor
1000085,2002060,actor
1000086,2000354,actor
1000086,2001500,actor
1000086,2000064,actor
1000086,2001717,actor
1000086,2001445,actor
1000086,2000602,actor
1000087,2001847,actor
1000087,2000569,actor
1000087,2000705,actor
1000087,2000173,actor
1000087,2001880,actor
1000087,2000406,actor
1000088,2000361,actor
1000088,2001227,actor
1000088,2000956,actor
1000088,2001472,actor
1000088,2001629,actor
1000088,2001555,actor
1000089,2000581,actor
1000089,2001221,actor
1000089,2001515,actor
1000089,2000294,actor
1000089,2001821,actor
1000089,2000403,actor
1000090,2001375,actor
1000090,2000273,actor
1000090,2001897,actor
1000090,2000117,actor
1000090,2000807,actor
1000090,2001860,actor
1000091,2001187,actor
1000091,2000747,actor
1000091,2001143,actor
1000091,2000621,actor
1000091,2000691,actor
1000091,2000403,actor
1000092,2001921,actor
1000092,2000292,actor
1000092,2001293,actor
1000092,2000141,actor
1000092,2000489,actor
1000092,2001430,actor
1000093,2000892,actor
1000093,2000200,actor
1000093,2000898,actor
1000093,2001130,actor
1000093,2002200,actor
1000093,2001405,actor
1000094,2000064,actor
1000094,2001717,actor
1000094,2001801,actor
1000094,2000285,actor
1000094,2002201,actor
1000094,2001612,actor
1000095,2000920,actor
1000095,2000930,actor
1000095,2000431,actor
1000095,2000097,actor
1000095,2001448,actor
1000095,2001036,actor
1000096,2000944,actor
1000096,2001344,actor
1000096,2001662,actor
1000096,2000200,actor
1000096,2001583,actor
1000096,2000629,actor
1000097,2001850,actor
1000097,2001543,actor
1000097,2001285,actor
1000097,2000041,actor
1000097,2001953,actor
1000097,2001666,actor
1000098,2001375,actor
1000098,2001850,actor
1000098,2000292,actor
1000098,2000400,actor
1000098,2001826,actor
1000098,2001430,actor
1000099,2000138,actor
1000099,2001761,actor
1000099,2002203,actor
1000099,2001456,actor
1000099,2001506,actor
1000099,2001106,actor
1000100,2001730,actor
1000100,2002207,actor
1000100,2001871,actor
1000100,2000114,actor
1000100,2001700,actor
1000100,2001430,actor
1000101,2001730,actor
1000101,2000466,actor
1000101,2001298,actor
1000101,2001123,actor
1000101,2001629,actor
1000101,2000980,actor
1000102,2001894,actor
1000102,2001041,actor
1000102,2001069,actor
1000102,2001153,actor
1000102,2000195,actor
1000102,2001068,actor
1000103,2001473,actor
1000103,2000730,actor
1000103,2001466,actor
1000103,2001223,actor
1000103,2001768,actor
1000103,2001405,actor
1000104,2000354,actor
1000104,2000342,actor
1000104,2000097,actor
1000104,2001556,actor
1000104,2001833,actor
1000104,2000356,actor
1000105,2000077,actor
1000105,2001456,actor
1000105,2001279,actor
1000105,2000693,actor
1000105,2001400,actor
1000105,2001612,actor
1000106,2000233,actor
1000106,2001130,actor
1000106,2000426,actor
1000106,2000252,actor
1000106,2000651,actor
1000106,2001748,actor
1000107,2002048,actor
1000107,2000764,actor
1000107,2001477,actor
1000107,2000712,actor
1000107,2000077,actor
1000107,2001430,actor
1000108,2000730,actor
1000108,2000582,actor
1000108,2001992,actor
1000108,2001178,actor
1000108,2001262,actor
1000108,2001612,actor
1000109,2001729,actor
1000109,2000064,actor
1000109,2000465,actor
1000109,2001319,actor
1000109,2002117,actor
1000109,2001405,actor
1000110,2000024,actor
1000110,2002146,actor
1000110,2001389,actor
1000110,2001319,actor
1000110,2000400,actor
1000110,2001430,actor
1000111,2000138,actor
1000111,2000506,actor
1000111,2000292,actor
1000111,2002137,actor
1000111,2001173,actor
1000111,2000434,actor
1000112,2001481,actor
1000112,2002017,actor
1000112,2000375,actor
1000112,2000149,actor
1000112,2000641,actor
1000112,2001405,actor
1000113,2001340,actor
1000113,2000227,actor
1000113,2001768,actor
1000113,2000421,actor
1000113,2000289,actor
1000113,2002030,actor
1000114,2002207,actor
1000114,2002154,actor
1000114,2000018,actor
1000114,2001408,actor
1000114,2001750,actor
1000114,2000945,actor
1000115,2000941,actor
1000115,2000598,actor
1000115,2001951,actor
1000115,2000679,actor
1000115,2001732,actor
1000115,2000403,actor
1000116,2000930,actor
1000116,2002154,actor
1000116,2000273,actor
1000116,2001629,actor
1000116,2001608,actor
1000116,2001036,actor
1000117,2000484,actor
1000117,2000598,actor
1000117,2000469,actor
1000117,2000347,actor
1000117,2000117,actor
1000117,2001516,actor
1000118,2002079,actor
1000118,2001112,actor
1000118,2000900,actor
1000118,2001932,actor
1000118,2000623,actor
1000119,2001000,actor
1000119,2001847,actor
1000119,2001260,actor
1000119,2000571,actor
1000119,2001663,actor
1000119,2000984,actor
1000120,2001375,actor
1000120,2001570,actor
1000120,2000104,actor
1000120,2000748,actor
1000120,2001298,actor
1000120,2001516,actor
1000121,2001964,actor
1000121,2002098,actor
1000121,2000992,actor
1000121,2000497,actor
1000121,2002146,actor
1000121,2001407,actor
1000122,2001906,actor
1000122,2000688,actor
1000122,2000571,actor
1000122,2001392,actor
1000122,2001499,actor
1000123,2000944,actor
1000123,2001847,actor
1000123,2000796,actor
1000123,2000311,actor
1000123,2000207,actor
1000123,2001405,actor
1000124,2000571,actor
1000124,2000101,actor
1000124,2001123,actor
1000124,2000671,actor
1000124,2001633,actor
1000124,2001430,actor
1000125,2001203,actor
1000125,2001845,actor
1000125,2000097,actor
1000125,2000571,actor
1000125,2000988,actor
1000125,2001430,actor
1000126,2002128,actor
1000126,2000207,actor
1000126,2001550,actor
1000126,2000396,actor
1000126,2001217,actor
1000126,2001405,actor
1000127,2000588,actor
1000127,2000354,actor
1000127,2000446,actor
1000127,2000920,actor
1000127,2001122,actor
1000127,2001430,actor
1000128,2001204,actor
1000128,2000705,actor
1000128,2001665,actor
1000128,2001557,actor
1000128,2001161,actor
1000128,2002021,actor
1000129,2002207,actor
1000129,2000378,actor
1000129,2001444,actor
1000129,2000578,actor
1000129,2001754,actor
1000129,2001430,actor
1000130,2000798,actor
1000130,2000900,actor
1000130,2001629,actor
1000130,2000489,actor
1000130,2001840,actor
1000130,2001612,actor
1000131,2000112,actor
1000131,2000588,actor
1000131,2001847,actor
1000131,2001122,actor
1000131,2001685,actor
1000132,2001404,actor
1000132,2000627,actor
1000132,2001363,actor
1000132,2001758,actor
1000132,2000523,actor
1000132,2001020,actor
1000133,2000900,actor
1000133,2002083,actor
1000133,2000506,actor
1000133,2000697,actor
1000133,2000382,actor
1000133,2001036,actor
1000134,2001730,actor
1000134,2000114,actor
1000134,2001205,actor
1000134,2001079,actor
1000134,2001023,actor
1000134,2000006,actor
1000135,2000047,actor
1000135,2000098,actor
1000135,2000315,actor
1000135,2000355,actor
1000135,2000439,actor
1000136,2002207,actor
1000136,2002127,actor
1000136,2000531,actor
1000136,2000114,actor
1000136,2001700,actor
1000136,2001430,actor
1000137,2000829,actor
1000137,2000235,actor
1000137,2000506,actor
1000137,2000663,actor
1000137,2001491,actor
1000137,2001628,actor
1000138,2002079,actor
1000138,2001368,actor
1000138,2001787,actor
1000138,2002033,actor
1000138,2000603,actor
1000138,2000551,actor
1000139,2000089,actor
1000139,2001389,actor
1000139,2000772,actor
1000139,2001859,actor
1000139,2000400,actor
1000139,2002030,actor
1000140,2001481,actor
1000140,2001826,actor
1000140,2001035,actor
1000140,2001587,actor
1000140,2000956,actor
1000140,2001887,actor
1000141,2001735,actor
1000141,2001368,actor
1000141,2000193,actor
1000141,2001981,actor
1000141,2000414,actor
1000141,2000185,actor
1000142,2000588,actor
1000142,2000446,actor
1000142,2000354,actor
1000142,2001543,actor
1000142,2001122,actor
1000143,2000571,actor
1000143,2001373,actor
1000143,2001240,actor
1000143,2000977,actor
1000143,2001123,actor
1000143,2000185,actor
1000144,2001729,actor
1000144,2000361,actor
1000144,2002128,actor
1000144,2000505,actor
1000144,2001652,actor
1000144,2000162,actor
1000145,2001964,actor
1000145,2001700,actor
1000145,2000273,actor
1000145,2000907,actor
1000145,2001138,actor
1000145,2001430,actor
1000146,2001227,actor
1000146,2000503,actor
1000146,2001925,actor
1000146,2001903,actor
1000146,2002099,actor
1000146,2000034,actor
1000147,2000764,actor
1000147,2001285,actor
1000147,2001205,actor
1000147,2000716,actor
1000147,2000590,actor
1000147,2000403,actor
1000148,2002154,actor
1000148,2001613,actor
1000148,2001826,actor
1000148,2001700,actor
1000148,2001369,actor
1000148,2000185,actor
1000149,2000679,actor
1000149,2001061,actor
1000149,2001173,actor
1000149,2000747,actor
1000149,2001767,actor
1000149,2001106,actor
1000150,2000571,actor
1000150,2000235,actor
1000150,2000512,actor
1000150,2001231,actor
1000150,2000956,actor
1000150,2001620,actor
1000151,2000112,actor
1000151,2000344,actor
1000151,2000298,actor
1000151,2001807,actor
1000151,2001280,actor
1000151,2001887,actor
1000152,2001368,actor
1000152,2001069,actor
1000152,2000506,actor
1000152,2001872,actor
1000152,2001629,actor
1000152,2001036,actor
1000153,2000944,actor
1000153,2000024,actor
1000153,2000796,actor
1000153,2001507,actor
1000153,2001491,actor
1000153,2002030,actor
1000154,2000064,actor
1000154,2002128,actor
1000154,2001293,actor
1000154,2000138,actor
1000154,2000298,actor
1000154,2000644,actor
1000155,2000941,actor
1000155,2001102,actor
1000155,2001795,actor
1000155,2001529,actor
1000155,2000543,actor
1000155,2000403,actor
1000156,2000024,actor
1000156,2000974,actor
1000156,2001812,actor
1000156,2000822,actor
1000156,2001375,actor
1000156,2000181,actor
1000157,2000569,actor
1000157,2001607,actor
1000157,2000772,actor
1000157,2001153,actor
1000157,2000250,actor
1000157,2000574,actor
1000158,2000484,actor
1000158,2000182,actor
1000158,2001104,actor
1000158,2000672,actor
1000158,2000077,actor
1000158,2000046,actor
1000159,2000446,actor
1000159,2000588,actor
1000159,2000617,actor
1000159,2001900,actor
1000159,2001660,actor
1000160,2001031,actor
1000160,2001293,actor
1000160,2001389,actor
1000160,2000756,actor
1000160,2000154,actor
1000160,2001036,actor
1000161,2000829,actor
1000161,2001035,actor
1000161,2001420,actor
1000161,2001238,actor
1000161,2000709,actor
1000161,2001330,actor
1000162,2000505,actor
1000162,2000089,actor
1000162,2000360,actor
1000162,2000466,actor
1000162,2001204,actor
1000162,2002021,actor
1000163,2001483,actor
1000163,2001382,actor
1000163,2000334,actor
1000163,2000154,actor
1000163,2000506,actor
1000163,2000682,actor
1000164,2000598,actor
1000164,2001319,actor
1000164,2001543,actor
1000164,2001826,actor
1000164,2000956,actor
1000164,2000585,actor
1000165,2001481,actor
1000165,2000292,actor
1000165,2000651,actor
1000165,2000088,actor
1000165,2000543,actor
1000166,2000024,actor
1000166,2000369,actor
1000166,2002128,actor
1000166,2000292,actor
1000166,2000207,actor
1000166,2001889,actor
1000167,2000954,actor
1000167,2001592,actor
1000167,2001821,actor
1000167,2001167,actor
1000167,2000767,actor
1000167,2000403,actor
1000168,2001100,actor
1000168,2000688,actor
1000168,2001354,actor
1000168,2000805,actor
1000168,2001369,actor
1000168,2000945,actor
1000169,2001509,actor
1000169,2001790,actor
1000169,2001950,actor
1000169,2001109,actor
1000169,2002170,actor
1000170,2001613,actor
1000170,2000233,actor
1000170,2000784,actor
1000170,2001483,actor
1000170,2002067,actor
1000170,2001430,actor
1000171,2002079,actor
1000171,2000200,actor
1000171,2002138,actor
1000171,2000326,actor
1000171,2000688,actor
1000171,2002030,actor
1000172,2000581,actor
1000172,2001122,actor
1000172,2000693,actor
1000172,2001168,actor
1000172,2001038,actor
1000172,2000631,actor
1000173,2000679,actor
1000173,2001047,actor
1000173,2000400,actor
1000173,2000097,actor
1000173,2001719,actor
1000173,2002021,actor
1000174,2000268,actor
1000174,2000171,actor
1000174,2000505,actor
1000174,2001512,actor
1000174,2000879,actor
1000174,2000008,actor
1000175,2000064,actor
1000175,2000235,actor
1000175,2000616,actor
1000175,2000515,actor
1000175,2000528,actor
1000175,2001405,actor
1000176,2001964,actor
1000176,2000114,actor
1000176,2001041,actor
1000176,2000617,actor
1000176,2000571,actor
1000177,2001041,actor
1000177,2001404,actor
1000177,2000268,actor
1000177,2001118,actor
1000177,2000029,actor
1000177,2001430,actor
1000178,2001122,actor
1000178,2000767,actor
1000178,2002147,actor
1000178,2000999,actor
1000178,2000792,actor
1000178,2001036,actor
1000179,2000182,actor
1000179,2001777,actor
1000179,2000765,actor
1000179,2000189,actor
1000179,2001736,actor
1000179,2001036,actor
1000180,2001069,actor
1000180,2000036,actor
1000180,2000706,actor
1000180,2000298,actor
1000180,2001671,actor
1000180,2001036,actor
1000181,2001921,actor
1000181,2001103,actor
1000181,2000765,actor
1000181,2000485,actor
1000181,2001049,actor
1000181,2002021,actor
1000182,2000233,actor
1000182,2000273,actor
1000182,2000900,actor
1000182,2000338,actor
1000182,2000466,actor
1000182,2002021,actor
1000183,2000892,actor
1000183,2001662,actor
1000183,2000260,actor
1000183,2001271,actor
1000183,2000320,actor
1000183,2001354,actor
1000184,2002079,actor
1000184,2001871,actor
1000184,2001604,actor
1000184,2000368,actor
1000184,2000400,actor
1000184,2002030,actor
1000185,2000346,actor
1000185,2001031,actor
1000185,2000908,actor
1000185,2000281,actor
1000185,2001836,actor
1000185,2000945,actor
1000186,2001580,actor
1000186,2001847,actor
1000186,2001515,actor
1000186,2001768,actor
1000186,2001300,actor
1000186,2000916,actor
1000187,2001375,actor
1000187,2001031,actor
1000187,2000969,actor
1000187,2001420,actor
1000187,2001629,actor
1000187,2002020,actor
1000188,2000892,actor
1000188,2001850,actor
1000188,2002146,actor
1000188,2001903,actor
1000188,2000266,actor
1000188,2001430,actor
1000189,2002079,actor
1000189,2001583,actor
1000189,2000798,actor
1000189,2000273,actor
1000189,2001162,actor
1000189,2000564,actor
1000190,2000598,actor
1000190,2000149,actor
1000190,2002108,actor
1000190,2001978,actor
1000190,2001163,actor
1000190,2000553,actor
1000191,2000361,actor
1000191,2000829,actor
1000191,2001931,actor
1000191,2000273,actor
1000191,2000492,actor
1000191,2001887,actor
1000192,2000926,actor
1000192,2000225,actor
1000192,2000303,actor
1000192,2002161,actor
1000192,2001953,actor
1000193,2000227,actor
1000193,2001182,actor
1000193,2001903,actor
1000193,2001948,actor
1000193,2001960,actor
1000193,2001418,actor
1000194,2001826,actor
1000194,2001894,actor
1000194,2001466,actor
1000194,2001897,actor
1000194,2000430,actor
1000194,2001612,actor
1000195,2000233,actor
1000195,2000829,actor
1000195,2001216,actor
1000195,2001035,actor
1000195,2001837,actor
1000195,2001430,actor
1000196,2001473,actor
1000196,2001031,actor
1000196,2001375,actor
1000196,2000835,actor
1000196,2000369,actor
1000196,2001430,actor
1000197,2001871,actor
1000197,2000171,actor
1000197,2001943,actor
1000197,2001592,actor
1000197,2001446,actor
1000198,2001102,actor
1000198,2000112,actor
1000198,2000877,actor
1000198,2000166,actor
1000198,2000765,actor
1000198,2001430,actor
1000199,2000064,actor
1000199,2000730,actor
1000199,2000375,actor
1000199,2002016,actor
1000199,2000386,actor
1000199,2001887,actor
1000200,2000227,actor
1000200,2001483,actor
1000200,2001711,actor
1000200,2000671,actor
1000200,2001359,actor
1000200,2000389,actor
1000201,2001927,actor
1000201,2000530,actor
1000201,2001130,actor
1000201,2000097,actor
1000201,2001897,actor
1000201,2001052,actor
1000202,2000044,actor
1000202,2001354,actor
1000202,2002010,actor
1000202,2001880,actor
1000202,2000400,actor
1000202,2000570,actor
1000203,2000651,actor
1000203,2001251,actor
1000203,2001850,actor
1000203,2002121,actor
1000203,2000390,actor
1000203,2001888,actor
1000204,2001368,actor
1000204,2000182,actor
1000204,2001652,actor
1000204,2001587,actor
1000204,2001996,actor
1000204,2002031,actor
1000205,2000011,actor
1000205,2000014,actor
1000206,2000571,actor
1000206,2000235,actor
1000206,2001231,actor
1000206,2000879,actor
1000206,2000751,actor
1000206,2001110,actor
1000207,2000182,actor
1000207,2000539,actor
1000207,2001785,actor
1000207,2001132,actor
1000207,2000684,actor
1000207,2002171,actor
1000208,2001227,actor
1000208,2001868,actor
1000208,2001446,actor
1000208,2000591,actor
1000208,2001499,actor
1000209,2001583,actor
1000209,2001759,actor
1000209,2001321,actor
1000209,2000089,actor
1000209,2001570,actor
1000209,2000185,actor
1000210,2001232,actor
1000210,2000712,actor
1000210,2001592,actor
1000210,2000748,actor
1000210,2001202,actor
1000210,2001430,actor
1000211,2000944,actor
1000211,2000764,actor
1000211,2001664,actor
1000211,2000417,actor
1000211,2001912,actor
1000211,2001330,actor
1000212,2001035,actor
1000212,2000808,actor
1000212,2002146,actor
1000212,2002161,actor
1000212,2002053,actor
1000212,2001620,actor
1000213,2001753,actor
1000213,2001375,actor
1000213,2000874,actor
1000213,2000207,actor
1000213,2000467,actor
1000213,2001430,actor
1000214,2001921,actor
1000214,2001221,actor
1000214,2000372,actor
1000214,2000534,actor
1000214,2000996,actor
1000214,2001405,actor
1000215,2000892,actor
1000215,2001583,actor
1000215,2000506,actor
1000215,2001685,actor
1000215,2001285,actor
1000215,2000585,actor
1000216,2000581,actor
1000216,2001041,actor
1000216,2000730,actor
1000216,2000246,actor
1000216,2001735,actor
1000216,2001407,actor
1000217,2002161,actor
1000217,2000542,actor
1000217,2000248,actor
1000217,2001728,actor
1000217,2001781,actor
1000217,2002021,actor
1000218,2001850,actor
1000218,2001375,actor
1000218,2000235,actor
1000218,2001185,actor
1000218,2000246,actor
1000218,2002021,actor
1000219,2002079,actor
1000219,2002083,actor
1000219,2000524,actor
1000219,2000536,actor
1000219,2001682,actor
1000219,2001405,actor
1000220,2001100,actor
1000220,2000954,actor
1000220,2000273,actor
1000220,2000571,actor
1000220,2000861,actor
1000220,2000033,actor
1000221,2000196,actor
1000221,2001179,actor
1000221,2001977,actor
1000221,2001189,actor
1000221,2001210,actor
1000222,2000920,actor
1000222,2000364,actor
1000222,2000511,actor
1000222,2001946,actor
1000222,2000768,actor
1000222,2002030,actor
1000223,2000892,actor
1000223,2001368,actor
1000223,2001216,actor
1000223,2001826,actor
1000223,2000724,actor
1000223,2001430,actor
1000224,2001850,actor
1000224,2000292,actor
1000224,2000338,actor
1000224,2001270,actor
1000224,2001551,actor
1000224,2001405,actor
1000225,2001858,actor
1000225,2001094,actor
1000225,2000340,actor
1000225,2000443,actor
1000225,2001013,actor
1000226,2000024,actor
1000226,2002128,actor
1000226,2001730,actor
1000226,2000235,actor
1000226,2002108,actor
1000226,2001430,actor
1000227,2000268,actor
1000227,2000292,actor
1000227,2000688,actor
1000227,2001844,actor
1000227,2000369,actor
1000227,2001405,actor
1000228,2000892,actor
1000228,2001543,actor
1000228,2000695,actor
1000228,2000763,actor
1000228,2000879,actor
1000228,2002031,actor
1000229,2001368,actor
1000229,2001871,actor
1000229,2000506,actor
1000229,2000616,actor
1000229,2001125,actor
1000230,2000288,actor
1000230,2000060,actor
1000230,2000171,actor
1000230,2000088,actor
1000230,2002144,actor
1000230,2001430,actor
1000231,2001850,actor
1000231,2001988,actor
1000231,2000784,actor
1000231,2000149,actor
1000231,2000663,actor
1000231,2000998,actor
1000232,2000730,actor
1000232,2001375,actor
1000232,2001588,actor
1000232,2001391,actor
1000232,2000174,actor
1000232,2001045,actor
1000233,2001069,actor
1000233,2001414,actor
1000233,2001769,actor
1000233,2000456,actor
1000233,2001689,actor
1000233,2001405,actor
1000234,2001328,actor
1000234,2002007,actor
1000234,2000410,actor
1000234,2001204,actor
1000234,2000064,actor
1000234,2000403,actor
1000235,2001847,actor
1000235,2001368,actor
1000235,2001216,actor
1000235,2001178,actor
1000235,2001441,actor
1000236,2001886,actor
1000236,2001125,actor
1000236,2000327,actor
1000236,2000407,actor
1000236,2001706,actor
1000237,2001509,actor
1000237,2000350,actor
1000237,2001094,actor
1000237,2002164,actor
1000237,2001097,actor
1000238,2001227,actor
1000238,2000246,actor
1000238,2001373,actor
1000238,2000512,actor
1000238,2000900,actor
1000238,2000510,actor
1000239,2000581,actor
1000239,2001375,actor
1000239,2001939,actor
1000239,2001495,actor
1000239,2000130,actor
1000239,2000403,actor
1000240,2000764,actor
1000240,2000976,actor
1000240,2001262,actor
1000240,2000571,actor
1000240,2001515,actor
1000240,2000585,actor
1000241,2001473,actor
1000241,2001112,actor
1000241,2000235,actor
1000241,2000230,actor
1000241,2000716,actor
1000241,2001405,actor
1000242,2001367,actor
1000242,2001329,actor
1000242,2002129,actor
1000242,2002170,actor
1000242,2001704,actor
1000243,2002098,actor
1000243,2000086,actor
1000243,2000705,actor
1000243,2001205,actor
1000243,2000598,actor
1000243,2001354,actor
1000244,2001677,actor
1000244,2000926,actor
1000244,2000102,actor
1000244,2000323,actor
1000244,2000803,actor
1000244,2000851,actor
1000245,2000233,actor
1000245,2000372,actor
1000245,2002160,actor
1000245,2001988,actor
1000245,2001285,actor
1000245,2000403,actor
1000246,2002039,actor
1000246,2001879,actor
1000246,2002062,actor
1000246,2000982,actor
1000247,2001223,actor
1000247,2001477,actor
1000247,2001304,actor
1000247,2001715,actor
1000247,2000154,actor
1000247,2000836,actor
1000248,2000892,actor
1000248,2001613,actor
1000248,2000505,actor
1000248,2000979,actor
1000248,2002179,actor
1000248,2000143,actor
1000249,2002121,actor
1000249,2000326,actor
1000249,2001570,actor
1000249,2000141,actor
1000249,2000815,actor
1000249,2000585,actor
1000250,2001367,actor
1000250,2001329,actor
1000250,2000474,actor
1000250,2002170,actor
1000250,2001704,actor
1000251,2002048,actor
1000251,2000978,actor
1000251,2000672,actor
1000251,2001735,actor
1000251,2001988,actor
1000251,2002021,actor
1000252,2001122,actor
1000252,2000624,actor
1000252,2000338,actor
1000252,2000171,actor
1000252,2000557,actor
1000252,2001935,actor
1000253,2001100,actor
1000253,2000617,actor
1000253,2001801,actor
1000253,2001285,actor
1000253,2001375,actor
1000253,2000849,actor
1000254,2000598,actor
1000254,2001690,actor
1000254,2001129,actor
1000254,2001967,actor
1000254,2000583,actor
1000254,2001430,actor
1000255,2001662,actor
1000255,2001730,actor
1000255,2000798,actor
1000255,2001251,actor
1000255,2001700,actor
1000255,2001430,actor
1000256,2000976,actor
1000256,2001130,actor
1000256,2001145,actor
1000256,2002078,actor
1000256,2000323,actor
1000256,2000888,actor
1000257,2000581,actor
1000257,2001903,actor
1000257,2001290,actor
1000257,2000576,actor
1000257,2001405,actor
1000257,2001945,actor
1000258,2001041,actor
1000258,2001262,actor
1000258,2000298,actor
1000258,2001158,actor
1000258,2001776,actor
1000258,2001332,actor
1000259,2001850,actor
1000259,2000941,actor
1000259,2000784,actor
1000259,2000097,actor
1000259,2000323,actor
1000259,2001036,actor
1000260,2000581,actor
1000260,2001129,actor
1000260,2000506,actor
1000260,2001446,actor
1000260,2000907,actor
1000260,2001036,actor
1000261,2000627,actor
1000261,2001205,actor
1000261,2001844,actor
1000261,2000665,actor
1000261,2001349,actor
1000261,2001019,actor
1000262,2001425,actor
1000262,2001216,actor
1000262,2000765,actor
1000262,2001439,actor
1000262,2002134,actor
1000262,2002021,actor
1000263,2001375,actor
1000263,2000281,actor
1000263,2000805,actor
1000263,2000767,actor
1000263,2000555,actor
1000263,2002157,actor
1000264,2001262,actor
1000264,2001717,actor
1000264,2001460,actor
1000264,2000992,actor
1000264,2001325,actor
1000264,2000046,actor
1000265,2001964,actor
1000265,2000225,actor
1000265,2000765,actor
1000265,2000671,actor
1000265,2001832,actor
1000265,2001430,actor
1000266,2000465,actor
1000266,2001000,actor
1000266,2000018,actor
1000266,2002199,actor
1000266,2001913,actor
1000267,2001061,actor
1000267,2001850,actor
1000267,2002108,actor
1000267,2000149,actor
1000267,2000671,actor
1000267,2001516,actor
1000268,2000892,actor
1000268,2000557,actor
1000268,2000671,actor
1000268,2001855,actor
1000268,2001967,actor
1000268,2001430,actor
1000269,2001613,actor
1000269,2000251,actor
1000269,2000841,actor
1000269,2000506,actor
1000269,2000416,actor
1000269,2001911,actor
1000270,2000405,actor
1000270,2001461,actor
1000270,2000458,actor
1000270,2000811,actor
1000270,2000055,actor
1000271,2000969,actor
1000271,2000235,actor
1000271,2001125,actor
1000271,2001970,actor
1000271,2000668,actor
1000271,2001430,actor
1000272,2000870,actor
1000272,2001614,actor
1000272,2000900,actor
1000272,2000774,actor
1000272,2001717,actor
1000273,2001753,actor
1000273,2001897,actor
1000273,2000590,actor
1000273,2001234,actor
1000273,2001225,actor
1000273,2001612,actor
1000274,2001847,actor
1000274,2001327,actor
1000274,2001542,actor
1000274,2000207,actor
1000274,2000369,actor
1000274,2001405,actor
1000275,2001112,actor
1000275,2001840,actor
1000275,2000487,actor
1000275,2000516,actor
1000275,2000804,actor
1000275,2001430,actor
1000276,2001334,actor
1000276,2000688,actor
1000276,2001538,actor
1000276,2000398,actor
1000276,2001786,actor
1000276,2000585,actor
1000277,2000892,actor
1000277,2001112,actor
1000277,2001285,actor
1000277,2001746,actor
1000277,2001715,actor
1000277,2001489,actor
1000278,2000024,actor
1000278,2001323,actor
1000278,2001327,actor
1000278,2001557,actor
1000278,2002049,actor
1000278,2002021,actor
1000279,2001204,actor
1000279,2001116,actor
1000279,2001677,actor
1000279,2000315,actor
1000279,2001977,actor
1000279,2001330,actor
1000280,2001203,actor
1000280,2000088,actor
1000280,2001285,actor
1000280,2001833,actor
1000280,2000114,actor
1000280,2001405,actor
1000281,2001509,actor
1000281,2000350,actor
1000281,2001094,actor
1000281,2001790,actor
1000281,2000853,actor
1000281,2000608,actor
1000282,2002160,actor
1000282,2000693,actor
1000282,2001475,actor
1000282,2001820,actor
1000282,2002153,actor
1000282,2000837,actor
1000283,2001753,actor
1000283,2002121,actor
1000283,2001608,actor
1000283,2000424,actor
1000283,2001872,actor
1000283,2001825,actor
1000284,2000763,actor
1000284,2000864,actor
1000284,2000273,actor
1000284,2000368,actor
1000284,2000833,actor
1000284,2000188,actor
1000285,2000114,actor
1000285,2000207,actor
1000285,2000506,actor
1000285,2000273,actor
1000285,2001007,actor
1000286,2001509,actor
1000286,2000350,actor
1000286,2001094,actor
1000286,2000853,actor
1000286,2002164,actor
1000287,2001868,actor
1000287,2000893,actor
1000287,2001068,actor
1000287,2000692,actor
1000287,2000298,actor
1000287,2001612,actor
1000288,2000892,actor
1000288,2001221,actor
1000288,2001897,actor
1000288,2002137,actor
1000288,2001123,actor
1000288,2001407,actor
1000289,2000784,actor
1000289,2000571,actor
1000289,2000292,actor
1000289,2000957,actor
1000289,2001345,actor
1000290,2001367,actor
1000290,2001329,actor
1000290,2000474,actor
1000290,2002170,actor
1000290,2001704,actor
1000291,2000695,actor
1000291,2000952,actor
1000291,2000369,actor
1000291,2001778,actor
1000291,2001118,actor
1000291,2001516,actor
1000292,2001334,actor
1000292,2000182,actor
1000292,2000228,actor
1000292,2001059,actor
1000292,2000264,actor
1000292,2001354,actor
1000293,2000340,actor
1000293,2000443,actor
1000293,2001013,actor
1000293,2001858,actor
1000293,2001094,actor
1000294,2000316,actor
1000294,2001700,actor
1000294,2000390,actor
1000294,2000740,actor
1000294,2001534,actor
1000295,2000334,actor
1000295,2001369,actor
1000295,2001131,actor
1000295,2000881,actor
1000295,2001967,actor
1000295,2000630,actor
1000296,2001035,actor
1000296,2000292,actor
1000296,2001579,actor
1000296,2001599,actor
1000296,2001491,actor
1000297,2001375,actor
1000297,2000532,actor
1000297,2000651,actor
1000297,2001700,actor
1000297,2001262,actor
1000297,2001516,actor
1000298,2001613,actor
1000298,2000581,actor
1000298,2000952,actor
1000298,2000077,actor
1000298,2000624,actor
1000298,2001051,actor
1000299,2000024,actor
1000299,2001018,actor
1000299,2001568,actor
1000299,2000506,actor
1000299,2000154,actor
1000299,2000945,actor
1000300,2000730,actor
1000300,2000182,actor
1000300,2001648,actor
1000300,2001693,actor
1000300,2001033,actor
1000300,2001405,actor
1000301,2001964,actor
1000301,2000705,actor
1000301,2000588,actor
1000301,2001543,actor
1000301,2001391,actor
1000301,2000403,actor
1000302,2000598,actor
1000302,2000274,actor
1000302,2001608,actor
1000302,2001352,actor
1000302,2001003,actor
1000302,2001430,actor
1000303,2000138,actor
1000303,2001153,actor
1000303,2001336,actor
1000303,2000697,actor
1000303,2000414,actor
1000303,2001430,actor
1000304,2001729,actor
1000304,2000169,actor
1000304,2001960,actor
1000304,2001883,actor
1000304,2000464,actor
1000304,2002030,actor
1000305,2001903,actor
1000305,2000907,actor
1000305,2000097,actor
1000305,2001129,actor
1000305,2001615,actor
1000305,2002158,actor
1000306,2001316,actor
1000306,2001580,actor
1000306,2001389,actor
1000306,2001652,actor
1000306,2000424,actor
1000306,2001430,actor
1000307,2000598,actor
1000307,2000334,actor
1000307,2001446,actor
1000307,2001948,actor
1000307,2001872,actor
1000307,2000434,actor
1000308,2001729,actor
1000308,2001130,actor
1000308,2000506,actor
1000308,2000256,actor
1000308,2001859,actor
1000309,2001031,actor
1000309,2001650,actor
1000309,2000065,actor
1000309,2000064,actor
1000309,2000925,actor
1000309,2002030,actor
1000310,2001730,actor
1000310,2001389,actor
1000310,2000696,actor
1000310,2000506,actor
1000310,2000201,actor
1000310,2001354,actor
1000311,2001833,actor
1000311,2000407,actor
1000311,2002134,actor
1000311,2001745,actor
1000311,2002024,actor
1000312,2000064,actor
1000312,2001939,actor
1000312,2001370,actor
1000312,2000043,actor
1000312,2001591,actor
1000312,2000434,actor
1000313,2000106,actor
1000313,2000672,actor
1000313,2001826,actor
1000313,2000671,actor
1000313,2001629,actor
1000313,2002021,actor
1000314,2001251,actor
1000314,2000182,actor
1000314,2000506,actor
1000314,2000643,actor
1000314,2000588,actor
1000314,2000406,actor
1000315,2001904,actor
1000315,2002187,actor
1000315,2000368,actor
1000315,2001023,actor
1000315,2001669,actor
1000316,2001204,actor
1000316,2001216,actor
1000316,2000620,actor
1000316,2001281,actor
1000316,2001853,actor
1000317,2000064,actor
1000317,2000309,actor
1000317,2000390,actor
1000317,2002126,actor
1000317,2000659,actor
1000318,2001367,actor
1000318,2001329,actor
1000318,2002129,actor
1000318,2002170,actor
1000318,2001704,actor
1000319,2001375,actor
1000319,2001570,actor
1000319,2001543,actor
1000319,2000358,actor
1000319,2001932,actor
1000320,2001251,actor
1000320,2001227,actor
1000320,2000364,actor
1000320,2001715,actor
1000320,2000281,actor
1000320,2000852,actor
1000321,2000756,actor
1000321,2000191,actor
1000321,2001255,actor
1000321,2000785,actor
1000321,2001200,actor
1000321,2001405,actor
1000322,2001730,actor
1000322,2000457,actor
1000322,2000798,actor
1000322,2001629,actor
1000322,2001839,actor
1000322,2001331,actor
1000323,2001729,actor
1000323,2000410,actor
1000323,2001768,actor
1000323,2001777,actor
1000323,2000358,actor
1000323,2000238,actor
1000324,2000512,actor
1000324,2000317,actor
1000324,2000078,actor
1000324,2001601,actor
1000324,2000030,actor
1000324,2000403,actor
1000325,2001344,actor
1000325,2001662,actor
1000325,2000182,actor
1000325,2001877,actor
1000325,2001285,actor
1000325,2000062,actor
1000326,2000321,actor
1000326,2001375,actor
1000326,2000900,actor
1000326,2002009,actor
1000326,2000847,actor
1000326,2000579,actor
1000327,2000089,actor
1000327,2000688,actor
1000327,2000369,actor
1000327,2000590,actor
1000327,2001527,actor
1000328,2000821,actor
1000328,2000900,actor
1000328,2001943,actor
1000328,2000808,actor
1000328,2001795,actor
1000328,2002150,actor
1000329,2001583,actor
1000329,2001898,actor
1000329,2000671,actor
1000329,2001319,actor
1000329,2000285,actor
1000329,2001405,actor
1000330,2001367,actor
1000330,2001329,actor
1000330,2002129,actor
1000330,2002170,actor
1000330,2001704,actor
1000331,2002029,actor
1000331,2000842,actor
1000331,2000593,actor
1000331,2000983,actor
1000332,2001662,actor
1000332,2000200,actor
1000332,2000688,actor
1000332,2000114,actor
1000332,2000246,actor
1000332,2000945,actor
1000333,2001871,actor
1000333,2001881,actor
1000333,2001293,actor
1000333,2001569,actor
1000333,2000161,actor
1000333,2001405,actor
1000334,2001248,actor
1000334,2001061,actor
1000334,2001231,actor
1000334,2001324,actor
1000334,2001564,actor
1000334,2001430,actor
1000335,2001209,actor
1000335,2001650,actor
1000335,2000686,actor
1000335,2001131,actor
1000335,2000415,actor
1000335,2001612,actor
1000336,2000277,actor
1000336,2000866,actor
1000336,2001097,actor
1000336,2001714,actor
1000336,2001075,actor
1000337,2002029,actor
1000337,2000901,actor
1000337,2001348,actor
1000337,2000600,actor
1000338,2000864,actor
1000338,2000171,actor
1000338,2000910,actor
1000338,2000675,actor
1000338,2000803,actor
1000338,2000401,actor
1000339,2000892,actor
1000339,2000829,actor
1000339,2001472,actor
1000339,2000636,actor
1000339,2001920,actor
1000339,2001407,actor
1000340,2000944,actor
1000340,2001580,actor
1000340,2001153,actor
1000340,2001671,actor
1000340,2001718,actor
1000340,2001429,actor
1000341,2000941,actor
1000341,2001650,actor
1000341,2000571,actor
1000341,2000273,actor
1000341,2001700,actor
1000341,2001405,actor
1000342,2000892,actor
1000342,2000764,actor
1000342,2001262,actor
1000342,2001343,actor
1000342,2000591,actor
1000342,2001430,actor
1000343,2000009,actor
1000343,2000981,actor
1000343,2001789,actor
1000344,2001232,actor
1000344,2001227,actor
1000344,2000346,actor
1000344,2001285,actor
1000344,2000369,actor
1000344,2000945,actor
1000345,2001850,actor
1000345,2000954,actor
1000345,2001700,actor
1000345,2001768,actor
1000345,2001023,actor
1000345,2002094,actor
1000346,2000688,actor
1000346,2001963,actor
1000346,2001130,actor
1000346,2001123,actor
1000346,2001262,actor
1000346,2001476,actor
1000347,2001334,actor
1000347,2001112,actor
1000347,2001209,actor
1000347,2000390,actor
1000347,2000660,actor
1000347,2001430,actor
1000348,2000086,actor
1000348,2000410,actor
1000348,2000616,actor
1000348,2000688,actor
1000348,2001606,actor
1000348,2000403,actor
1000349,2000512,actor
1000349,2001570,actor
1000349,2001991,actor
1000349,2000744,actor
1000349,2001665,actor
1000349,2001330,actor
1000350,2001102,actor
1000350,2000673,actor
1000350,2000695,actor
1000350,2000105,actor
1000350,2001864,actor
1000351,2001921,actor
1000351,2001153,actor
1000351,2001389,actor
1000351,2000956,actor
1000351,2000368,actor
1000352,2000361,actor
1000352,2001404,actor
1000352,2000294,actor
1000352,2000065,actor
1000352,2000700,actor
1000352,2001106,actor
1000353,2001344,actor
1000353,2000112,actor
1000353,2001063,actor
1000353,2001091,actor
1000353,2001620,actor
1000353,2000365,actor
1000354,2001031,actor
1000354,2000557,actor
1000354,2000218,actor
1000354,2000400,actor
1000354,2000700,actor
1000354,2001036,actor
1000355,2000009,actor
1000355,2000981,actor
1000355,2001789,actor
1000356,2000944,actor
1000356,2000730,actor
1000356,2000663,actor
1000356,2001633,actor
1000356,2001337,actor
1000356,2001628,actor
1000357,2001598,actor
1000357,2001951,actor
1000357,2001608,actor
1000357,2001285,actor
1000357,2001589,actor
1000357,2001482,actor
1000358,2001232,actor
1000358,2002108,actor
1000358,2000671,actor
1000358,2000777,actor
1000358,2001807,actor
1000358,2001430,actor
1000359,2001927,actor
1000359,2000360,actor
1000359,2000880,actor
1000359,2001591,actor
1000359,2000366,actor
1000359,2002021,actor
1000360,2000505,actor
1000360,2000465,actor
1000360,2001125,actor
1000360,2000619,actor
1000360,2001435,actor
1000360,2001628,actor
1000361,2000227,actor
1000361,2000465,actor
1000361,2000900,actor
1000361,2001685,actor
1000361,2001629,actor
1000361,2001418,actor
1000362,2002165,actor
1000362,2000965,actor
1000362,2000478,actor
1000362,2001749,actor
1000362,2001199,actor
1000362,2001430,actor
1000363,2001122,actor
1000363,2000311,actor
1000363,2000489,actor
1000363,2000694,actor
1000363,2000361,actor
1000363,2000403,actor
1000364,2001035,actor
1000364,2001496,actor
1000364,2000733,actor
1000364,2000767,actor
1000364,2001926,actor
1000364,2000452,actor
1000365,2000580,actor
1000365,2000218,actor
1000365,2001069,actor
1000365,2001661,actor
1000365,2001664,actor
1000365,2000945,actor
1000366,2001232,actor
1000366,2000096,actor
1000366,2001153,actor
1000366,2001795,actor
1000366,2002209,actor
1000366,2001911,actor
1000367,2000059,actor
1000367,2000955,actor
1000367,2001141,actor
1000367,2001384,actor
1000367,2002066,actor
1000368,2001877,actor
1000368,2001717,actor
1000368,2001948,actor
1000368,2001126,actor
1000368,2000101,actor
1000368,2001315,actor
1000369,2001401,actor
1000369,2001767,actor
1000369,2001608,actor
1000369,2000902,actor
1000369,2001920,actor
1000369,2001654,actor
1000370,2001662,actor
1000370,2001894,actor
1000370,2001592,actor
1000370,2000417,actor
1000370,2000400,actor
1000371,2000617,actor
1000371,2000771,actor
1000371,2000815,actor
1000371,2000236,actor
1000371,2001231,actor
1000371,2001036,actor
1000372,2001097,actor
1000372,2000720,actor
1000372,2000040,actor
1000372,2002164,actor
1000372,2000471,actor
1000373,2000580,actor
1000373,2001807,actor
1000373,2001393,actor
1000373,2002178,actor
1000373,2001809,actor
1000373,2000185,actor
1000374,2001850,actor
1000374,2000505,actor
1000374,2001391,actor
1000374,2000774,actor
1000374,2001663,actor
1000374,2002021,actor
1000375,2001368,actor
1000375,2001668,actor
1000375,2000765,actor
1000375,2000956,actor
1000375,2000671,actor
1000375,2001430,actor
1000376,2000581,actor
1000376,2000801,actor
1000376,2000952,actor
1000376,2001319,actor
1000376,2001069,actor
1000376,2000403,actor
1000377,2000204,actor
1000377,2001668,actor
1000377,2000830,actor
1000377,2001657,actor
1000377,2000758,actor
1000377,2001405,actor
1000378,2002121,actor
1000378,2001316,actor
1000378,2000064,actor
1000378,2001249,actor
1000378,2001182,actor
1000378,2000197,actor
1000379,2001509,actor
1000380,2000484,actor
1000380,2001472,actor
1000380,2000543,actor
1000380,2000285,actor
1000380,2001352,actor
1000381,2001109,actor
1000381,2001735,actor
1000381,2000474,actor
1000381,2001094,actor
1000381,2002006,actor
1000382,2001871,actor
1000382,2000688,actor
1000382,2001974,actor
1000382,2000070,actor
1000382,2001306,actor
1000382,2000850,actor
1000383,2002061,actor
1000383,2002042,actor
1000383,2001192,actor
1000384,2000598,actor
1000384,2001854,actor
1000384,2000238,actor
1000384,2001884,actor
1000384,2000037,actor
1000384,2001430,actor
1000385,2001753,actor
1000385,2000200,actor
1000385,2001102,actor
1000385,2001391,actor
1000385,2001687,actor
1000385,2000033,actor
1000386,2000930,actor
1000386,2000410,actor
1000386,2000314,actor
1000386,2001992,actor
1000386,2001029,actor
1000386,2000736,actor
1000387,2001367,actor
1000388,2000918,actor
1000388,2000240,actor
1000388,2000333,actor
1000388,2000447,actor
1000388,2002019,actor
1000389,2000484,actor
1000389,2001368,actor
1000389,2001570,actor
1000389,2001960,actor
1000389,2000242,actor
1000389,2001405,actor
1000390,2002121,actor
1000390,2000532,actor
1000390,2002147,actor
1000390,2000711,actor
1000390,2001807,actor
1000390,2000434,actor
1000391,2000766,actor
1000391,2001145,actor
1000391,2000653,actor
1000391,2001214,actor
1000391,2001154,actor
1000391,2001887,actor
1000392,2000704,actor
1000392,2001334,actor
1000392,2001321,actor
1000392,2000666,actor
1000392,2000728,actor
1000392,2000008,actor
1000393,2001543,actor
1000393,2001368,actor
1000393,2000101,actor
1000393,2000803,actor
1000393,2001080,actor
1000393,2002021,actor
1000394,2000200,actor
1000394,2001939,actor
1000394,2001713,actor
1000394,2001606,actor
1000394,2000783,actor
1000394,2000434,actor
1000395,2001205,actor
1000395,2001927,actor
1000395,2001747,actor
1000395,2000751,actor
1000395,2002052,actor
1000395,2000788,actor
1000396,2001410,actor
1000396,2000693,actor
1000396,2001499,actor
1000396,2002010,actor
1000396,2001560,actor
1000396,2000185,actor
1000397,2000268,actor
1000397,2000346,actor
1000397,2001960,actor
1000397,2001948,actor
1000397,2000256,actor
1000397,2001208,actor
1000398,2000044,actor
1000398,2002081,actor
1000398,2002185,actor
1000398,2001956,actor
1000398,2000545,actor
1000398,2000403,actor
1000399,2000879,actor
1000399,2001799,actor
1000399,2001602,actor
1000399,2001074,actor
1000399,2000787,actor
1000399,2001887,actor
1000400,2000494,actor
1000400,2001184,actor
1000400,2001494,actor
1000400,2001455,actor
1000401,2001850,actor
1000401,2000800,actor
1000401,2001776,actor
1000401,2001919,actor
1000401,2001369,actor
1000401,2002021,actor
1000402,2001662,actor
1000402,2000106,actor
1000402,2000671,actor
1000402,2001326,actor
1000402,2000536,actor
1000402,2000403,actor
1000403,2001939,actor
1000403,2001562,actor
1000403,2001031,actor
1000403,2001912,actor
1000403,2000747,actor
1000404,2000699,actor
1000404,2000220,actor
1000404,2001245,actor
1000404,2000755,actor
1000404,2000703,actor
1000405,2000557,actor
1000405,2000312,actor
1000405,2001119,actor
1000405,2001304,actor
1000405,2001862,actor
1000405,2000100,actor
1000406,2001319,actor
1000406,2001196,actor
1000406,2001959,actor
1000406,2001492,actor
1000406,2000087,actor
1000406,2001887,actor
1000407,2001650,actor
1000407,2000469,actor
1000407,2001700,actor
1000407,2001301,actor
1000407,2000946,actor
1000408,2001275,actor
1000408,2001191,actor
1000408,2000316,actor
1000408,2002044,actor
1000408,2001760,actor
1000408,2000160,actor
1000409,2001375,actor
1000409,2001216,actor
1000409,2001685,actor
1000409,2001951,actor
1000409,2000492,actor
1000409,2001036,actor
1000410,2000277,actor
1000410,2001452,actor
1000410,2000367,actor
1000410,2001681,actor
1000410,2001509,actor
1000411,2002098,actor
1000411,2000892,actor
1000411,2001939,actor
1000411,2001202,actor
1000411,2002153,actor
1000411,2001513,actor
1000412,2000171,actor
1000412,2001212,actor
1000412,2001205,actor
1000412,2001422,actor
1000412,2001319,actor
1000412,2000595,actor
1000413,2001240,actor
1000413,2000952,actor
1000413,2001415,actor
1000413,2002209,actor
1000413,2000419,actor
1000414,2001097,actor
1000414,2000720,actor
1000414,2000040,actor
1000414,2002164,actor
1000414,2000471,actor
1000415,2001102,actor
1000415,2001762,actor
1000415,2001702,actor
1000415,2000372,actor
1000415,2000078,actor
1000415,2001036,actor
1000416,2000569,actor
1000416,2000695,actor
1000416,2000756,actor
1000416,2001499,actor
1000416,2001120,actor
1000417,2000268,actor
1000417,2001369,actor
1000417,2001231,actor
1000417,2000863,actor
1000417,2001651,actor
1000417,2000046,actor
1000418,2000138,actor
1000418,2001477,actor
1000418,2001486,actor
1000418,2000900,actor
1000418,2001711,actor
1000418,2001399,actor
1000419,2000952,actor
1000419,2001196,actor
1000419,2001651,actor
1000419,2001135,actor
1000419,2001776,actor
1000419,2001612,actor
1000420,2001767,actor
1000420,2000036,actor
1000420,2001341,actor
1000420,2000506,actor
1000420,2000097,actor
1000420,2000185,actor
1000421,2000082,actor
1000421,2000292,actor
1000421,2001196,actor
1000421,2000756,actor
1000421,2000507,actor
1000421,2002021,actor
1000422,2000012,actor
1000422,2001130,actor
1000422,2001262,actor
1000422,2001285,actor
1000422,2001897,actor
1000422,2000090,actor
1000423,2001730,actor
1000423,2000200,actor
1000423,2000417,actor
1000423,2000688,actor
1000423,2000717,actor
1000423,2000178,actor
1000424,2001499,actor
1000424,2000321,actor
1000424,2000085,actor
1000424,2001226,actor
1000424,2000536,actor
1000425,2001446,actor
1000425,2000506,actor
1000425,2001160,actor
1000425,2001546,actor
1000425,2000204,actor
1000426,2000870,actor
1000426,2001398,actor
1000426,2001279,actor
1000426,2001202,actor
1000426,2002053,actor
1000427,2000614,actor
1000427,2001968,actor
1000427,2001679,actor
1000427,2001464,actor
1000427,2000329,actor
1000428,2000268,actor
1000428,2000624,actor
1000428,2001952,actor
1000428,2001934,actor
1000428,2001844,actor
1000428,2002100,actor
1000429,2001821,actor
1000429,2002037,actor
1000429,2000449,actor
1000429,2000261,actor
1000429,2000571,actor
1000429,2000403,actor
1000430,2000044,actor
1000430,2002124,actor
1000430,2001844,actor
1000430,2000118,actor
1000430,2000239,actor
1000431,2000277,actor
1000431,2001543,actor
1000431,2000149,actor
1000431,2000323,actor
1000431,2001013,actor
1000432,2001580,actor
1000432,2001205,actor
1000432,2001285,actor
1000432,2000756,actor
1000432,2000562,actor
1000432,2001115,actor
1000433,2001650,actor
1000433,2001806,actor
1000433,2000889,actor
1000433,2001311,actor
1000433,2000558,actor
1000433,2002054,actor
1000434,2002075,actor
1000434,2000990,actor
1000434,2001554,actor
1000434,2000541,actor
1000434,2001147,actor
1000434,2000560,actor
1000435,2001741,actor
1000435,2001376,actor
1000435,2001994,actor
1000435,2001027,actor
1000435,2001733,actor
1000436,2001873,actor
1000436,2000838,actor
1000436,2001076,actor
1000436,2000215,actor
1000436,2000482,actor
1000436,2000552,actor
1000437,2001109,actor
1000437,2000340,actor
1000437,2001782,actor
1000437,2001735,actor
1000437,2001094,actor
1000438,2000688,actor
1000438,2000117,actor
1000438,2001231,actor
1000438,2001736,actor
1000438,2000777,actor
1000438,2000185,actor
1000439,2000582,actor
1000439,2000096,actor
1000439,2000590,actor
1000439,2000410,actor
1000439,2001057,actor
1000439,2001052,actor
1000440,2001690,actor
1000440,2001735,actor
1000440,2000274,actor
1000440,2001953,actor
1000440,2001795,actor
1000440,2001654,actor
1000441,2001692,actor
1000442,2002002,actor
1000442,2001097,actor
1000442,2001305,actor
1000442,2001181,actor
1000442,2001756,actor
1000443,2001598,actor
1000443,2000111,actor
1000443,2001711,actor
1000443,2000019,actor
1000443,2000409,actor
1000443,2000194,actor
1000444,2000364,actor
1000444,2001164,actor
1000444,2001844,actor
1000444,2000678,actor
1000444,2000090,actor
1000444,2001405,actor
1000445,2002007,actor
1000445,2001444,actor
1000445,2000643,actor
1000445,2002065,actor
1000445,2002073,actor
1000446,2000292,actor
1000446,2001196,actor
1000446,2001943,actor
1000446,2001924,actor
1000446,2000483,actor
1000446,2002204,actor
1000447,2001900,actor
1000447,2001187,actor
1000447,2000779,actor
1000447,2000165,actor
1000447,2000487,actor
1000447,2001043,actor
1000448,2000614,actor
1000448,2001782,actor
1000448,2002014,actor
1000448,2000336,actor
1000448,2001670,actor
1000449,2000965,actor
1000449,2001570,actor
1000449,2000154,actor
1000449,2000748,actor
1000449,2001859,actor
1000450,2001000,actor
1000450,2001446,actor
1000450,2001298,actor
1000450,2001865,actor
1000450,2001160,actor
1000450,2000550,actor
1000451,2000864,actor
1000451,2001903,actor
1000451,2001890,actor
1000451,2001922,actor
1000451,2001843,actor
1000451,2000556,actor
1000452,2001100,actor
1000452,2000952,actor
1000452,2000638,actor
1000452,2000925,actor
1000452,2000382,actor
1000452,2000682,actor
1000453,2001097,actor
1000453,2001094,actor
1000453,2001679,actor
1000454,2000942,actor
1000454,2001298,actor
1000454,2002137,actor
1000454,2001661,actor
1000454,2001502,actor
1000454,2001036,actor
1000455,2001477,actor
1000455,2000298,actor
1000455,2000863,actor
1000455,2001085,actor
1000455,2001325,actor
1000455,2001482,actor
1000456,2001699,actor
1000456,2001598,actor
1000456,2001711,actor
1000456,2001285,actor
1000456,2001324,actor
1000457,2001729,actor
1000457,2000207,actor
1000457,2000671,actor
1000457,2001859,actor
1000457,2001776,actor
1000458,2000498,actor
1000458,2001486,actor
1000458,2001696,actor
1000458,2001217,actor
1000458,2001698,actor
1000458,2000945,actor
1000459,2000171,actor
1000459,2000313,actor
1000459,2001478,actor
1000459,2002190,actor
1000459,2001103,actor
1000459,2001430,actor
1000460,2001614,actor
1000460,2001131,actor
1000460,2001948,actor
1000460,2001639,actor
1000460,2000938,actor
1000460,2001405,actor
1000461,2000465,actor
1000461,2000942,actor
1000461,2000017,actor
1000461,2000529,actor
1000461,2001441,actor
1000461,2002059,actor
1000462,2001287,actor
1000462,2001549,actor
1000462,2001050,actor
1000462,2002211,actor
1000462,2001710,actor
1000462,2001513,actor
1000463,2000086,actor
1000463,2000892,actor
1000463,2000718,actor
1000463,2000069,actor
1000463,2000724,actor
1000463,2001036,actor
1000464,2001293,actor
1000464,2001528,actor
1000464,2000673,actor
1000464,2001608,actor
1000464,2001343,actor
1000465,2001097,actor
1000465,2001679,actor
1000465,2001387,actor
1000465,2001013,actor
1000465,2001094,actor
1000466,2001228,actor
1000466,2002077,actor
1000466,2000688,actor
1000466,2001153,actor
1000466,2001439,actor
1000466,2001036,actor
1000467,2001041,actor
1000467,2000739,actor
1000467,2000275,actor
1000467,2002141,actor
1000467,2001065,actor
1000467,2002031,actor
1000468,2001118,actor
1000468,2001884,actor
1000468,2001814,actor
1000468,2001693,actor
1000468,2000427,actor
1000468,2001513,actor
1000469,2000445,actor
1000469,2002003,actor
1000469,2001950,actor
1000469,2000526,actor
1000469,2001254,actor
1000470,2001510,actor
1000470,2000896,actor
1000470,2000858,actor
1000470,2001989,actor
1000470,2002080,actor
1000471,2000680,actor
1000471,2000729,actor
1000471,2000966,actor
1000471,2000202,actor
1000471,2000355,actor
1000471,2000883,actor
1000472,2001346,actor
1000472,2001443,actor
1000472,2000459,actor
1000472,2000756,actor
1000472,2000219,actor
1000472,2000434,actor
1000473,2000327,actor
1000473,2000622,actor
1000473,2000995,actor
1000473,2000245,actor
1000473,2001241,actor
1000473,2001028,actor
1000474,2000738,actor
1000474,2000331,actor
1000474,2000215,actor
1000474,2001731,actor
1000474,2002074,actor
1000475,2001477,actor
1000475,2000624,actor
1000475,2001902,actor
1000475,2000663,actor
1000475,2001953,actor
1000476,2000520,actor
1000476,2001984,actor
1000476,2001340,actor
1000476,2001339,actor
1000476,2001097,actor
1000477,2001735,actor
1000477,2001118,actor
1000477,2000964,actor
1000477,2001721,actor
1000477,2000925,actor
1000477,2000108,actor
1000478,2000221,actor
1000478,2001587,actor
1000478,2000942,actor
1000478,2001262,actor
1000478,2000590,actor
1000478,2001563,actor
1000479,2001097,actor
1000479,2001094,actor
1000479,2001387,actor
1000479,2001679,actor
1000479,2001013,actor
1000479,2000568,actor
1000480,2001650,actor
1000480,2001362,actor
1000480,2000843,actor
1000480,2001407,actor
1000480,2000793,actor
1000480,2001612,actor
1000481,2000863,actor
1000481,2000921,actor
1000481,2001535,actor
1000481,2000667,actor
1000481,2002016,actor
1000481,2001757,actor
1000482,2001250,actor
1000482,2001001,actor
1000482,2000972,actor
1000482,2001062,actor
1000482,2000853,actor
1000483,2001927,actor
1000483,2000846,actor
1000483,2000798,actor
1000483,2002214,actor
1000483,2002010,actor
1000483,2000611,actor
1000484,2000791,actor
1000484,2000287,actor
1000484,2001790,actor
1000484,2001930,actor
1000484,2001849,actor
1000485,2001031,actor
1000485,2000784,actor
1000485,2001133,actor
1000485,2001190,actor
1000485,2002109,actor
1000485,2000406,actor
1000486,2001779,actor
1000486,2000575,actor
1000486,2001829,actor
1000486,2002106,actor
1000486,2001395,actor
1000487,2001037,actor
1000487,2000474,actor
1000487,2001812,actor
1000488,2000913,actor
1000488,2000642,actor
1000488,2000164,actor
1000488,2002159,actor
1000488,2001874,actor
1000489,2000882,actor
1000489,2001201,actor
1000489,2001985,actor
1000489,2001356,actor
1000489,2000316,actor
1000490,2001097,actor
1000490,2001094,actor
1000490,2001387,actor
1000490,2001679,actor
1000490,2001013,actor
1000490,2002035,actor
1000491,2000151,actor
1000491,2000565,actor
1000491,2001409,actor
1000491,2000021,actor
1000491,2001976,actor
1000492,2000598,actor
1000492,2000643,actor
1000492,2000380,actor
1000492,2000549,actor
1000492,2001448,actor
1000492,2000403,actor
1000493,2000044,actor
1000493,2001546,actor
1000493,2001865,actor
1000493,2001593,actor
1000493,2000202,actor
1000493,2002212,actor
1000494,2000235,actor
1000494,2000784,actor
1000494,2001285,actor
1000494,2001659,actor
1000494,2001587,actor
1000494,2000585,actor
1000495,2001066,actor
1000495,2001388,actor
1000495,2000247,actor
1000495,2001978,actor
1000495,2001995,actor
1000495,2000596,actor
1000496,2000324,actor
1000496,2000390,actor
1000496,2002095,actor
1000496,2000989,actor
1000496,2000240,actor
1000497,2000041,actor
1000497,2000191,actor
1000497,2000813,actor
1000497,2002101,actor
1000497,2000949,actor
1000498,2000952,actor
1000498,2000571,actor
1000498,2001341,actor
1000498,2001285,actor
1000498,2000358,actor
1000498,2001645,actor
1000499,2000882,actor
1000499,2000486,actor
1000499,2001201,actor
1000499,2001985,actor
1000499,2001356,actor
1000500,2000688,actor
1000500,2001131,actor
1000500,2001130,actor
1000500,2000875,actor
1000500,2001865,actor
1000500,2001612,actor
1000501,2000900,actor
1000501,2000360,actor
1000501,2000942,actor
1000501,2000531,actor
1000501,2001286,actor
1000501,2001354,actor
1000502,2001278,actor
1000502,2001467,actor
1000502,2001627,actor
1000502,2000035,actor
1000502,2000377,actor
1000503,2000340,actor
1000503,2000443,actor
1000503,2001013,actor
1000503,2001858,actor
1000503,2001094,actor
1000504,2002083,actor
1000504,2001941,actor
1000504,2001901,actor
1000504,2001153,actor
1000504,2001247,actor
1000504,2002058,actor
1000505,2001528,actor
1000505,2000522,actor
1000505,2001297,actor
1000505,2000566,actor
1000505,2001740,actor
1000506,2001893,actor
1000506,2000292,actor
1000506,2000906,actor
1000506,2000342,actor
1000506,2001289,actor
1000506,2001405,actor
1000507,2000760,actor
1000507,2002147,actor
1000507,2001726,actor
1000507,2001149,actor
1000507,2000408,actor
1000508,2000366,actor
1000508,2000962,actor
1000508,2000749,actor
1000508,2001351,actor
1000508,2000936,actor
1000509,2001509,actor
1000509,2001094,actor
1000510,2001433,actor
1000510,2001700,actor
1000510,2001389,actor
1000510,2001759,actor
1000510,2000488,actor
1000510,2001482,actor
1000511,2001017,actor
1000511,2001152,actor
1000511,2001299,actor
1000511,2000056,actor
1000511,2001987,actor
1000511,2001208,actor
1000512,2000372,actor
1000512,2001711,actor
1000512,2000922,actor
1000512,2000303,actor
1000512,2000756,actor
1000512,2000573,actor
1000513,2000863,actor
1000513,2000246,actor
1000513,2000260,actor
1000513,2001817,actor
1000513,2000767,actor
1000513,2001430,actor
1000514,2000908,actor
1000514,2000497,actor
1000514,2000258,actor
1000514,2001523,actor
1000514,2000871,actor
1000514,2001654,actor
1000515,2000724,actor
1000515,2000992,actor
1000515,2001603,actor
1000515,2001236,actor
1000515,2001971,actor
1000516,2000372,actor
1000516,2001490,actor
1000516,2000756,actor
1000516,2000773,actor
1000516,2001997,actor
1000516,2000570,actor
1000517,2001109,actor
1000517,2000526,actor
1000517,2002176,actor
1000517,2001635,actor
1000517,2001679,actor
1000518,2001614,actor
1000518,2000717,actor
1000518,2000075,actor
1000518,2001411,actor
1000518,2001684,actor
1000519,2000466,actor
1000519,2000590,actor
1000519,2001123,actor
1000519,2002045,actor
1000519,2002046,actor
1000519,2001612,actor
1000520,2001474,actor
1000520,2000455,actor
1000520,2000044,actor
1000520,2000887,actor
1000520,2001571,actor
1000521,2001009,actor
1000521,2000013,actor
1000521,2000572,actor
1000521,2002111,actor
1000521,2001526,actor
1000521,2000185,actor
1000522,2000104,actor
1000522,2000746,actor
1000522,2001712,actor
1000522,2002166,actor
1000522,2001202,actor
1000523,2001248,actor
1000523,2001112,actor
1000523,2001242,actor
1000523,2000052,actor
1000523,2001595,actor
1000523,2001418,actor
1000524,2000367,actor
1000524,2001097,actor
1000524,2001509,actor
1000524,2001333,actor
1000524,2001679,actor
1000525,2001488,actor
1000525,2001155,actor
1000525,2001023,actor
1000525,2001474,actor
1000525,2000934,actor
1000525,2001887,actor
1000526,2000784,actor
1000526,2001897,actor
1000526,2002203,actor
1000526,2001291,actor
1000526,2001621,actor
1000526,2001482,actor
1000527,2000915,actor
1000527,2000336,actor
1000527,2001097,actor
1000527,2002210,actor
1000527,2002164,actor
1000528,2001275,actor
1000528,2001608,actor
1000528,2001235,actor
1000528,2001491,actor
1000528,2000407,actor
1000529,2002028,actor
1000529,2001188,actor
1000529,2001892,actor
1000529,2000547,actor
1000530,2000688,actor
1000530,2000952,actor
1000530,2001957,actor
1000530,2002095,actor
1000530,2000154,actor
1000530,2001036,actor
1000531,2001941,actor
1000531,2001908,actor
1000531,2001545,actor
1000531,2000125,actor
1000531,2000216,actor
1000531,2001315,actor
1000532,2001539,actor
1000532,2000135,actor
1000532,2000234,actor
1000532,2000418,actor
1000532,2001040,actor
1000533,2000009,actor
1000533,2000857,actor
1000533,2001773,actor
1000533,2001624,actor
1000533,2000939,actor
1000534,2001198,actor
1000534,2000027,actor
1000534,2001213,actor
1000534,2001458,actor
1000534,2001517,actor
1000534,2000510,actor
1000535,2001512,actor
1000535,2002103,actor
1000535,2000078,actor
1000535,2000362,actor
1000535,2001447,actor
1000535,2000985,actor
1000536,2001222,actor
1000536,2002130,actor
1000536,2001166,actor
1000536,2001376,actor
1000536,2000308,actor
1000537,2000082,actor
1000537,2002155,actor
1000537,2000190,actor
1000537,2001089,actor
1000537,2000428,actor
1000538,2000498,actor
1000538,2001196,actor
1000538,2001401,actor
1000538,2000964,actor
1000538,2000768,actor
1000538,2000872,actor
1000539,2001821,actor
1000539,2001834,actor
1000539,2000078,actor
1000539,2001324,actor
1000539,2000435,actor
1000540,2000943,actor
1000541,2001056,actor
1000541,2001564,actor
1000541,2000756,actor
1000541,2000031,actor
1000541,2000028,actor
1000541,2001159,actor
1000542,2000764,actor
1000542,2000829,actor
1000542,2001061,actor
1000542,2000941,actor
1000542,2000291,actor
1000543,2000819,actor
1000543,2001906,actor
1000543,2001423,actor
1000543,2001905,actor
1000543,2001810,actor
1000543,2000905,actor
1000544,2000276,actor
1000544,2001790,actor
1000544,2002210,actor
1000544,2001388,actor
1000544,2000742,actor
1000545,2001629,actor
1000545,2000387,actor
1000545,2001508,actor
1000545,2000237,actor
1000545,2001195,actor
1000545,2001566,actor
1000546,2000691,actor
1000546,2000309,actor
1000546,2000970,actor
1000546,2000739,actor
1000546,2001575,actor
1000546,2001482,actor
1000547,2001097,actor
1000547,2001679,actor
1000547,2001783,actor
1000547,2001725,actor
1000547,2001013,actor
1000547,2001170,actor
1000548,2000514,actor
1000548,2001723,actor
1000548,2000609,actor
1000548,2000848,actor
1000548,2001896,actor
1000549,2001131,actor
1000549,2001883,actor
1000549,2001434,actor
1000549,2000390,actor
1000549,2001427,actor
1000549,2001630,actor
1000550,2001692,actor
1000551,2001854,actor
1000551,2001769,actor
1000551,2001774,actor
1000551,2000540,actor
1000551,2000701,actor
1000551,2000872,actor
1000552,2001006,actor
1000552,2001046,actor
1000552,2000968,actor
1000552,2001342,actor
1000552,2001194,actor
1000552,2001036,actor
1000553,2001783,actor
1000553,2001322,actor
1000553,2000662,actor
1000553,2001509,actor
1000553,2000367,actor
1000554,2001790,actor
1000554,2000277,actor
1000555,2001248,actor
1000555,2000894,actor
1000555,2000626,actor
1000555,2001296,actor
1000555,2000339,actor
1000555,2000185,actor
1000556,2001536,actor
1000557,2001504,actor
1000557,2000249,actor
1000557,2000561,actor
1000557,2000218,actor
1000557,2001154,actor
1000557,2001418,actor
1000558,2001915,actor
1000558,2000110,actor
1000558,2001183,actor
1000558,2000559,actor
1000558,2000351,actor
1000558,2002120,actor
1000559,2000058,actor
1000559,2000717,actor
1000559,2001626,actor
1000559,2001561,actor
1000559,2001691,actor
1000560,2000172,actor
1000560,2001231,actor
1000560,2000307,actor
1000560,2002110,actor
1000560,2000231,actor
1000560,2000605,actor
1000561,2000963,actor
1000561,2001266,actor
1000561,2000158,actor
1000561,2000862,actor
1000561,2002189,actor
1000561,2002112,actor
1000562,2001931,actor
1000562,2001456,actor
1000562,2001027,actor
1000562,2001726,actor
1000562,2000645,actor
1000563,2001805,actor
1000563,2002113,actor
1000563,2000132,actor
1000563,2002018,actor
1000563,2000756,actor
1000564,2001796,actor
1000564,2001431,actor
1000564,2001274,actor
1000564,2000172,actor
1000564,2001986,actor
1000565,2000924,actor
1000566,2000296,actor
1000566,2002087,actor
1000566,2000795,actor
1000566,2001024,actor
1000568,2002038,actor
1000568,2000607,actor
1000568,2002040,actor
1000568,2001107,actor
1000568,2001544,actor
1000569,2002125,actor
1000569,2001910,actor
1000569,2001582,actor
1000569,2001071,actor
1000569,2001605,actor
1000569,2000081,actor
1000570,2000280,actor
1000570,2001882,actor
1000570,2001383,actor
1000570,2000618,actor
1000571,2000835,actor
1000571,2000554,actor
1000571,2001413,actor
1000571,2001186,actor
1000573,2002203,actor
1000573,2000856,actor
1000573,2000436,actor
1000573,2000399,actor
1000573,2000637,actor
1000573,2001077,actor
1000574,2001603,actor
1000574,2001594,actor
1000574,2000868,actor
1000574,2001338,actor
1000574,2001519,actor
1000575,2001097,actor
1000575,2000681,actor
1000576,2000392,actor
1000576,2000165,actor
1000576,2000690,actor
1000576,2001237,actor
1000576,2000479,actor
1000576,2001612,actor
1000577,2001752,actor
1000577,2000448,actor
1000577,2001087,actor
1000577,2001800,actor
1000577,2000886,actor
1000578,2000810,actor
1000578,2000961,actor
1000578,2001111,actor
1000578,2000521,actor
1000578,2001215,actor
1000578,2000406,actor
1000579,2001885,actor
1000579,2000967,actor
1000579,2000203,actor
1000579,2001802,actor
1000579,2000502,actor
1000580,2001735,actor
1000580,2001505,actor
1000580,2001704,actor
1000580,2000689,actor
1000580,2001175,actor
1000581,2002167,actor
1000581,2001355,actor
1000581,2000177,actor
1000581,2001875,actor
1000581,2000370,actor
1000581,2000401,actor
1000582,2001097,actor
1000582,2001493,actor
1000582,2001714,actor
1000582,2000336,actor
1000582,2001509,actor
1000583,2001112,actor
1000583,2000371,actor
1000583,2001619,actor
1000583,2000794,actor
1000583,2000400,actor
1000583,2000137,actor
1000585,2000450,actor
1000585,2001061,actor
1000586,2001673,actor
1000586,2000223,actor
1000586,2000715,actor
1000586,2001309,actor
1000587,2001034,actor
1000587,2001324,actor
1000587,2000238,actor
1000587,2002182,actor
1000587,2000257,actor
1000587,2001620,actor
1000588,2001525,actor
1000588,2001784,actor
1000588,2000284,actor
1000588,2001965,actor
1000588,2000147,actor
1000589,2001972,actor
1000589,2000950,actor
1000589,2000290,actor
1000589,2001744,actor
1000589,2000260,actor
1000589,2001405,actor
1000590,2000912,actor
1000590,2001854,actor
1000590,2001246,actor
1000590,2000109,actor
1000590,2001457,actor
1000590,2002051,actor
1000591,2000806,actor
1000591,2000526,actor
1000591,2000287,actor
1000591,2001150,actor
1000591,2001424,actor
1000592,2000310,actor
1000592,2002195,actor
1000592,2001312,actor
1000593,2002025,actor
1000593,2001323,actor
1000593,2000909,actor
1000594,2000219,actor
1000594,2001667,actor
1000594,2000254,actor
1000594,2001997,actor
1000594,2001808,actor
1000594,2001036,actor
1000595,2002114,actor
1000595,2001796,actor
1000595,2000105,actor
1000595,2001949,actor
1000595,2001571,actor
1000595,2001019,actor
1000596,2000110,actor
1000596,2001409,actor
1000596,2001954,actor
1000596,2002182,actor
1000596,2001093,actor
1000596,2001229,actor
1000597,2000042,actor
1000597,2000050,actor
1000597,2002022,actor
1000597,2000461,actor
1000597,2000285,actor
1000597,2000413,actor
1000598,2001037,actor
1000598,2000638,actor
1000598,2000140,actor
1000598,2002210,actor
1000598,2000987,actor
1000599,2001512,actor
1000599,2001450,actor
1000599,2001005,actor
1000599,2000318,actor
1000599,2001390,actor
1000600,2001013,actor
1000600,2001067,actor
1000600,2000336,actor
1000600,2000032,actor
1000601,2001371,actor
1000601,2001608,actor
1000601,2001441,actor
1000601,2001307,actor
1000601,2001703,actor
1000601,2000809,actor
1000602,2000146,actor
1000602,2001381,actor
1000602,2001434,actor
1000602,2001417,actor
1000602,2001942,actor
1000603,2001755,actor
1000603,2000743,actor
1000603,2000092,actor
1000603,2000895,actor
1000603,2001521,actor
1000603,2000509,actor
1000604,2000433,actor
1000604,2001822,actor
1000604,2000116,actor
1000604,2000702,actor
1000604,2000208,actor
1000605,2001844,actor
1000605,2001769,actor
1000605,2001830,actor
1000605,2001746,actor
1000605,2000540,actor
1000606,2001140,actor
1000606,2000549,actor
1000606,2000932,actor
1000606,2001743,actor
1000606,2000451,actor
1000607,2000546,actor
1000607,2000499,actor
1000607,2000601,actor
1000607,2002076,actor
1000607,2000517,actor
1000607,2001156,actor
1000608,2000222,actor
1000608,2000376,actor
1000608,2001255,actor
1000608,2001907,actor
1000608,2002142,actor
1000608,2000553,actor
1000609,2001895,actor
1000609,2001899,actor
1000609,2000973,actor
1000609,2000391,actor
1000609,2000244,actor
1000609,2000883,actor
1000610,2001726,actor
1000610,2000167,actor
1000610,2001739,actor
1000610,2002200,actor
1000610,2001509,actor
1000611,2000373,actor
1000611,2000994,actor
1000611,2000710,actor
1000611,2001711,actor
1000611,2001655,actor
1000612,2001165,actor
1000612,2000337,actor
1000612,2000026,actor
1000612,2000139,actor
1000612,2000146,actor
1000613,2000843,actor
1000613,2000784,actor
1000613,2001269,actor
1000613,2000372,actor
1000613,2000198,actor
1000613,2001405,actor
1000614,2001239,actor
1000614,2000170,actor
1000614,2000813,actor
1000614,2000041,actor
1000614,2001844,actor
1000614,2001642,actor
1000615,2001144,actor
1000615,2001780,actor
1000615,2001386,actor
1000615,2000797,actor
1000615,2000472,actor
1000616,2001302,actor
1000616,2000879,actor
1000616,2001869,actor
1000616,2001176,actor
1000616,2000890,actor
1000617,2001891,actor
1000617,2001885,actor
1000617,2001791,actor
1000617,2001973,actor
1000617,2002047,actor
1000618,2001015,actor
1000618,2000053,actor
1000618,2001558,actor
1000618,2000099,actor
1000618,2001095,actor
1000619,2000947,actor
1000619,2001177,actor
1000619,2001918,actor
1000619,2001514,actor
1000619,2002107,actor
1000620,2002011,actor
1000620,2002008,actor
1000620,2002205,actor
1000620,2002084,actor
1000620,2001612,actor
1000621,2001614,actor
1000621,2000860,actor
1000621,2000333,actor
1000621,2001617,actor
1000621,2002115,actor
1000621,2002151,actor
1000622,2000372,actor
1000622,2000325,actor
1000622,2001082,actor
1000622,2001940,actor
1000622,2002081,actor
1000623,2001769,actor
1000623,2001064,actor
1000623,2000125,actor
1000623,2001113,actor
1000623,2001400,actor
1000624,2001012,actor
1000624,2001969,actor
1000624,2001828,actor
1000624,2000991,actor
1000624,2001050,actor
1000625,2000911,actor
1000625,2000594,actor
1000625,2000606,actor
1000625,2002050,actor
1000625,2001547,actor
1000625,2001114,actor
1000626,2001924,actor
1000626,2001857,actor
1000626,2001420,actor
1000626,2000341,actor
1000626,2000066,actor
1000626,2001609,actor
1000627,2002213,actor
1000627,2001385,actor
1000627,2000986,actor
1000627,2001169,actor
1000627,2000635,actor
1000628,2001187,actor
1000628,2000747,actor
1000628,2001143,actor
1000628,2000621,actor
1000628,2000691,actor
1000629,2000920,actor
1000629,2001580,actor
1000630,2001962,actor
1000630,2000674,actor
1000630,2002175,actor
1000630,2002131,actor
1000630,2000016,actor
1000630,2001468,actor
1000631,2002095,actor
1000631,2001623,actor
1000631,2001997,actor
1000631,2000440,actor
1000631,2000646,actor
1000631,2000046,actor
1000632,2000563,actor
1000632,2000074,actor
1000632,2001911,actor
1000633,2001583,actor
1000633,2001375,actor
1000633,2000036,actor
1000633,2000064,actor
1000633,2000829,actor
1000634,2001972,actor
1000634,2000961,actor
1000634,2002072,actor
1000635,2000923,actor
1000635,2001736,actor
1000635,2001016,actor
1000636,2000107,actor
1000636,2001461,actor
1000636,2002134,actor
1000636,2001480,actor
1000637,2001271,actor
1000637,2001363,actor
1000637,2000838,actor
1000637,2001183,actor
1000637,2000079,actor
1000638,2000157,actor
1000638,2001575,actor
1000638,2001856,actor
1000638,2000175,actor
1000638,2001396,actor
1000638,2000899,actor
1000639,2001948,actor
1000639,2001412,actor
1000639,2000776,actor
1000639,2000507,actor
1000639,2001656,actor
1000639,2001516,actor
1000640,2001709,actor
1000640,2001772,actor
1000640,2002004,actor
1000640,2001909,actor
1000641,2001891,actor
1000641,2001541,actor
1000641,2000734,actor
1000641,2001636,actor
1000641,2001743,actor
1000641,2001887,actor
1000642,2000757,actor
1000642,2001562,actor
1000642,2001255,actor
1000642,2001121,actor
1000642,2000508,actor
1000643,2001155,actor
1000643,2001004,actor
1000643,2001743,actor
1000643,2001632,actor
1000643,2000176,actor
1000643,2001887,actor
1000644,2001155,actor
1000644,2001827,actor
1000644,2001465,actor
1000644,2001770,actor
1000644,2000928,actor
1000644,2001078,actor
1000645,2000878,actor
1000645,2002177,actor
1000645,2000719,actor
1000645,2000388,actor
1000645,2000683,actor
1000646,2001979,actor
1000646,2000279,actor
1000646,2001916,actor
1000646,2000168,actor
1000646,2001193,actor
1000647,2001903,actor
1000647,2001677,actor
1000647,2001616,actor
1000648,2000855,actor
1000648,2000891,actor
1000648,2001243,actor
1000648,2000124,actor
1000649,2001784,actor
1000649,2000111,actor
1000649,2001853,actor
1000649,2000664,actor
1000649,2001686,actor
1000649,2000844,actor
1000650,2001034,actor
1000650,2000698,actor
1000650,2000667,actor
1000650,2001259,actor
1000650,2000770,actor
1000651,2001917,actor
1000651,2001222,actor
1000651,2001440,actor
1000651,2000314,actor
1000651,2000876,actor
1000651,2002132,actor
1000652,2000889,actor
1000652,2000533,actor
1000652,2001360,actor
1000652,2000072,actor
1000652,2000073,actor
1000653,2001903,actor
1000653,2001677,actor
1000653,2001616,actor
1000654,2000094,actor
1000654,2000727,actor
1000654,2001863,actor
1000654,2001318,actor
1000654,2000960,actor
1000655,2001134,actor
1000655,2000845,actor
1000655,2000604,actor
1000655,2000914,actor
1000655,2002191,actor
1000656,2001243,actor
1000656,2000940,actor
1000657,2001477,actor
1000658,2000131,actor
1000658,2001088,actor
1000659,2002105,actor
1000659,2001303,actor
1000659,2001784,actor
1000659,2000774,actor
1000659,2001009,actor
1000659,2001108,actor
1000660,2001636,actor
1000660,2002088,actor
1000660,2001676,actor
1000660,2001983,actor
1000660,2001771,actor
1000662,2000935,actor
1000662,2000259,actor
1000662,2000816,actor
1000662,2001124,actor
1000662,2001646,actor
1000663,2000586,actor
1000663,2000419,actor
1000663,2000048,actor
1000663,2000566,actor
1000663,2000115,actor
1000664,2001453,actor
1000664,2002148,actor
1000664,2001653,actor
1000664,2001797,actor
1000665,2001026,actor
1000665,2000133,actor
1000665,2001273,actor
1000665,2001428,actor
1000665,2000265,actor
1000666,2000454,actor
1000666,2000859,actor
1000667,2001735,actor
1000667,2001505,actor
1000667,2001704,actor
1000667,2000689,actor
1000667,2001175,actor
1000668,2001157,actor
1000668,2000865,actor
1000668,2000267,actor
1000668,2001142,actor
1000668,2001185,actor
1000669,2000148,actor
1000669,2002156,actor
1000669,2001268,actor
1000669,2002085,actor
1000669,2000716,actor
1000669,2001530,actor
1000670,2001086,actor
1000670,2000577,actor
1000670,2001171,actor
1000670,2001866,actor
1000670,2000004,actor
1000671,2000112,actor
1000671,2001528,actor
1000671,2001685,actor
1000671,2001102,actor
1000671,2000812,actor
1000672,2002173,actor
1000672,2001244,actor
1000672,2001070,actor
1000672,2000947,actor
1000672,2002208,actor
1000672,2002133,actor
1000673,2002122,actor
1000673,2000335,actor
1000673,2001961,actor
1000673,2000743,actor
1000673,2001944,actor
1000673,2001405,actor
1000674,2002162,actor
1000674,2000285,actor
1000675,2001815,actor
1000675,2001751,actor
1000675,2000300,actor
1000675,2000975,actor
1000675,2000023,actor
1000676,2000897,actor
1000676,2001585,actor
1000676,2000103,actor
1000676,2001054,actor
1000676,2001206,actor
1000677,2002023,actor
1000677,2002123,actor
1000678,2000015,actor
1000678,2001420,actor
1000678,2000909,actor
1000678,2001669,actor
1000678,2000925,actor
1000678,2001407,actor
1000679,2000310,actor
1000679,2001771,actor
1000679,2001448,actor
1000679,2001501,actor
1000679,2000345,actor
1000679,2000599,actor
1000680,2000534,actor
1000680,2000229,actor
1000680,2001539,actor
1000680,2001798,actor
1000680,2000224,actor
1000681,2000824,actor
1000681,2000964,actor
1000681,2000803,actor
1000681,2000384,actor
1000681,2001698,actor
1000682,2002013,actor
1000682,2000615,actor
1000682,2000884,actor
1000682,2000661,actor
1000682,2000959,actor
1000682,2002060,actor
1000683,2000123,actor
1000683,2001923,actor
1000683,2000217,actor
1000683,2001243,actor
1000683,2001831,actor
1000684,2001529,actor
1000684,2001127,actor
1000684,2000363,actor
1000684,2001014,actor
1000684,2000799,actor
1000685,2000114,actor
1000685,2000206,actor
1000685,2000652,actor
1000685,2000122,actor
1000685,2000332,actor
1000686,2000424,actor
1000686,2001835,actor
1000686,2001724,actor
1000686,2001742,actor
1000686,2001092,actor
1000686,2000500,actor
1000687,2000091,actor
1000687,2000241,actor
1000687,2000589,actor
1000687,2001466,actor
1000687,2000737,actor
1000688,2001867,actor
1000688,2000762,actor
1000688,2001788,actor
1000688,2001282,actor
1000688,2000402,actor
1000001,2001344,director
1000002,2000463,director
1000003,2001353,director
1000004,2000296,director
1000005,2000352,director
1000006,2001638,director
1000007,2001261,director
1000008,2002135,director
1000009,2000584,director
1000010,2001353,director
1000011,2000352,director
1000012,2001955,director
1000013,2001658,director
1000014,2001117,director
1000015,2000839,director
1000016,2001350,director
1000017,2001459,director
1000018,2000463,director
1000019,2000584,director
1000020,2001366,director
1000021,2001552,director
1000021,2000253,director
1000022,2001366,director
1000023,2000305,director
1000024,2002198,director
1000025,2000425,director
1000026,2001366,director
1000027,2001641,director
1000028,2001838,director
1000029,2000305,director
1000030,2001174,director
1000031,2001288,director
1000032,2000051,director
1000033,2000519,director
1000034,2001469,director
1000035,2000584,director
1000036,2000584,director
1000037,2001497,director
1000038,2000186,director
1000039,2000460,director
1000040,2000463,director
1000041,2001473,director
1000042,2001463,director
1000043,2002149,director
1000044,2000413,director
1000045,2002116,director
1000046,2001551,director
1000047,2000462,director
1000048,2001264,director
1000049,2001638,director
1000050,2001174,director
1000051,2001180,director
1000052,2000931,director
1000053,2002181,director
1000054,2001105,director
1000055,2000733,director
1000056,2001090,director
1000057,2000753,director
1000058,2000584,director
1000059,2001117,director
1000060,2001073,director
1000061,2001261,director
1000062,2000067,director
1000063,2001644,director
1000064,2000113,director
1000065,2002198,director
1000066,2001947,director
1000067,2000214,director
1000068,2001463,director
1000069,2001442,director
1000070,2000654,director
1000071,2001804,director
1000072,2002000,director
1000073,2001975,director
1000074,2001846,director
1000075,2001207,director
1000076,2000780,director
1000077,2000305,director
1000078,2001419,director
1000079,2001174,director
1000080,2000468,director
1000081,2000462,director
1000082,2001485,director
1000083,2000518,director
1000084,2001099,director
1000085,2001364,director
1000086,2001344,director
1000087,2000142,director
1000088,2000113,director
1000089,2001928,director
1000090,2001792,director
1000091,2001707,director
1000092,2000432,director
1000093,2001180,director
1000094,2000525,director
1000095,2001462,director
1000096,2002116,director
1000097,2001764,director
1000098,2000480,director
1000099,2001990,director
1000100,2000296,director
1000101,2001547,director
1000102,2000647,director
1000103,2001638,director
1000104,2000495,director
1000105,2000648,director
1000106,2000282,director
1000107,2000753,director
1000108,2000144,director
1000109,2000451,director
1000110,2000297,director
1000111,2000592,director
1000112,2001497,director
1000113,2001224,director
1000114,2001581,director
1000115,2000820,director
1000116,2001483,director
1000117,2000444,director
1000118,2000304,director
1000119,2001597,director
1000120,2000527,director
1000121,2002149,director
1000122,2000071,director
1000123,2001174,director
1000124,2000708,director
1000125,2000656,director
1000126,2000823,director
1000127,2001955,director
1000128,2001842,director
1000129,2002069,director
1000130,2000495,director
1000131,2002119,director
1000132,2000752,director
1000133,2000020,director
1000134,2001090,director
1000135,2001522,director
1000136,2002091,director
1000137,2000283,director
1000137,2000183,director
1000138,2000255,director
1000139,2001485,director
1000140,2000731,director
1000141,2001218,director
1000142,2001955,director
1000143,2001697,director
1000144,2000468,director
1000145,2000780,director
1000146,2001547,director
1000147,2001581,director
1000148,2000305,director
1000149,2000413,director
1000150,2001631,director
1000151,2001294,director
1000152,2000628,director
1000153,2000083,director
1000154,2000394,director
1000155,2000262,director
1000156,2001465,director
1000157,2000067,director
1000158,2002119,director
1000159,2001581,director
1000160,2001230,director
1000161,2000306,director
1000162,2001547,director
1000163,2001421,director
1000164,2001631,director
1000165,2001816,director
1000166,2000538,director
1000167,2000210,director
1000168,2001531,director
1000169,2000322,director
1000170,2000780,director
1000171,2000184,director
1000172,2001947,director
1000173,2001344,director
1000174,2001524,director
1000175,2001649,director
1000176,2000722,director
1000177,2002192,director
1000178,2002140,director
1000179,2001765,director
1000180,2000937,director
1000181,2001288,director
1000182,2000150,director
1000183,2001484,director
1000184,2000305,director
1000185,2001708,director
1000186,2000119,director
1000187,2001344,director
1000188,2001172,director
1000189,2000054,director
1000190,2000349,director
1000191,2002188,director
1000192,2001048,director
1000193,2000051,director
1000194,2000441,director
1000195,2001811,director
1000196,2002015,director
1000197,2000634,director
1000198,2001419,director
1000199,2001497,director
1000200,2002206,director
1000201,2000343,director
1000202,2001531,director
1000203,2000054,director
1000204,2002143,director
1000205,2000789,director
1000206,2001631,director
1000207,2001419,director
1000208,2001267,director
1000209,2001547,director
1000210,2001258,director
1000211,2001851,director
1000212,2000677,director
1000213,2001479,director
1000214,2000045,director
1000215,2000827,director
1000216,2001117,director
1000217,2001811,director
1000218,2001442,director
1000219,2002079,director
1000220,2000071,director
1000221,2001977,director
1000222,2001265,director
1000223,2000827,director
1000224,2001643,director
1000225,2000828,director
1000226,2000425,director
1000227,2000931,director
1000228,2001551,director
1000229,2000444,director
1000230,2000780,director
1000231,2001295,director
1000232,2001462,director
1000233,2001649,director
1000234,2000769,director
1000235,2002026,director
1000236,2001705,director
1000237,2001980,director
1000237,2000438,director
1000238,2000211,director
1000239,2000187,director
1000240,2000832,director
1000241,2001738,director
1000242,2000476,director
1000242,2001263,director
1000243,2001440,director
1000244,2001688,director
1000245,2002143,director
1000246,2002169,director
1000246,2001618,director
1000246,2001098,director
1000247,2001947,director
1000248,2002149,director
1000249,2001506,director
1000250,2000476,director
1000250,2001272,director
1000251,2000448,director
1000252,2000840,director
1000253,2000153,director
1000254,2001596,director
1000255,2000353,director
1000256,2000404,director
1000257,2000441,director
1000258,2000610,director
1000259,2000412,director
1000260,2001836,director
1000261,2001792,director
1000262,2000324,director
1000263,2000451,director
1000264,2000481,director
1000265,2000657,director
1000266,2001230,director
1000267,2001438,director
1000268,2000352,director
1000269,2001470,director
1000270,2001402,director
1000271,2000933,director
1000272,2000495,director
1000273,2001694,director
1000274,2000537,director
1000275,2000869,director
1000276,2000676,director
1000277,2001937,director
1000278,2001432,director
1000279,2001518,director
1000280,2000209,director
1000281,2001980,director
1000281,2000438,director
1000282,2000669,director
1000283,2000903,director
1000284,2001379,director
1000285,2000263,director
1000286,2001980,director
1000286,2000438,director
1000287,2001128,director
1000288,2001764,director
1000289,2002096,director
1000290,2000039,director
1000290,2001263,director
1000291,2000656,director
1000292,2002206,director
1000293,2000828,director
1000294,2001032,director
1000295,2000480,director
1000296,2000782,director
1000297,2001459,director
1000298,2002026,director
1000299,2001105,director
1000300,2001497,director
1000301,2001765,director
1000302,2001596,director
1000303,2000597,director
1000304,2001936,director
1000305,2000156,director
1000306,2000669,director
1000307,2001830,director
1000308,2001567,director
1000309,2001058,director
1000310,2001600,director
1000311,2000134,director
1000312,2001848,director
1000313,2001437,director
1000314,2001928,director
1000315,2000435,director
1000316,2002184,director
1000317,2001151,director
1000318,2001263,director
1000318,2000295,director
1000319,2001565,director
1000320,2000212,director
1000321,2000451,director
1000322,2001451,director
1000323,2001794,director
1000324,2002139,director
1000325,2000781,director
1000326,2001347,director
1000327,2002181,director
1000328,2000495,director
1000329,2001083,director
1000330,2000707,director
1000331,2002068,director
1000332,2001139,director
1000333,2001313,director
1000334,2000781,director
1000335,2001253,director
1000336,2001980,director
1000336,2001219,director
1000337,2002032,director
1000338,2000867,director
1000339,2001497,director
1000340,2000425,director
1000341,2000263,director
1000342,2001552,director
1000343,2000741,director
1000344,2000302,director
1000345,2001442,director
1000346,2000685,director
1000347,2000625,director
1000348,2001722,director
1000348,2000501,director
1000349,2001716,director
1000350,2001551,director
1000351,2001643,director
1000352,2001090,director
1000353,2001491,director
1000354,2001436,director
1000355,2000741,director
1000356,2001010,director
1000357,2000997,director
1000358,2002071,director
1000359,2001870,director
1000360,2000634,director
1000361,2000113,director
1000362,2000442,director
1000363,2000361,director
1000364,2000752,director
1000365,2000525,director
1000366,2000669,director
1000367,2001042,director
1000367,2002056,director
1000368,2000525,director
1000369,2000790,director
1000370,2001139,director
1000371,2002174,director
1000372,2001766,director
1000373,2001320,director
1000374,2002082,director
1000375,2001470,director
1000376,2001485,director
1000377,2000639,director
1000378,2000119,director
1000379,2001980,director
1000379,2001403,director
1000379,2001720,director
1000380,2000745,director
1000381,2000927,director
1000382,2000180,director
1000383,2001993,director
1000383,2001861,director
1000384,2000159,director
1000385,2001335,director
1000386,2001283,director
1000387,2000707,director
1000388,2001970,director
1000389,2001416,director
1000390,2000397,director
1000391,2000395,director
1000392,2002152,director
1000393,2001440,director
1000394,2001449,director
1000395,2000413,director
1000396,2001573,director
1000397,2002163,director
1000398,2000328,director
1000399,2001267,director
1000400,2001148,director
1000400,2000286,director
1000401,2001768,director
1000402,2001449,director
1000403,2001763,director
1000404,2001999,director
1000405,2001454,director
1000406,2001610,director
1000407,2001998,director
1000408,2001775,director
1000408,2001727,director
1000409,2001479,director
1000410,2001695,director
1000411,2001397,director
1000412,2002188,director
1000413,2001683,director
1000414,2001766,director
1000415,2000349,director
1000416,2001137,director
1000416,2001532,director
1000417,2001824,director
1000418,2000713,director
1000419,2000095,director
1000420,2000359,director
1000421,2001823,director
1000422,2000885,director
1000423,2001730,director
1000424,2001211,director
1000425,2001548,director
1000426,2001224,director
1000427,2001695,director
1000428,2000213,director
1000429,2001707,director
1000430,2000213,director
1000431,2000473,director
1000432,2001257,director
1000433,2000445,director
1000434,2001306,director
1000434,2000080,director
1000435,2001197,director
1000436,2002180,director
1000437,2000927,director
1000438,2000383,director
1000439,2001577,director
1000440,2001020,director
1000441,2000741,director
1000442,2001137,director
1000442,2001532,director
1000443,2001310,director
1000444,2001576,director
1000445,2001707,director
1000446,2000501,director
1000447,2000145,director
1000448,2000587,director
1000449,2000302,director
1000450,2001818,director
1000451,2000437,director
1000452,2001407,director
1000453,2001427,director
1000454,2000142,director
1000455,2001025,director
1000456,2001021,director
1000457,2000243,director
1000458,2001284,director
1000459,2001039,director
1000460,2000383,director
1000461,2000057,director
1000462,2002005,director
1000463,2000416,director
1000464,2000144,director
1000465,2001427,director
1000466,2001809,director
1000467,2000817,director
1000468,2001647,director
1000469,2001584,director
1000470,2000155,director
1000471,2000319,director
1000472,2001846,director
1000473,2001723,director
1000474,2000658,director
1000475,2001407,director
1000476,2000802,director
1000476,2001096,director
1000476,2000723,director
1000477,2000649,director
1000478,2000271,director
1000479,2001427,director
1000480,2001998,director
1000481,2001207,director
1000482,2000205,director
1000483,2001793,director
1000484,2002104,director
1000485,2001929,director
1000486,2001794,director
1000487,2000759,director
1000488,2001148,director
1000488,2000904,director
1000489,2000423,director
1000490,2001427,director
1000491,2000831,director
1000492,2001379,director
1000493,2000293,director
1000494,2002145,director
1000495,2000732,director
1000496,2001151,director
1000497,2000038,director
1000498,2001421,director
1000499,2000049,director
1000500,2000263,director
1000501,2000721,director
1000501,2001317,director
1000503,2000775,director
1000504,2000948,director
1000505,2000076,director
1000506,2001675,director
1000507,2002043,director
1000508,2002089,director
1000509,2001403,director
1000509,2000222,director
1000510,2000597,director
1000511,2000754,director
1000512,2000750,director
1000513,2000025,director
1000514,2001803,director
1000515,2001378,director
1000516,2001852,director
1000517,2002057,director
1000518,2001590,director
1000519,2000475,director
1000520,2001520,director
1000521,2000272,director
1000522,2000136,director
1000523,2000232,director
1000524,2001767,director
1000525,2000997,director
1000526,2000429,director
1000527,2000491,director
1000528,2001058,director
1000528,2001256,director
1000528,2000348,director
1000528,2001576,director
1000528,2001933,director
1000529,2000420,director
1000529,2001858,director
1000530,2000393,director
1000531,2000971,director
1000531,2001578,director
1000532,2001655,director
1000533,2001365,director
1000534,2002197,director
1000535,2001438,director
1000536,2000735,director
1000537,2001277,director
1000538,2001914,director
1000539,2001966,director
1000540,2001537,director
1000540,2000301,director
1000541,2000422,director
1000542,2000463,director
1000543,2001372,director
1000544,2002186,director
1000545,2002183,director
1000546,2002168,director
1000547,2001427,director
1000547,2000226,director
1000548,2000002,director
1000549,2000099,director
1000550,2000741,director
1000551,2000993,director
1000552,2000818,director
1000553,2000725,director
1000553,2001767,director
1000554,2000834,director
1000554,2001768,director
1000554,2000199,director
1000555,2001578,director
1000556,2000129,director
1000557,2000127,director
1000558,2001637,director
1000559,2000958,director
1000560,2001274,director
1000561,2001361,director
1000562,2001737,director
1000563,2001008,director
1000564,2000504,director
1000565,2000924,director
1000566,2000726,director
1000567,2000951,director
1000567,2000001,director
1000568,2002041,director
1000569,2000299,director
1000570,2000022,director
1000571,2000567,director
1000572,2002136,director
1000573,2001072,director
1000574,2000152,director
1000575,2001101,director
1000576,2001574,director
1000576,2000919,director
1000577,2001876,director
1000578,2001394,director
1000579,2001207,director
1000580,2000535,director
1000580,2002034,director
1000581,2000655,director
1000582,2002070,director
1000583,2002012,director
1000584,2001292,director
1000585,2001553,director
1000586,2000714,director
1000586,2000490,director
1000587,2000120,director
1000588,2001503,director
1000589,2000971,director
1000590,2000786,director
1000591,2000453,director
1000591,2002086,director
1000592,2002063,director
1000592,2001734,director
1000592,2000310,director
1000592,2001572,director
1000593,2001634,director
1000594,2000435,director
1000595,2000374,director
1000596,2000477,director
1000597,2000379,director
1000598,2001030,director
1000599,2000854,director
1000600,2001276,director
1000600,2000612,director
1000600,2001511,director
1000601,2001252,director
1000602,2000272,director
1000603,2000061,director
1000604,2000951,director
1000604,2000121,director
1000605,2000993,director
1000606,2001933,director
1000607,2000296,director
1000608,2000385,director
1000609,2000953,director
1000609,2000068,director
1000610,2000818,director
1000611,2000425,director
1000612,2000272,director
1000613,2001406,director
1000614,2001982,director
1000615,2002093,director
1000616,2001485,director
1000617,2001394,director
1000618,2000061,director
1000619,2001426,director
1000620,2001928,director
1000621,2001146,director
1000622,2001252,director
1000623,2001586,director
1000624,2000260,director
1000625,2000260,director
1000626,2001220,director
1000627,2000260,director
1000628,2001707,director
1000629,2001559,director
1000630,2001308,director
1000631,2000435,director
1000632,2002090,director
1000632,2000873,director
1000633,2000357,director
1000634,2000493,director
1000635,2001970,director
1000636,2001680,director
1000637,2001380,director
1000638,2002089,director
1000639,2000179,director
1000640,2002097,director
1000641,2001970,director
1000642,2001374,director
1000643,2001970,director
1000644,2001084,director
1000645,2000269,director
1000646,2000917,director
1000647,2001672,director
1000648,2000005,director
1000649,2002118,director
1000650,2000221,director
1000651,2001358,director
1000652,2000670,director
1000653,2001672,director
1000654,2001553,director
1000655,2002064,director
1000656,2002092,director
1000657,2000657,director
1000658,2001088,director
1000659,2001938,director
1000660,2002196,director
1000662,2000816,director
1000663,2002202,director
1000664,2002172,director
1000665,2002102,director
1000666,2001022,director
1000667,2000535,director
1000667,2000003,director
1000668,2000650,director
1000669,2000192,director
1000670,2001058,director
1000671,2000128,director
1000672,2000640,director
1000672,2001674,director
1000673,2001622,director
1000674,2001252,director
1000675,2001815,director
1000676,2002093,director
1000677,2001357,director
1000678,2001498,director
1000679,2002194,director
1000680,2000470,director
1000681,2001233,director
1000682,2000971,director
1000683,2001540,director
1000684,2001394,director
1000685,2000496,director
1000686,2001471,director
1000687,2000544,director
1000688,2001813,director
